site_u,site_v,ref_u,ref_v,lrt_u,lrt_v,similarity,shared_branches,branches_u,branches_v,cesi,p_hyper,fdr_q
221,329,K,E,3.4648232460021973,5.488650798797607,0.9015905857086182,17,25,17,4.935381481505517,0.0004634779384501298,0.00820742197902291
165,329,V,E,3.221543550491333,5.488650798797607,0.8932005763053894,13,14,17,4.304740085033362,2.955511491566045e-05,0.0012900408064770335
146,340,W,W,3.427405834197998,3.6901228427886963,0.9275556802749634,19,26,19,4.291711072431224,0.0003544243058736286,0.006534192171165736
35,329,I,E,2.5285756587982178,5.488650798797607,0.8978672027587891,17,25,17,4.198758549569974,0.0004634779384501298,0.00820742197902291
35,221,I,K,2.5285756587982178,3.4648232460021973,0.9425946474075317,24,25,25,3.9002462001231795,4.308762405994625e-06,0.00045780601851674874
31,329,Q,E,1.8645098209381104,5.488650798797607,0.9366908073425293,16,21,17,3.6870156924598407,0.00011592444247084666,0.0034016268205953365
27,221,K,K,2.8222668170928955,3.4648232460021973,0.8491281270980835,23,27,25,3.6648682311906566,0.007423578188480366,0.04861751398138116
273,346,C,G,5.610524654388428,2.1312055587768555,0.872844398021698,15,16,21,3.634301892908179,0.0003293074870189539,0.006493158334815672
329,332,E,L,5.488650798797607,5.340847969055176,0.7395333051681519,7,17,7,3.615985436596186,0.003615127919911012,0.03122155893255364
221,268,K,N,3.4648232460021973,3.3952903747558594,0.8342642784118652,17,25,18,3.5918704807901984,0.004634779384501298,0.03654867554132579
165,268,V,N,3.221543550491333,3.3952903747558594,0.9437621831893921,12,14,18,3.4769315564529624,0.0017010556305425003,0.019373800548887713
179,329,E,E,1.509535789489746,5.488650798797607,0.9583005309104919,17,19,17,3.46253564212657,7.327714441899285e-08,2.8176806014338734e-05
221,322,K,P,3.4648232460021973,2.234273672103882,0.9101594686508179,22,25,23,3.4483912388328704,7.340148346495267e-05,0.002500915505589558
268,322,N,P,3.3952903747558594,2.234273672103882,0.978150486946106,18,18,23,3.445079039732804,1.5267508560710154e-05,0.0009556987409219561
248,273,C,C,2.0473451614379883,5.610524654388428,0.8419256806373596,15,23,16,3.435902181242545,0.002558398220244717,0.02441970002204488
35,268,I,N,2.5285756587982178,3.3952903747558594,0.9308335185050964,17,25,18,3.4236271945710386,0.004634779384501298,0.03654867554132579
221,346,K,G,3.4648232460021973,2.1312055587768555,0.9513542056083679,20,25,21,3.418211611693485,0.0005289101179960304,0.00912596019938624
120,329,F,E,1.443375587463379,5.488650798797607,0.9475809335708618,17,22,17,3.3479333855329485,1.12846802405249e-05,0.0007722355246834798
146,148,W,D,3.427405834197998,2.0895473957061768,0.9271020293235779,21,26,23,3.3306246493630964,0.006864926170690747,0.04719911702604935
141,165,V,V,5.023773670196533,3.221543550491333,0.9103571772575378,7,7,14,3.3074240777022674,0.0006379637505725315,0.010180943458030008
165,332,V,L,3.221543550491333,5.340847969055176,0.8672188520431519,7,14,7,3.248604551677481,0.0006379637505725315,0.010180943458030008
27,268,K,N,2.8222668170928955,3.3952903747558594,0.8165006637573242,18,27,18,3.2320711133711884,0.0021265458352417717,0.02262431879562224
268,332,N,L,3.3952903747558594,5.340847969055176,0.8370941877365112,7,18,7,3.219207141653012,0.005915663868945292,0.0431608638280578
27,35,K,I,2.8222668170928955,2.5285756587982178,0.8730903267860413,23,27,25,3.219153962499073,0.007423578188480366,0.04861751398138116
165,221,V,K,3.221543550491333,3.4648232460021973,0.8031479120254517,14,14,25,3.1557973160437043,0.003202211211109987,0.02835291088558733
148,340,D,W,2.0895473957061768,3.6901228427886963,0.9041568040847778,17,23,19,3.15157971389476,0.0031956803856136445,0.02835291088558733
31,221,Q,K,1.8645098209381104,3.4648232460021973,0.93486487865448,20,21,25,3.141775976956989,0.0005289101179960304,0.00912596019938624
133,273,E,C,1.8076251745224,5.610524654388428,0.7943100929260254,16,24,16,3.1125017118034317,0.0003337041156840934,0.006493158334815672
35,322,I,P,2.5285756587982178,2.234273672103882,0.9668427109718323,21,25,23,3.0849723011661156,0.001665165082033498,0.019140876561290987
296,340,K,W,1.8195407390594482,3.6901228427886963,0.9119037985801697,19,25,19,3.0742390732434983,9.542192850443849e-05,0.003042100712870403
141,317,V,D,5.023773670196533,3.1900229454040527,0.8474220037460327,7,7,15,3.0636750496304157,0.0011961820323234966,0.015539033732707364
129,340,S,W,1.7161130905151367,3.6901228427886963,0.925363302230835,19,27,19,3.0296533924533953,0.0011961820323234968,0.015539033732707364
35,165,I,V,2.5285756587982178,3.221543550491333,0.9010109305381775,14,25,14,3.024412759869258,0.003202211211109987,0.02835291088558733
221,320,K,S,3.4648232460021973,1.657546043395996,0.9149623513221741,22,25,23,2.9858424092903593,7.340148346495267e-05,0.002500915505589558
250,273,E,C,1.3784350156784058,5.610524654388428,0.908329963684082,14,16,16,2.970841957996567,8.46158183448791e-06,0.0006445969446295354
252,273,Y,C,1.3161486387252808,5.610524654388428,0.8860348463058472,16,22,16,2.9625698535972,3.385404072157469e-05,0.0014464094342969398
27,322,K,P,2.8222668170928955,2.234273672103882,0.8579404354095459,22,27,23,2.933693043175123,0.0020365765883661583,0.022313916209701
150,165,G,V,2.149380683898926,3.221543550491333,0.9391766786575317,14,22,14,2.90654463162718,0.00022972384775354256,0.005082246893897257
28,105,Q,Q,2.2457828521728516,2.4545211791992188,0.9632644653320312,18,20,24,2.8920092775887234,0.004664223865296954,0.03656660767217863
268,320,N,S,3.3952903747558594,1.657546043395996,0.9492480158805847,18,18,23,2.8796375591117576,1.5267508560710154e-05,0.0009556987409219561
27,346,K,G,2.8222668170928955,2.1312055587768555,0.883764922618866,20,27,21,2.8658401009447148,0.007017601256297847,0.04736989147666311
120,221,F,K,1.443375587463379,3.4648232460021973,0.9423984289169312,21,22,25,2.8291374955444484,0.0002118157094274349,0.0050012043478394235
89,329,H,E,1.0292404890060425,5.488650798797607,0.9467630982398987,17,25,17,2.824688554311767,0.0004634779384501298,0.00820742197902291
119,340,E,W,2.026057004928589,3.6901228427886963,0.8938285708427429,13,14,19,2.8011322313803473,0.0003007294006955466,0.006242647870613746
35,346,I,G,2.5285756587982178,2.1312055587768555,0.9250100255012512,19,25,21,2.7937297709718156,0.0073992889703156026,0.04861751398138116
142,329,L,E,1.304652452468872,5.488650798797607,0.9012799859046936,13,14,17,2.76422303040267,2.955511491566045e-05,0.0012900408064770335
179,221,E,K,1.509535789489746,3.4648232460021973,0.9171448945999146,19,19,25,2.728899310752158,9.542192850443848e-05,0.003042100712870403
27,320,K,S,2.8222668170928955,1.657546043395996,0.924517810344696,22,27,23,2.722935992713892,0.0020365765883661583,0.022313916209701
112,273,E,C,2.1882593631744385,5.610524654388428,0.7769196629524231,9,10,16,2.722245247949722,0.0016314423433444563,0.019140876561290987
221,252,K,Y,3.4648232460021973,1.3161486387252808,0.9597557783126831,20,25,22,2.709924788597956,0.0036998542036819856,0.03133550576663676
31,35,Q,I,1.8645098209381104,2.5285756587982178,0.9261488318443298,21,21,25,2.699543801482267,1.363170407206264e-05,0.0008877097532296185
322,346,P,G,2.234273672103882,2.1312055587768555,0.9334824681282043,20,23,21,2.693335840452138,2.1265458352417724e-05,0.0010950957977980099
28,317,Q,D,2.2457828521728516,3.1900229454040527,0.8735636472702026,13,20,15,2.679837580158266,0.004101614881708705,0.03407463023425636
5,27,N,K,1.3978595733642578,2.8222668170928955,0.9361599087715149,26,26,27,2.661526927134808,1.4870949896795606e-06,0.00020703952014267495
300,334,P,Y,3.897759199142456,4.9847846031188965,1.0,3,3,3,2.6538139276899475,0.0001671122994652406,0.004203837522036452
28,150,Q,G,2.2457828521728516,2.149380683898926,0.9557718634605408,17,20,22,2.6359235441596116,0.0045223356063903535,0.03613167084162694
35,320,I,S,2.5285756587982178,1.657546043395996,0.9532855749130249,21,25,23,2.619890134458924,0.001665165082033498,0.019140876561290987
27,173,K,K,2.8222668170928955,1.3336832523345947,0.9635977149009705,24,27,24,2.6134228228875034,2.2306424845193408e-05,0.001105057572761777
320,322,S,P,1.657546043395996,2.234273672103882,0.9814878106117249,23,23,23,2.606942517953932,3.4953087364263173e-09,5.644923565251148e-06
119,146,E,W,2.026057004928589,3.427405834197998,0.8337380290031433,14,14,26,2.5839209881790457,0.006938124290738307,0.04719911702604935
10,329,D,E,0.9806357026100159,5.488650798797607,0.8985358476638794,16,24,17,2.564989838594056,0.003299962921764923,0.02909083069707816
89,221,H,K,1.0292404890060425,3.4648232460021973,0.9692365527153015,24,25,25,2.55868776355123,4.308762405994625e-06,0.00045780601851674874
133,248,E,C,1.8076251745224,2.0473451614379883,0.9683080315589905,22,24,23,2.536609257514873,9.730939522210869e-06,0.0006892748729114828
273,349,C,D,5.610524654388428,1.0166199207305908,0.9197598695755005,13,16,16,2.517611061819749,0.0002157973336221224,0.005016149971558298
273,318,C,A,5.610524654388428,0.9498473405838013,0.9011040329933167,15,16,24,2.5048016472892844,0.006266221727845755,0.04469941837290243
31,165,Q,V,1.8645098209381104,3.221543550491333,0.8777109980583191,13,21,14,2.465465997310682,0.001983978685144231,0.021856246512296822
118,148,C,D,1.9488698244094849,2.0895473957061768,0.9531552791595459,18,18,23,2.4596202282584327,1.5267508560710154e-05,0.0009556987409219561
10,221,D,K,0.9806357026100159,3.4648232460021973,0.9741125702857971,22,24,25,2.445084404433902,0.0006522246102171509,0.010266498052428855
35,120,I,F,2.5285756587982178,1.443375587463379,0.9366160035133362,22,25,22,2.4365736518291805,4.194370483711581e-06,0.00045780601851674874
43,148,R,D,2.157576322555542,2.0895473957061768,0.943612813949585,15,15,23,2.4125303771849973,0.000264182424916574,0.005599141944449742
142,165,L,V,1.304652452468872,3.221543550491333,0.9984946846961975,14,14,14,2.4074994712302233,7.184033766567926e-10,1.9337024643554615e-06
2,317,E,D,1.5262149572372437,3.1900229454040527,0.9270002245903015,14,15,15,2.4056122007150713,1.5409752429288197e-07,5.154060628543588e-05
271,317,Q,D,1.362567663192749,3.1900229454040527,0.9486086964607239,15,22,15,2.381402514493975,9.188953910141703e-05,0.0029799518996291422
320,346,S,G,1.657546043395996,2.1312055587768555,0.9554761052131653,20,23,21,2.374481507569544,2.1265458352417724e-05,0.0010950957977980099
173,221,K,K,1.3336832523345947,3.4648232460021973,0.807397186756134,22,24,25,2.363439220023418,0.0006522246102171509,0.010266498052428855
114,329,C,E,0.9583873152732849,5.488650798797607,0.8961066007614136,13,14,17,2.355570687093023,2.955511491566045e-05,0.0012900408064770335
165,179,V,E,3.221543550491333,1.509535789489746,0.9010025262832642,14,14,19,2.336795681350992,8.353594463765183e-06,0.0006424311760340407
31,322,Q,P,1.8645098209381104,2.234273672103882,0.8924952745437622,18,21,23,2.3293959532657187,0.006529040982355121,0.045885123485525835
35,179,I,E,2.5285756587982178,1.509535789489746,0.9036163687705994,19,25,19,2.2968417958040686,9.542192850443849e-05,0.003042100712870403
2,146,E,W,1.5262149572372437,3.427405834197998,0.8215868473052979,15,15,26,2.2626316629347203,0.004162874574442984,0.03419655330416615
35,252,I,Y,2.5285756587982178,1.3161486387252808,0.9366174936294556,20,25,22,2.2592079173342583,0.0036998542036819856,0.03133550576663676
5,322,N,P,1.3978595733642578,2.234273672103882,0.9465471506118774,21,26,23,2.245595297395205,0.006864926170690747,0.04719911702604935
120,165,F,V,1.443375587463379,3.221543550491333,0.8846996426582336,14,22,14,2.2436678001402646,0.00022972384775354256,0.005082246893897257
139,340,S,W,1.3527185916900635,3.6901228427886963,0.8509128093719482,14,15,19,2.235888926709328,9.606633633329962e-05,0.003042100712870403
88,332,S,L,1.764112114906311,5.340847969055176,0.8571428060531616,6,7,7,2.223455684637197,3.531850600488957e-05,0.0014854007072055233
129,296,S,K,1.7161130905151367,1.8195407390594482,0.9115191698074341,23,27,25,2.223131799822423,0.007423578188480366,0.04861751398138116
119,148,E,D,2.026057004928589,2.0895473957061768,0.9092293977737427,14,14,23,2.200221655150627,0.0005870720553701644,0.009754334967233694
142,268,L,N,1.304652452468872,3.3952903747558594,0.9366602301597595,12,14,18,2.195993577163068,0.0017010556305425003,0.019373800548887713
27,250,K,E,2.8222668170928955,1.3784350156784058,0.9047083258628845,16,27,16,2.19565630953704,0.005915663868945291,0.0431608638280578
141,327,V,E,5.023773670196533,1.4943398237228394,0.9404705762863159,6,7,6,2.177669783687401,5.204832463878462e-06,0.0004944591000821674
31,120,Q,F,1.8645098209381104,1.443375587463379,0.987517237663269,21,21,22,2.174733186062955,2.3707311429674153e-08,1.3674038694994855e-05
35,89,I,H,2.5285756587982178,1.0292404890060425,0.9480644464492798,25,25,25,2.1641259251662013,1.906532038050719e-08,1.2829371576206228e-05
227,273,G,C,1.1807538270950317,5.610524654388428,0.8312730193138123,9,9,16,2.1395631201899006,0.00021810726515300225,0.005016149971558298
5,165,N,V,1.3978595733642578,3.221543550491333,0.8557427525520325,14,26,14,2.1357382604442896,0.006938124290738307,0.04719911702604935
43,118,R,C,2.157576322555542,1.9488698244094849,0.9062156677246094,13,15,18,2.129801859485097,0.0005807946466649373,0.009754334967233694
27,143,K,R,2.8222668170928955,1.0835164785385132,0.9519295692443848,18,27,18,2.1286706984342105,0.0021265458352417717,0.02262431879562224
292,317,M,D,1.127050757408142,3.1900229454040527,0.9316540956497192,15,21,15,2.127125442585397,2.9237580623178146e-05,0.0012900408064770335
108,329,R,E,0.6386466026306152,5.488650798797607,0.9606277346611023,14,14,17,2.11523803400173,4.88514296126619e-07,0.00011612414929069408
31,179,Q,E,1.8645098209381104,1.509535789489746,0.9836323261260986,18,21,19,2.110200430798557,9.429044318620402e-06,0.0006738011845010456
141,142,V,L,5.023773670196533,1.304652452468872,0.9073730707168579,7,7,14,2.097873819907304,0.0006379637505725315,0.010180943458030008
326,340,Q,W,1.6754475831985474,3.6901228427886963,0.8083727955818176,10,11,19,2.0932063670956245,0.0051075268817204296,0.039056134317599404
260,340,R,W,1.011434555053711,3.6901228427886963,0.9196661114692688,14,17,19,2.089587257475887,0.0024478962864608747,0.023930947645567358
330,340,A,W,0.9612270593643188,3.6901228427886963,0.9001514911651611,16,20,19,2.085991820438785,0.0010075607357611517,0.01356008852114125
28,351,Q,Q,2.2457828521728516,1.2952549457550049,0.9383515119552612,19,20,21,2.0821613369337815,1.9763276891828363e-06,0.00026162042475140777
88,329,S,E,1.764112114906311,5.488650798797607,0.7395333051681519,7,7,17,2.0781871545714767,0.003615127919911012,0.03122155893255364
143,221,R,K,1.0835164785385132,3.4648232460021973,0.8511178493499756,17,18,25,2.070074699251736,0.0046347793845012975,0.03654867554132579
10,35,D,I,0.9806357026100159,2.5285756587982178,0.9653047919273376,22,24,25,2.0698868440984914,0.0006522246102171509,0.010266498052428855
35,173,I,K,2.5285756587982178,1.3336832523345947,0.8255058526992798,22,25,24,2.0643094334023306,0.0006522246102171508,0.010266498052428855
173,268,K,N,1.3336832523345947,3.3952903747558594,0.7723144888877869,17,24,18,2.0629894579995276,0.001631442343344457,0.019140876561290987
143,268,R,N,1.0835164785385132,3.3952903747558594,0.8926423788070679,15,18,18,2.0615956375412887,0.0002157973336221224,0.005016149971558298
142,332,L,L,1.304652452468872,5.340847969055176,0.864654541015625,7,14,7,2.0612286915057996,0.0006379637505725315,0.010180943458030008
10,27,D,K,0.9806357026100159,2.8222668170928955,0.8973045945167542,23,24,27,2.0603373572583594,0.0009591762683433165,0.013422379312419136
221,319,K,Q,3.4648232460021973,0.6627963781356812,0.9681060910224915,24,25,25,2.0508887015608286,4.308762405994625e-06,0.00045780601851674874
119,296,E,K,2.026057004928589,1.8195407390594482,0.9072108864784241,14,14,25,2.048594476536361,0.003202211211109987,0.02835291088558733
114,165,C,V,0.9583873152732849,3.221543550491333,0.9885931015014648,14,14,14,2.042965956296184,7.184033766567926e-10,1.9337024643554615e-06
10,268,D,N,0.9806357026100159,3.3952903747558594,0.8882913589477539,17,24,18,2.0346315066115266,0.001631442343344457,0.019140876561290987
142,221,L,K,1.304652452468872,3.4648232460021973,0.8090481162071228,14,14,25,2.023034704255193,0.003202211211109987,0.02835291088558733
119,133,E,E,2.026057004928589,1.8076251745224,0.8954485058784485,14,14,24,2.0154018789729142,0.0014089729328883947,0.017186489603883134
273,319,C,Q,5.610524654388428,0.6627963781356812,0.8359755277633667,16,16,25,1.9835765020401235,0.0009269558769002596,0.013131875166436657
293,329,K,E,0.5404300689697266,5.488650798797607,0.926145613193512,16,20,17,1.9626615600839525,2.955511491566045e-05,0.0012900408064770335
119,228,E,K,2.026057004928589,1.776157021522522,0.9581890106201172,11,14,12,1.9616073675552772,1.3442045580625248e-05,0.0008877097532296185
173,346,K,G,1.3336832523345947,2.1312055587768555,0.8792473673820496,20,24,21,1.9599887832116867,0.00011668738685685619,0.0034016268205953365
222,268,C,N,1.6185617446899414,3.3952903747558594,0.7727091908454895,11,11,18,1.9548505660026085,0.00011123470522803116,0.003326741543450798
273,335,C,P,5.610524654388428,1.2189085483551025,0.7824670076370239,8,16,9,1.952594642138079,0.004634779384501297,0.03654867554132579
123,271,E,Q,1.9294933080673218,1.362567663192749,0.9241703748703003,19,21,22,1.9495753697138658,0.00011253860735666321,0.0033287517571840572
148,228,D,K,2.0895473957061768,1.776157021522522,0.9061944484710693,12,23,12,1.9446940931857666,0.0024657026325546902,0.023930947645567358
5,320,N,S,1.3978595733642578,1.657546043395996,0.9507003426551819,21,26,23,1.9426631610830145,0.006864926170690747,0.04719911702604935
4,27,S,K,1.1491907835006714,2.8222668170928955,0.87488853931427,16,16,27,1.9387036114418277,0.005915663868945292,0.0431608638280578
89,268,H,N,1.0292404890060425,3.3952903747558594,0.8260012865066528,17,25,18,1.938276063213946,0.004634779384501298,0.03654867554132579
35,142,I,L,2.5285756587982178,1.304652452468872,0.9053820371627808,14,25,14,1.9340081058969913,0.003202211211109987,0.02835291088558733
148,317,D,D,2.0895473957061768,3.1900229454040527,0.6218947172164917,15,23,15,1.933346283767238,0.00026418242491657394,0.005599141944449742
2,28,E,Q,1.5262149572372437,2.2457828521728516,0.8843089938163757,14,15,20,1.9254701827180976,0.0003007294006955466,0.006242647870613746
225,329,K,E,0.5576305985450745,5.488650798797607,0.9057561755180359,15,22,17,1.9080386430185288,0.005218358562654156,0.039790601120440326
288,317,C,D,0.9240397214889526,3.1900229454040527,0.9201365113258362,15,24,15,1.9022353644660428,0.0007044864664441971,0.010679015563323107
56,334,H,Y,2.9685845375061035,4.9847846031188965,0.818725049495697,3,5,3,1.8961633806132763,0.0016711229946524066,0.019140876561290987
31,320,Q,S,1.8645098209381104,1.657546043395996,0.8431602716445923,18,21,23,1.8954491720096296,0.006529040982355121,0.045885123485525835
173,322,K,P,1.3336832523345947,2.234273672103882,0.8116817474365234,21,24,23,1.880916836227037,0.00032808365923591993,0.006493158334815672
53,340,G,W,0.9704639911651611,3.6901228427886963,0.8664936423301697,13,15,19,1.8793542106978407,0.0016310393190501523,0.019140876561290987
120,179,F,E,1.443375587463379,1.509535789489746,0.9780400395393372,19,22,19,1.8782583528381303,8.297559000385954e-07,0.00015582043760713172
202,268,K,N,0.6637406945228577,3.3952903747558594,0.9765450358390808,18,21,18,1.8746354707003399,6.034588363917058e-07,0.00013535916802235684
88,165,S,V,1.764112114906311,3.221543550491333,0.8672187328338623,7,7,14,1.867044942498931,0.0006379637505725315,0.010180943458030008
133,180,E,R,1.8076251745224,1.159852385520935,0.9707645177841187,20,24,20,1.8585443759886198,7.633754280355079e-06,0.0006226522099946078
119,326,E,Q,2.026057004928589,1.6754475831985474,0.9341408014297485,11,14,11,1.8573681076251363,1.27229238005918e-06,0.00019025483060920156
141,164,V,Q,5.023773670196533,1.0841795206069946,0.9404705762863159,6,7,6,1.8548890593549958,5.204832463878462e-06,0.0004944591000821674
180,248,R,C,1.159852385520935,2.0473451614379883,0.9394242167472839,18,20,23,1.8511666360397054,0.001400793910445157,0.017186489603883134
88,268,S,N,1.764112114906311,3.3952903747558594,0.8370941877365112,7,7,18,1.8501498545817205,0.005915663868945291,0.0431608638280578
142,150,L,G,1.304652452468872,2.149380683898926,0.9388565421104431,14,14,22,1.8490316598632743,0.00022972384775354253,0.005082246893897257
109,273,R,C,0.7582150101661682,5.610524654388428,0.8034054040908813,12,14,16,1.8458473450523278,0.00020737431870574975,0.004954283024653167
114,268,C,N,0.9583873152732849,3.3952903747558594,0.9170562624931335,12,14,18,1.8427570300744152,0.0017010556305425003,0.019373800548887713
114,141,C,V,0.9583873152732849,5.023773670196533,0.9261284470558167,7,14,7,1.835218643736753,0.0006379637505725315,0.010180943458030008
10,322,D,P,0.9806357026100159,2.234273672103882,0.9334915280342102,20,24,23,1.8269888867744604,0.004785021735227846,0.036939819090524205
89,322,H,P,1.0292404890060425,2.234273672103882,0.8967968821525574,21,25,23,1.8256183235377952,0.001665165082033498,0.019140876561290987
31,89,Q,H,1.8645098209381104,1.0292404890060425,0.9769147634506226,21,21,25,1.8167146688253795,1.363170407206264e-05,0.0008877097532296185
30,141,K,V,0.9433043599128723,5.023773670196533,0.9207804799079895,7,11,7,1.8102063521959564,6.134266832428189e-05,0.0021821235181940183
89,165,H,V,1.0292404890060425,3.221543550491333,0.8449155688285828,14,25,14,1.80944242820267,0.003202211211109987,0.02835291088558733
27,89,K,H,2.8222668170928955,1.0292404890060425,0.7654813528060913,23,27,25,1.8006845657212245,0.007423578188480366,0.04861751398138116
173,320,K,S,1.3336832523345947,1.657546043395996,0.8993247747421265,21,24,23,1.7950022118775075,0.00032808365923591993,0.006493158334815672
143,322,R,P,1.0835164785385132,2.234273672103882,0.9174886345863342,17,18,23,1.791944909229083,0.0005190952910641452,0.009033824103269203
130,248,R,C,1.1329787969589233,2.0473451614379883,0.874160647392273,21,25,23,1.7872567964697754,0.001665165082033498,0.019140876561290987
10,346,D,G,0.9806357026100159,2.1312055587768555,0.9500874876976013,19,24,21,1.7869706875536329,0.0021778010425527274,0.022939504318249725
89,346,H,G,1.0292404890060425,2.1312055587768555,0.9206464290618896,19,25,21,1.7739904756373008,0.0073992889703156026,0.04861751398138116
268,319,N,Q,3.3952903747558594,0.6627963781356812,0.9172677993774414,18,18,25,1.7595902303221052,0.00021810726515300225,0.005016149971558298
35,319,I,Q,2.5285756587982178,0.6627963781356812,0.9731247425079346,23,25,25,1.7387699065156133,0.00021021422251547227,0.004992587655578973
114,221,C,K,0.9583873152732849,3.4648232460021973,0.8094848394393921,14,14,25,1.7348455337425035,0.003202211211109987,0.02835291088558733
20,332,L,L,0.6873137354850769,5.340847969055176,0.9999999403953552,7,7,7,1.7302689746341378,1.858868737099451e-07,5.3608447179799774e-05
250,346,E,G,1.3784350156784058,2.1312055587768555,0.8553605079650879,14,16,21,1.7242333292509144,0.004444551917589594,0.0360338939433304
6,273,T,C,0.5262300372123718,5.610524654388428,0.8980705142021179,12,14,16,1.7189494222580775,0.00020737431870574975,0.004954283024653167
139,317,S,D,1.3527185916900635,3.1900229454040527,0.7667708992958069,11,15,15,1.7189397101676829,0.0030980477503183886,0.028299475133490678
114,332,C,L,0.9583873152732849,5.340847969055176,0.8410062193870544,7,14,7,1.71832722424239,0.0006379637505725315,0.010180943458030008
248,250,C,E,2.0473451614379883,1.3784350156784058,0.8425894975662231,15,23,16,1.7044116217695975,0.002558398220244717,0.02441970002204488
43,250,R,E,2.157576322555542,1.3784350156784058,0.8565394282341003,13,15,16,1.6929991004397427,4.733703529466937e-05,0.0018377238203671508
249,273,K,C,0.5435806512832642,5.610524654388428,0.8693257570266724,12,14,16,1.6911393146891966,0.00020737431870574975,0.004954283024653167
146,199,W,A,3.427405834197998,0.8022074103355408,0.8652293682098389,14,26,14,1.687323576787342,0.006938124290738307,0.04719911702604935
127,329,Q,E,0.48263826966285706,5.488650798797607,0.8790487051010132,14,20,17,1.6826649125856006,0.006679993336664999,0.04634101758310988
112,179,E,E,2.1882593631744385,1.509535789489746,0.8873949646949768,10,10,19,1.6795873215786523,0.0007044864664441972,0.010679015563323107
123,292,E,M,1.9294933080673218,1.127050757408142,0.8901302218437195,18,21,21,1.6785481052838664,0.00042784584937132956,0.007728982391057252
56,300,H,P,2.9685845375061035,3.897759199142456,0.818725049495697,3,5,3,1.6767181260190702,0.0016711229946524066,0.019140876561290987
123,288,E,C,1.9294933080673218,0.9240397214889526,0.9354134798049927,21,21,24,1.676717371307067,2.181072651530022e-06,0.0002689604366940495
139,248,S,C,1.3527185916900635,2.0473451614379883,0.8344758152961731,15,15,23,1.6721790609924112,0.000264182424916574,0.005599141944449742
139,148,S,D,1.3527185916900635,2.0895473957061768,0.825075089931488,15,15,23,1.6702946181107228,0.000264182424916574,0.005599141944449742
221,293,K,K,3.4648232460021973,0.5404300689697266,0.9348335862159729,19,25,20,1.6643011419879898,0.001183231913455037,0.015539033732707364
35,114,I,C,2.5285756587982178,0.9583873152732849,0.9079352617263794,14,25,14,1.6622808833244858,0.003202211211109987,0.02835291088558733
27,202,K,K,2.8222668170928955,0.6637406945228577,0.9026398062705994,21,27,21,1.658448617217893,0.00031898187528626575,0.006423388266537636
27,319,K,Q,2.8222668170928955,0.6627963781356812,0.8782663941383362,23,27,25,1.657909895519446,0.007423578188480366,0.04861751398138116
128,329,N,E,0.3591219186782837,5.488650798797607,0.9388755559921265,17,24,17,1.6546258511473884,0.00014831294030404152,0.004144038179861929
7,317,P,D,0.7239372134208679,3.1900229454040527,0.9031097888946533,15,20,15,1.6525616406308274,8.353594463765183e-06,0.0006424311760340407
148,326,D,Q,2.0895473957061768,1.6754475831985474,0.8149667382240295,11,23,11,1.6456058001424254,0.004725930045729823,0.036658869604924545
141,338,V,K,5.023773670196533,0.7150042057037354,0.9614165425300598,7,7,9,1.6455532798313317,6.6919274535580225e-06,0.0005688138298864942
30,317,K,D,0.9433043599128723,3.1900229454040527,0.9101493954658508,10,11,15,1.6441825403336057,0.00020420292699949838,0.004954283024653167
89,120,H,F,1.0292404890060425,1.443375587463379,0.9838847517967224,22,25,22,1.6329867249407704,4.194370483711581e-06,0.00045780601851674874
133,318,E,A,1.8076251745224,0.9498473405838013,0.9281317591667175,21,24,24,1.63260082267394,0.0019487884141420751,0.021645758505827367
319,322,Q,P,0.6627963781356812,2.234273672103882,0.9704340100288391,23,25,23,1.6299332381984595,1.0485926209278953e-06,0.0001815558250727724
224,268,E,N,0.7658334374427795,3.3952903747558594,0.9052171111106873,12,13,18,1.6260035302087845,0.0003293074870189538,0.006493158334815672
28,270,Q,Q,2.2457828521728516,0.71842360496521,0.9836430549621582,19,20,20,1.6255450757092729,2.0187134884055874e-07,5.6210727830207045e-05
119,180,E,R,2.026057004928589,1.159852385520935,0.8968166708946228,14,14,20,1.6168580201508373,2.7845314879217283e-05,0.0012900408064770335
53,119,G,E,0.9704639911651611,2.026057004928589,0.9802160859107971,14,15,14,1.6165099812074395,1.0776050649851889e-08,1.087707574565222e-05
112,123,E,E,2.1882593631744385,1.9294933080673218,0.755118191242218,10,10,21,1.6158479502784555,0.00268985741733239,0.02540420973673463
105,270,Q,Q,2.4545211791992188,0.71842360496521,0.9500733613967896,18,24,20,1.6133095312709045,0.004664223865296954,0.03656660767217863
5,173,N,K,1.3978595733642578,1.3336832523345947,0.8560345768928528,23,26,24,1.6132251676521727,0.00016110195721528574,0.004203837522036452
143,320,R,S,1.0835164785385132,1.657546043395996,0.9580196142196655,17,18,23,1.6116212235199339,0.0005190952910641452,0.009033824103269203
264,340,E,W,1.5531234741210938,3.6901228427886963,0.7036810517311096,8,8,19,1.6075260526965172,0.004162874574442984,0.03419655330416615
112,120,E,F,2.1882593631744385,1.443375587463379,0.8684706091880798,10,10,22,1.6073435949068062,0.00493140526510938,0.037852753690327076
133,139,E,S,1.8076251745224,1.3527185916900635,0.8530517816543579,15,24,15,1.606212783557277,0.0007044864664441971,0.010679015563323107
165,327,V,E,3.221543550491333,1.4943398237228394,0.8649446368217468,6,14,6,1.6038069575950291,0.0022328731270038604,0.022939504318249725
118,226,C,L,1.9488698244094849,1.677716851234436,0.9289140105247498,8,18,8,1.6028209920532217,0.002410085279940675,0.023930947645567358
146,149,W,E,3.427405834197998,0.4384576976299286,0.9709663391113281,21,26,21,1.5978649514988035,7.088486117472574e-05,0.00244613352967859
27,117,K,T,2.8222668170928955,0.8182608485221863,0.8535094857215881,16,27,16,1.595941113159243,0.005915663868945291,0.0431608638280578
10,320,D,S,0.9806357026100159,1.657546043395996,0.939190685749054,20,24,23,1.5832296635009593,0.004785021735227846,0.036939819090524205
31,142,Q,L,1.8645098209381104,1.304652452468872,0.8841832876205444,13,21,14,1.5805389141476405,0.001983978685144231,0.021856246512296822
222,322,C,P,1.6185617446899414,2.234273672103882,0.7696123123168945,11,11,23,1.5794257574841182,0.004725930045729822,0.036658869604924545
141,143,V,R,5.023773670196533,1.0835164785385132,0.7481125593185425,7,7,18,1.5762705655443083,0.005915663868945291,0.0431608638280578
119,260,E,R,2.026057004928589,1.011434555053711,0.95819491147995,13,14,17,1.5721056189314986,2.955511491566045e-05,0.0012900408064770335
89,179,H,E,1.0292404890060425,1.509535789489746,0.9691853523254395,19,25,19,1.571716779331762,9.542192850443849e-05,0.003042100712870403
114,150,C,G,0.9583873152732849,2.149380683898926,0.9306283593177795,14,14,22,1.5708854035519124,0.00022972384775354253,0.005082246893897257
296,330,K,A,1.8195407390594482,0.9612270593643188,0.9124001860618591,19,25,20,1.5698803755992938,0.001183231913455037,0.015539033732707364
250,281,E,D,1.3784350156784058,1.4173599481582642,0.9298871159553528,15,16,22,1.5650680317011383,0.0009624220147990521,0.013422379312419136
108,221,R,K,0.6386466026306152,3.4648232460021973,0.8940479755401611,14,14,25,1.564129444703566,0.003202211211109987,0.02835291088558733
268,337,N,F,3.3952903747558594,0.49986395239830017,0.9744874835014343,16,18,17,1.562083430699889,1.0567335563581075e-06,0.0001815558250727724
224,332,E,L,0.7658334374427795,5.340847969055176,0.8547139167785645,7,13,7,1.5610760917147966,0.0003189818752862658,0.006423388266537636
248,260,C,R,2.0473451614379883,1.011434555053711,0.880430281162262,16,23,17,1.5589169807193408,0.0011988629341243356,0.015539033732707364
4,43,S,R,1.1491907835006714,2.157576322555542,0.8868446946144104,12,16,15,1.5555709681997192,0.0008475234523500711,0.01228680764471266
130,281,R,D,1.1329787969589233,1.4173599481582642,0.9129794239997864,21,25,22,1.5531065108476452,0.0002118157094274349,0.0050012043478394235
2,271,E,Q,1.5262149572372437,1.362567663192749,0.8911924362182617,15,15,22,1.5474910546097769,9.188953910141702e-05,0.0029799518996291422
53,148,G,D,0.9704639911651611,2.0895473957061768,0.9005534648895264,15,15,23,1.5441699304218557,0.000264182424916574,0.005599141944449742
4,296,S,K,1.1491907835006714,1.8195407390594482,0.8658646941184998,16,16,25,1.5406024368039895,0.0009269558769002596,0.013131875166436657
323,329,R,E,0.6590502858161926,5.488650798797607,0.8096129894256592,9,10,17,1.5398185390403811,0.003299962921764924,0.02909083069707816
161,329,V,E,0.4433652460575104,5.488650798797607,0.8843207359313965,12,13,17,1.5366909682186016,0.00011592444247084667,0.0034016268205953365
202,322,K,P,0.6637406945228577,2.234273672103882,0.9688137769699097,19,21,23,1.5349527887495131,0.0005460860651268295,0.009263959873351268
317,347,D,S,3.1900229454040527,1.1408506631851196,0.7702340483665466,10,15,13,1.5302012016045534,0.0033966887523979947,0.02968426566652639
117,118,T,C,0.8182608485221863,1.9488698244094849,0.9823468327522278,16,16,18,1.5263908033552287,6.94204526074669e-08,2.802850733729656e-05
89,320,H,S,1.0292404890060425,1.657546043395996,0.8702896237373352,21,25,23,1.525964107046239,0.001665165082033498,0.019140876561290987
23,268,T,N,1.0820523500442505,3.3952903747558594,0.7372720241546631,11,12,18,1.5250523151199842,0.0009624220147990521,0.013422379312419136
5,10,N,D,1.3978595733642578,0.9806357026100159,0.956350564956665,22,26,24,1.5247303917977635,0.0033533992017274095,0.02946539579812636
112,252,E,Y,2.1882593631744385,1.3161486387252808,0.8617212176322937,10,10,22,1.5229413426153495,0.00493140526510938,0.037852753690327076
226,228,L,K,1.677716851234436,1.776157021522522,0.9233357906341553,8,8,12,1.5209622725984915,2.7263408144125277e-05,0.0012900408064770335
221,224,K,E,3.4648232460021973,0.7658334374427795,0.8138494491577148,13,25,13,1.519444754991118,0.005603869619442478,0.04174469167287582
319,346,Q,G,0.6627963781356812,2.1312055587768555,0.9519312977790833,21,25,21,1.51878962025267,1.363170407206264e-05,0.0008877097532296185
133,250,E,E,1.8076251745224,1.3784350156784058,0.7986025810241699,15,24,16,1.5179162560199961,0.006266221727845755,0.04469941837290243
133,260,E,R,1.8076251745224,1.011434555053711,0.9116556644439697,16,24,17,1.5167622411949284,0.003299962921764923,0.02909083069707816
270,317,Q,D,0.71842360496521,3.1900229454040527,0.8741015195846558,13,20,15,1.516638971397194,0.004101614881708705,0.03407463023425636
116,248,R,C,1.125261902809143,2.0473451614379883,0.8233640789985657,15,16,23,1.5048181500003777,0.002558398220244717,0.02441970002204488
117,148,T,D,0.8182608485221863,2.0895473957061768,0.9347901940345764,16,16,23,1.5040065825685351,0.00011123470522803115,0.003326741543450798
101,123,G,E,1.7942181825637817,1.9294933080673218,0.7487266063690186,11,11,21,1.503408221672512,0.0012328513162773453,0.015579458874109579
173,250,K,E,1.3336832523345947,1.3784350156784058,0.9007646441459656,16,24,16,1.5027765808552858,0.0003337041156840934,0.006493158334815672
142,179,L,E,1.304652452468872,1.509535789489746,0.9072141051292419,14,14,19,1.4973383250294428,8.353594463765183e-06,0.0006424311760340407
2,292,E,M,1.5262149572372437,1.127050757408142,0.9472960233688354,15,15,21,1.4960119690586056,2.9237580623178153e-05,0.0012900408064770335
182,340,G,W,0.6535075306892395,3.6901228427886963,0.8925399780273438,11,12,19,1.495780191629352,0.0021594041688833,0.02291351922392434
199,340,A,W,0.8022074103355408,3.6901228427886963,0.7735865712165833,12,14,19,1.4826402123234892,0.004101614881708706,0.03407463023425636
105,225,Q,K,2.4545211791992188,0.5576305985450745,0.9567834734916687,20,24,22,1.4800413386234048,0.000909423408278345,0.013090185265437785
222,320,C,S,1.6185617446899414,1.657546043395996,0.8350602984428406,11,11,23,1.4760792059886518,0.004725930045729822,0.036658869604924545
43,226,R,L,2.157576322555542,1.677716851234436,0.8129046559333801,8,15,8,1.4758451336074159,0.0003544243058736286,0.006534192171165736
53,296,G,K,0.9704639911651611,1.8195407390594482,0.9219821095466614,15,15,25,1.475240621231883,0.0017612161661104931,0.019752528961463317
89,252,H,Y,1.0292404890060425,1.3161486387252808,0.9565665125846863,20,25,22,1.4720737354359104,0.0036998542036819856,0.03133550576663676
257,329,Q,E,0.4531088173389435,5.488650798797607,0.83634352684021,12,16,17,1.469203191640393,0.007459590161702603,0.04873478232843735
271,288,Q,C,1.362567663192749,0.9240397214889526,0.9568741917610168,22,22,24,1.4620745439499607,5.033244580453898e-07,0.00011612414929069408
198,332,R,L,0.4868848919868469,5.340847969055176,1.0,7,7,7,1.4562947511199251,1.858868737099451e-07,5.3608447179799774e-05
257,268,Q,N,0.4531088173389435,3.3952903747558594,0.975050687789917,15,16,18,1.4562524684930527,5.99329907511131e-06,0.0005562745962212004
150,270,G,Q,2.149380683898926,0.71842360496521,0.9327962398529053,17,22,20,1.4550294064350506,0.0045223356063903535,0.03613167084162694
312,340,V,W,1.2697361707687378,3.6901228427886963,0.703700065612793,8,8,19,1.4535283564979191,0.004162874574442984,0.03419655330416615
128,221,N,K,0.3591219186782837,3.4648232460021973,0.9427677989006042,23,24,25,1.4514824842223257,2.0781199214752828e-05,0.0010950957977980099
271,292,Q,M,1.362567663192749,1.127050757408142,0.899461567401886,19,22,21,1.4501759465447324,0.00011253860735666323,0.0033287517571840572
165,338,V,K,3.221543550491333,0.7150042057037354,0.9522368907928467,9,14,9,1.4452111518296629,3.816877140177539e-05,0.0015258060854405515
165,225,V,K,3.221543550491333,0.5576305985450745,0.9402450323104858,13,14,22,1.444373411575252,0.004517902339153004,0.03613167084162694
143,173,R,K,1.0835164785385132,1.3336832523345947,0.935797393321991,18,18,24,1.4385097503121749,6.107003424284063e-05,0.0021821235181940183
22,331,D,W,2.334412097930908,1.813126564025879,1.0,4,4,4,1.438008197556987,2.156287735035363e-05,0.0010950957977980099
116,133,R,E,1.125261902809143,1.8076251745224,0.8350444436073303,15,16,24,1.4340369858064035,0.006266221727845755,0.04469941837290243
150,202,G,K,2.149380683898926,0.6637406945228577,0.9381059408187866,18,22,21,1.4328299454659317,0.0018467284384373276,0.020568733344432606
120,142,F,L,1.443375587463379,1.304652452468872,0.8875646591186523,14,22,14,1.432445537360304,0.00022972384775354256,0.005082246893897257
53,118,G,C,0.9704639911651611,1.9488698244094849,0.9287066459655762,12,15,18,1.4227309785544175,0.0061820995660527515,0.0445320740563132
149,340,E,W,0.4384576976299286,3.6901228427886963,0.8873187303543091,17,21,19,1.4167783995940166,0.0002609582305621382,0.005599141944449742
143,332,R,L,1.0835164785385132,5.340847969055176,0.6519435048103333,7,18,7,1.416328055778288,0.005915663868945292,0.0431608638280578
250,252,E,Y,1.3784350156784058,1.3161486387252808,0.853624701499939,16,16,22,1.414738530050581,3.385404072157469e-05,0.0014464094342969398
43,117,R,T,2.157576322555542,0.8182608485221863,0.9285992383956909,13,15,16,1.4141335595334938,4.733703529466937e-05,0.0018377238203671508
226,343,L,S,1.677716851234436,2.502164363861084,0.8867262005805969,5,8,5,1.413744118676837,0.0002012535219366338,0.004954283024653167
119,226,E,L,2.026057004928589,1.677716851234436,0.8478459715843201,7,14,8,1.4116698901920182,0.003945923938726399,0.03291666869714871
35,293,I,K,2.5285756587982178,0.5404300689697266,0.9125665426254272,20,25,20,1.410508674670032,3.8168771401775395e-05,0.0015258060854405515
119,139,E,S,2.026057004928589,1.3527185916900635,0.7894076108932495,11,14,15,1.4103446601150396,0.0010075607357611517,0.01356008852114125
91,123,R,E,0.9634885787963867,1.9294933080673218,0.858797013759613,15,15,21,1.40995487373196,2.9237580623178153e-05,0.0012900408064770335
264,326,E,Q,1.5531234741210938,1.6754475831985474,0.9147851467132568,8,8,11,1.4081414367843752,9.087802714708429e-06,0.0006656770513099479
122,273,V,C,0.5090951919555664,5.610524654388428,0.7980120182037354,10,12,16,1.4045111460630886,0.002381067530750753,0.023930947645567358
2,148,E,D,1.5262149572372437,2.0895473957061768,0.6520443558692932,15,15,23,1.4021060703244912,0.000264182424916574,0.005599141944449742
268,350,N,I,3.3952903747558594,0.44588515162467957,0.9683122038841248,14,18,15,1.401220214167247,2.6819434857351376e-05,0.0012900408064770335
319,320,Q,S,0.6627963781356812,1.657546043395996,0.9684559106826782,23,25,23,1.401032720905357,1.0485926209278953e-06,0.0001815558250727724
148,292,D,M,2.0895473957061768,1.127050757408142,0.7129101157188416,18,23,21,1.3990057439213703,0.0065290409823551224,0.045885123485525835
27,167,K,D,2.8222668170928955,0.5880493521690369,0.8809579610824585,16,27,16,1.3964477710965268,0.005915663868945291,0.0431608638280578
317,327,D,E,3.1900229454040527,1.4943398237228394,0.7554646134376526,6,15,6,1.393935920386455,0.0037214552116731007,0.03133550576663676
228,326,K,Q,1.776157021522522,1.6754475831985474,0.8459730744361877,8,12,11,1.3925840007456198,0.0028472225717530958,0.02612650293899192
53,228,G,K,0.9704639911651611,1.776157021522522,0.9487745761871338,12,15,12,1.3875752220575743,8.297559000385956e-07,0.00015582043760713172
123,349,E,D,1.9294933080673218,1.0166199207305908,0.8409201502799988,14,21,16,1.3851497486366324,0.004444551917589592,0.0360338939433304
297,329,K,E,0.41751718521118164,5.488650798797607,0.8472296595573425,11,11,17,1.384093786403343,4.3257940922012115e-05,0.001703940806470289
108,332,R,L,0.6386466026306152,5.340847969055176,0.8258935809135437,7,14,7,1.3774965780752682,0.0006379637505725315,0.010180943458030008
30,150,K,G,0.9433043599128723,2.149380683898926,0.8920528292655945,11,11,22,1.3707793589506412,0.0024657026325546902,0.023930947645567358
4,173,S,K,1.1491907835006714,1.3336832523345947,0.8996901512145996,16,16,24,1.3704997863683692,0.0003337041156840934,0.006493158334815672
31,319,Q,Q,1.8645098209381104,0.6627963781356812,0.931480884552002,20,21,25,1.369146240443968,0.0005289101179960304,0.00912596019938624
31,114,Q,C,1.8645098209381104,0.9583873152732849,0.8934425711631775,13,21,14,1.3688398633624883,0.001983978685144231,0.021856246512296822
7,123,P,E,0.7239372134208679,1.9294933080673218,0.9213974475860596,17,20,21,1.3669641044028886,0.0013062017378407567,0.016429250109889996
224,322,E,P,0.7658334374427795,2.234273672103882,0.9116290807723999,13,13,23,1.3667423535247174,0.0012328513162773451,0.015579458874109579
164,165,Q,V,1.0841795206069946,3.221543550491333,0.864944577217102,6,6,14,1.3660858024669724,0.0022328731270038604,0.022939504318249725
5,142,N,L,1.3978595733642578,1.304652452468872,0.8600703477859497,14,26,14,1.366010970621539,0.006938124290738307,0.04719911702604935
10,173,D,K,0.9806357026100159,1.3336832523345947,0.8633641004562378,23,24,24,1.3627611556431025,1.8378968846808927e-06,0.0002515426674216218
147,273,L,C,0.4429302215576172,5.610524654388428,0.7754175066947937,12,16,16,1.3616581894051465,0.0027427018085339166,0.025574270105925036
248,347,C,S,2.0473451614379883,1.1408506631851196,0.7738175392150879,13,23,13,1.355444182646688,0.0012328513162773453,0.015579458874109579
43,143,R,R,2.157576322555542,1.0835164785385132,0.7926731705665588,12,15,18,1.3500756647043946,0.0061820995660527515,0.0445320740563132
23,222,T,C,1.0820523500442505,1.6185617446899414,0.9451636672019958,11,12,11,1.349864513295452,4.194370483711581e-08,2.1168462921439257e-05
228,260,K,R,1.776157021522522,1.011434555053711,0.930694580078125,11,12,17,1.346204836083495,0.00039496380841837144,0.007264994816143376
264,312,E,V,1.5531234741210938,1.2697361707687378,1.0000001192092896,8,8,8,1.3400424274387084,5.50775922103541e-08,2.3407976712519485e-05
38,133,S,E,1.1261614561080933,1.8076251745224,0.7982999682426453,14,14,24,1.3395584069568056,0.0014089729328883947,0.017186489603883134
202,320,K,S,0.6637406945228577,1.657546043395996,0.9703307151794434,19,21,23,1.3241558747078563,0.0005460860651268295,0.009263959873351268
108,165,R,V,0.6386466026306152,3.221543550491333,0.884655773639679,10,14,14,1.3214512483594174,0.003794876755170801,0.03185408589722523
26,141,R,V,0.8379672765731812,5.023773670196533,0.8276032209396362,5,6,7,1.3213405232379103,0.00042679626203803397,0.007728982391057252
91,112,R,E,0.9634885787963867,2.1882593631744385,0.9096472859382629,9,15,10,1.3208263100655193,0.0007481079194747976,0.011222967032153974
180,228,R,K,1.159852385520935,1.776157021522522,0.8515914678573608,11,20,12,1.3190696553720915,0.004517902339153004,0.03613167084162694
112,349,E,D,2.1882593631744385,1.0166199207305908,0.8487147688865662,10,10,16,1.3182718788317194,6.107003424284062e-05,0.0021821235181940183
105,127,Q,Q,2.4545211791992188,0.48263826966285706,0.9415945410728455,18,24,20,1.310524279250204,0.004664223865296954,0.03656660767217863
118,222,C,C,1.9488698244094849,1.6185617446899414,0.7085157632827759,10,18,11,1.3104489016719687,0.002558398220244717,0.02441970002204488
165,257,V,Q,3.221543550491333,0.4531088173389435,0.9729858636856079,12,14,16,1.3094921422564734,0.00020737431870574975,0.004954283024653167
114,142,C,L,0.9583873152732849,1.304652452468872,0.9939398765563965,14,14,14,1.307130904841908,7.184033766567926e-10,1.9337024643554615e-06
119,343,E,S,2.026057004928589,2.502164363861084,0.7420889735221863,5,14,5,1.30018079182941,0.0071948134092346605,0.04766047393583782
31,293,Q,K,1.8645098209381104,0.5404300689697266,0.9783759713172913,20,21,20,1.2985580186725119,1.5086470909792644e-08,1.1074841020011016e-05
133,349,E,D,1.8076251745224,1.0166199207305908,0.7784675359725952,16,24,16,1.2984869650467827,0.0003337041156840934,0.006493158334815672
101,116,G,R,1.7942181825637817,1.125261902809143,0.8466147780418396,11,11,16,1.2982091599001213,1.5267508560710157e-05,0.0009556987409219561
10,89,D,H,0.9806357026100159,1.0292404890060425,0.9487751722335815,22,24,25,1.2979737467330827,0.0006522246102171509,0.010266498052428855
144,334,S,Y,0.9314062595367432,4.9847846031188965,0.9999999403953552,3,3,3,1.2972763975601156,0.0001671122994652406,0.004203837522036452
20,329,L,E,0.6873137354850769,5.488650798797607,0.7395333051681519,7,7,17,1.2971765122920973,0.003615127919911012,0.03122155893255364
150,224,G,E,2.149380683898926,0.7658334374427795,0.8814563155174255,13,22,13,1.2961574571371457,0.0005360223114249326,0.009150909250439685
228,343,K,S,1.776157021522522,2.502164363861084,0.7897982597351074,5,12,5,1.295623414219641,0.002846299810246679,0.02612650293899192
35,108,I,R,2.5285756587982178,0.6386466026306152,0.8666484355926514,14,25,14,1.2952459982821718,0.003202211211109987,0.02835291088558733
167,268,D,N,0.5880493521690369,3.3952903747558594,0.7991259694099426,13,16,18,1.2941771551713015,0.0023496277791031943,0.023930947645567358
288,292,C,M,0.9240397214889526,1.127050757408142,0.9439083933830261,21,24,21,1.293112133934798,2.181072651530022e-06,0.0002689604366940495
114,179,C,E,0.9583873152732849,1.509535789489746,0.9107010960578918,14,14,19,1.288276595913736,8.353594463765183e-06,0.0006424311760340407
119,264,E,E,2.026057004928589,1.5531234741210938,0.7602649331092834,8,14,8,1.2869229355188037,0.00016539800940769338,0.004203837522036452
27,337,K,F,2.8222668170928955,0.49986395239830017,0.8578597903251648,17,27,17,1.279025704479369,0.003615127919911012,0.03122155893255364
53,326,G,Q,0.9704639911651611,1.6754475831985474,0.9288920164108276,11,15,11,1.2782469211293934,4.771096425221925e-06,0.00048158254571717407
35,128,I,N,2.5285756587982178,0.3591219186782837,0.9701996445655823,23,25,24,1.2760438665203666,2.078119921475283e-05,0.0010950957977980099
224,346,E,G,0.7658334374427795,2.1312055587768555,0.8713464736938477,13,13,21,1.2758624219023633,0.0002192818546738361,0.005016149971558298
221,257,K,Q,3.4648232460021973,0.4531088173389435,0.8261373043060303,16,25,16,1.2736720603203644,0.0009269558769002594,0.013131875166436657
312,326,V,Q,1.2697361707687378,1.6754475831985474,0.914800226688385,8,8,11,1.2732309631426024,9.087802714708429e-06,0.0006656770513099479
17,146,D,W,0.4995957314968109,3.427405834197998,0.8246288299560547,14,14,26,1.2690877784104315,0.006938124290738307,0.04719911702604935
180,326,R,Q,1.159852385520935,1.6754475831985474,0.8430670499801636,11,20,11,1.2683037840060025,0.0005870720553701644,0.009754334967233694
139,326,S,Q,1.3527185916900635,1.6754475831985474,0.8409112095832825,9,15,11,1.2659579894964959,0.003195680385613644,0.02835291088558733
133,347,E,S,1.8076251745224,1.1408506631851196,0.7682438492774963,13,24,13,1.264447546415862,0.002689857417332389,0.02540420973673463
4,268,S,N,1.1491907835006714,3.3952903747558594,0.5582103133201599,13,16,18,1.2637626634390668,0.0023496277791031943,0.023930947645567358
139,330,S,A,1.3527185916900635,0.9612270593643188,0.9151058793067932,15,15,20,1.2564865173491666,8.353594463765183e-06,0.0006424311760340407
221,350,K,I,3.4648232460021973,0.44588515162467957,0.8392154574394226,15,25,15,1.2560163288947879,0.0017612161661104927,0.019752528961463317
105,347,Q,S,2.4545211791992188,1.1408506631851196,0.6543814539909363,13,24,13,1.2550525484913149,0.002689857417332389,0.02540420973673463
28,225,Q,K,2.2457828521728516,0.5576305985450745,0.8890920877456665,17,20,22,1.248941051527471,0.0045223356063903535,0.03613167084162694
2,288,E,C,1.5262149572372437,0.9240397214889526,0.8728266358375549,15,15,24,1.2481044386951692,0.0007044864664441973,0.010679015563323107
322,337,P,F,2.234273672103882,0.49986395239830017,0.9596930146217346,16,23,17,1.2479294017037552,0.0011988629341243356,0.015539033732707364
329,333,E,S,5.488650798797607,0.38361021876335144,0.7961404919624329,11,17,14,1.2467000778678454,0.006679993336664998,0.04634101758310988
4,346,S,G,1.1491907835006714,2.1312055587768555,0.674155056476593,14,16,21,1.2408222022295847,0.004444551917589594,0.0360338939433304
268,333,N,S,3.3952903747558594,0.38361021876335144,0.9446149468421936,13,18,14,1.2355817761616361,0.00010068279643169616,0.0031512153912818443
16,268,E,N,0.5960665345191956,3.3952903747558594,0.8039016723632812,11,11,18,1.234193209557643,0.00011123470522803116,0.003326741543450798
165,297,V,K,3.221543550491333,0.41751718521118164,0.9835950136184692,11,14,11,1.2310618964391224,1.27229238005918e-06,0.00019025483060920156
180,260,R,R,1.159852385520935,1.011434555053711,0.9235351085662842,16,20,17,1.2307993362965965,2.955511491566045e-05,0.0012900408064770335
31,225,Q,K,1.8645098209381104,0.5576305985450745,0.942539632320404,18,21,22,1.228972390246683,0.0018467284384373276,0.020568733344432606
23,118,T,C,1.0820523500442505,1.9488698244094849,0.7841587066650391,11,12,18,1.2288925470956908,0.0009624220147990521,0.013422379312419136
257,332,Q,L,0.4531088173389435,5.340847969055176,0.8741912245750427,7,16,7,1.228128569211761,0.002126545835241772,0.02262431879562224
165,337,V,F,3.221543550491333,0.49986395239830017,0.8963074088096619,11,14,17,1.227465483773877,0.006679993336664999,0.04634101758310988
114,120,C,F,0.9583873152732849,1.443375587463379,0.8853175044059753,14,14,22,1.2246169877745785,0.00022972384775354253,0.005082246893897257
56,101,H,G,2.9685845375061035,1.7942181825637817,0.6816258430480957,5,5,11,1.2241155215165025,0.0016603415559772294,0.019140876561290987
7,271,P,Q,0.7239372134208679,1.362567663192749,0.9306066036224365,20,20,22,1.2220785185543144,1.6595118000771908e-07,5.154060628543588e-05
161,332,V,L,0.4433652460575104,5.340847969055176,0.8773916363716125,7,13,7,1.2192996488271797,0.0003189818752862658,0.006423388266537636
299,332,R,L,0.44116654992103577,5.340847969055176,0.8794816136360168,7,11,7,1.21916977533344,6.134266832428189e-05,0.0021821235181940183
10,250,D,E,0.9806357026100159,1.3784350156784058,0.8700342178344727,15,24,16,1.2180162878365899,0.006266221727845755,0.04469941837290243
165,350,V,I,3.221543550491333,0.44588515162467957,0.9405251741409302,11,14,15,1.216489381579232,0.0010075607357611517,0.01356008852114125
125,273,E,C,0.5659806728363037,5.610524654388428,0.7558157444000244,7,7,16,1.2163246259746192,0.0021265458352417717,0.02262431879562224
268,297,N,K,3.3952903747558594,0.41751718521118164,0.945712685585022,11,18,11,1.215148187150533,0.00011123470522803115,0.003326741543450798
17,340,D,W,0.4995957314968109,3.6901228427886963,0.8017574548721313,12,14,19,1.212651153945375,0.004101614881708706,0.03407463023425636
161,221,V,K,0.4433652460575104,3.4648232460021973,0.8525258302688599,13,13,25,1.2110499280587141,0.005603869619442478,0.04174469167287582
116,180,R,R,1.125261902809143,1.159852385520935,0.8777462244033813,15,16,20,1.2074437323706306,0.00010068279643169617,0.0031512153912818443
43,109,R,R,2.157576322555542,0.7582150101661682,0.8742175698280334,11,15,14,1.2066829957310057,0.0010075607357611517,0.01356008852114125
121,340,G,W,0.3133310377597809,3.6901228427886963,0.9112427830696106,16,18,19,1.205646007116159,4.733703529466937e-05,0.0018377238203671508
120,319,F,Q,1.443375587463379,0.6627963781356812,0.9311660528182983,20,22,25,1.2042325618495449,0.003699854203681986,0.03133550576663676
5,202,N,K,1.3978595733642578,0.6637406945228577,0.9449570775032043,20,26,21,1.203501311269735,0.0020556609740670466,0.022431706775269292
148,199,D,A,2.0895473957061768,0.8022074103355408,0.7893679738044739,14,23,14,1.2019598819363,0.0005870720553701643,0.009754334967233694
180,318,R,A,1.159852385520935,0.9498473405838013,0.8949052095413208,18,20,24,1.2011359664222732,0.004664223865296954,0.03656660767217863
199,296,A,K,0.8022074103355408,1.8195407390594482,0.8452752828598022,14,14,25,1.2010564464131601,0.003202211211109987,0.02835291088558733
22,226,D,L,2.334412097930908,1.677716851234436,0.8673124313354492,4,4,8,1.1997263734528734,0.0015094014145247542,0.018137523845022468
4,226,S,L,1.1491907835006714,1.677716851234436,0.9047048687934875,8,16,8,1.1987292084520118,0.0007088486117472573,0.010679015563323107
332,350,L,I,5.340847969055176,0.44588515162467957,0.8598642945289612,7,7,15,1.1983330999906412,0.0011961820323234966,0.015539033732707364
133,199,E,A,1.8076251745224,0.8022074103355408,0.8440127968788147,14,24,14,1.195329337974484,0.0014089729328883942,0.017186489603883134
30,123,K,E,0.9433043599128723,1.9294933080673218,0.8189936876296997,11,11,21,1.192401471339289,0.0012328513162773453,0.015579458874109579
133,191,E,P,1.8076251745224,0.5050026178359985,0.9426087141036987,20,24,21,1.1907921033275313,0.00011668738685685619,0.0034016268205953365
191,248,P,C,0.5050026178359985,2.0473451614379883,0.8996753692626953,19,21,23,1.1901877835261134,0.0005460860651268295,0.009263959873351268
128,165,N,V,0.3591219186782837,3.221543550491333,0.9394487738609314,14,24,14,1.1884121571431894,0.0014089729328883942,0.017186489603883134
257,322,Q,P,0.4531088173389435,2.234273672103882,0.9593151807785034,16,16,23,1.1876660651905802,0.00011123470522803115,0.003326741543450798
164,317,Q,D,1.0841795206069946,3.1900229454040527,0.7554645538330078,6,6,15,1.187322478153806,0.003721455211673101,0.03133550576663676
88,142,S,L,1.764112114906311,1.304652452468872,0.8646544814109802,7,7,14,1.1846338347159082,0.0006379637505725315,0.010180943458030008
252,319,Y,Q,1.3161486387252808,0.6627963781356812,0.9587192535400391,20,22,25,1.1839612057989324,0.003699854203681986,0.03133550576663676
143,222,R,C,1.0835164785385132,1.6185617446899414,0.8574921488761902,10,18,11,1.182570582244159,0.002558398220244717,0.02441970002204488
332,337,L,F,5.340847969055176,0.49986395239830017,0.8010326027870178,7,7,17,1.181985739679557,0.003615127919911012,0.03122155893255364
177,273,E,C,1.0330119132995605,5.610524654388428,0.5792067050933838,6,6,16,1.1784063601680836,0.005954328338676961,0.0431608638280578
31,108,Q,R,1.8645098209381104,0.6386466026306152,0.9411193132400513,13,21,14,1.177037942178685,0.001983978685144231,0.021856246512296822
26,165,R,V,0.8379672765731812,3.221543550491333,0.8465338349342346,6,6,14,1.1754304809487166,0.0022328731270038604,0.022939504318249725
119,182,E,G,2.026057004928589,0.6535075306892395,0.9461722373962402,11,14,12,1.1749400800848966,1.3442045580625248e-05,0.0008877097532296185
38,116,S,R,1.1261614561080933,1.125261902809143,0.9362170100212097,12,14,16,1.1739964155730491,0.00020737431870574975,0.004954283024653167
5,114,N,C,1.3978595733642578,0.9583873152732849,0.8604706525802612,14,26,14,1.1713303222710765,0.006938124290738307,0.04719911702604935
224,320,E,S,0.7658334374427795,1.657546043395996,0.9053254723548889,13,13,23,1.169062792863716,0.0012328513162773451,0.015579458874109579
10,143,D,R,0.9806357026100159,1.0835164785385132,0.9029998183250427,17,24,18,1.168415447253598,0.001631442343344457,0.019140876561290987
20,165,L,V,0.6873137354850769,3.221543550491333,0.8672186732292175,7,7,14,1.1653842990115655,0.0006379637505725315,0.010180943458030008
119,312,E,V,2.026057004928589,1.2697361707687378,0.7602950930595398,8,14,8,1.163653079168983,0.00016539800940769338,0.004203837522036452
313,340,A,W,0.3507564961910248,3.6901228427886963,0.8921663165092468,13,13,19,1.1633281363202403,2.923758062317815e-05,0.0012900408064770335
89,142,H,L,1.0292404890060425,1.304652452468872,0.852778434753418,14,25,14,1.1622059117964767,0.003202211211109987,0.02835291088558733
297,332,K,L,0.41751718521118164,5.340847969055176,0.8602940440177917,7,11,7,1.1601662544733522,6.134266832428189e-05,0.0021821235181940183
260,326,R,Q,1.011434555053711,1.6754475831985474,0.8554390668869019,10,17,11,1.1596793371143934,0.0011988629341243356,0.015539033732707364
141,223,V,K,5.023773670196533,0.4237605333328247,0.9404703974723816,6,7,6,1.159651544029337,5.204832463878462e-06,0.0004944591000821674
120,293,F,K,1.443375587463379,0.5404300689697266,0.9918778538703918,20,22,20,1.1583001543492903,1.6595118000771908e-07,5.154060628543588e-05
179,319,E,Q,1.509535789489746,0.6627963781356812,0.9043490290641785,18,19,25,1.1567372378624328,0.0024264433248271495,0.023930947645567358
322,350,P,I,2.234273672103882,0.44588515162467957,0.9616352319717407,15,23,15,1.1557391345610097,0.00026418242491657394,0.005599141944449742
20,268,L,N,0.6873137354850769,3.3952903747558594,0.8370941877365112,7,7,18,1.1548386921287277,0.005915663868945291,0.0431608638280578
150,257,G,Q,2.149380683898926,0.4531088173389435,0.949995219707489,16,22,16,1.1535673019921995,3.385404072157469e-05,0.0014464094342969398
30,271,K,Q,0.9433043599128723,1.362567663192749,0.9420597553253174,11,11,22,1.1525978379766209,0.0024657026325546902,0.023930947645567358
116,326,R,Q,1.125261902809143,1.6754475831985474,0.8392464518547058,9,16,11,1.152342937018212,0.006637004078605859,0.046321356048454936
177,343,E,S,1.0330119132995605,2.502164363861084,0.9201213717460632,5,6,5,1.1511176690604032,2.1562877350353627e-05,0.0010950957977980099
139,347,S,S,1.3527185916900635,1.1408506631851196,0.8890306353569031,10,15,13,1.1501364800267497,0.0033966887523979947,0.02968426566652639
167,332,D,L,0.5880493521690369,5.340847969055176,0.7182524800300598,7,16,7,1.1495295956711393,0.002126545835241772,0.02262431879562224
228,281,K,D,1.776157021522522,1.4173599481582642,0.6503601670265198,12,12,22,1.149470411737413,0.0011792490851348521,0.015539033732707364
89,173,H,K,1.0292404890060425,1.3336832523345947,0.71994948387146,22,25,24,1.1486219728964084,0.0006522246102171508,0.010266498052428855
144,300,S,P,0.9314062595367432,3.897759199142456,1.0,3,3,3,1.147141117761861,0.0001671122994652406,0.004203837522036452
165,176,V,Q,3.221543550491333,0.3186635971069336,0.9573927521705627,14,14,21,1.1408522101039562,8.353594463765187e-05,0.002753276588622129
101,335,G,P,1.7942181825637817,1.2189085483551025,0.7697566747665405,9,11,9,1.1383522011053218,1.0485926209278953e-06,0.0001815558250727724
141,286,V,V,5.023773670196533,0.5379092693328857,0.8184204697608948,6,7,9,1.1369807829786431,0.00039705436224444276,0.007286849941010587
149,317,E,D,0.4384576976299286,3.1900229454040527,0.8167151212692261,14,21,15,1.1359844111398496,0.0008437130408402836,0.01227564497238344
4,250,S,E,1.1491907835006714,1.3784350156784058,0.8088934421539307,12,16,16,1.1340798553388611,0.0027427018085339166,0.025574270105925036
128,322,N,P,0.3591219186782837,2.234273672103882,0.9575225710868835,20,24,23,1.1340746711414562,0.004785021735227846,0.036939819090524205
332,338,L,K,5.340847969055176,0.7150042057037354,0.7438613772392273,5,7,9,1.1311375910237078,0.007423578188480367,0.04861751398138116
250,349,E,D,1.3784350156784058,1.0166199207305908,0.857265830039978,12,16,16,1.1304492645129989,0.0027427018085339166,0.025574270105925036
222,252,C,Y,1.6185617446899414,1.3161486387252808,0.7155515551567078,11,11,22,1.1270739828105323,0.0024657026325546902,0.023930947645567358
38,264,S,E,1.1261614561080933,1.5531234741210938,0.8921025395393372,8,14,8,1.1258404717693908,0.00016539800940769338,0.004203837522036452
222,343,C,S,1.6185617446899414,2.502164363861084,0.7177305221557617,5,11,5,1.123952578630967,0.0016603415559772294,0.019140876561290987
119,191,E,P,2.026057004928589,0.5050026178359985,0.9431308507919312,14,14,21,1.1219812996274443,8.353594463765187e-05,0.002753276588622129
148,182,D,G,2.0895473957061768,0.6535075306892395,0.8611013293266296,12,23,12,1.1209049246535143,0.0024657026325546902,0.023930947645567358
332,333,L,S,5.340847969055176,0.38361021876335144,0.8667432069778442,7,7,14,1.1203962982768023,0.0006379637505725315,0.010180943458030008
270,351,Q,Q,0.71842360496521,1.2952549457550049,0.9080772995948792,18,20,21,1.1201536933557186,7.650349398355851e-05,0.002574023771254967
22,185,D,K,2.334412097930908,1.0994116067886353,1.0,4,4,4,1.1197664732966637,2.156287735035363e-05,0.0010950957977980099
108,179,R,E,0.6386466026306152,1.509535789489746,0.9674009680747986,14,14,19,1.117119287283541,8.353594463765183e-06,0.0006424311760340407
323,332,R,L,0.6590502858161926,5.340847969055176,0.7044626474380493,6,10,7,1.1169389840850152,0.0009591762683433167,0.013422379312419136
57,268,P,N,0.3337557911872864,3.3952903747558594,0.8357759714126587,17,25,18,1.1168137790542476,0.004634779384501298,0.03654867554132579
165,333,V,S,3.221543550491333,0.38361021876335144,0.9299392104148865,11,14,14,1.1156450340265511,0.00031073173090873915,0.006352300588793086
101,349,G,D,1.7942181825637817,1.0166199207305908,0.7905413508415222,10,11,16,1.1118752134739796,0.0005190952910641453,0.009033824103269203
105,176,Q,Q,2.4545211791992188,0.3186635971069336,0.963822603225708,19,24,21,1.1090063567132749,0.0021778010425527274,0.022939504318249725
150,350,G,I,2.149380683898926,0.44588515162467957,0.9405972957611084,15,22,15,1.1087705072248313,9.188953910141703e-05,0.0029799518996291422
139,264,S,E,1.3527185916900635,1.5531234741210938,0.8467456698417664,7,15,8,1.1083852375143777,0.007088486117472572,0.04736989147666311
176,317,Q,D,0.3186635971069336,3.1900229454040527,0.9128243923187256,15,21,15,1.1082050654130065,2.9237580623178146e-05,0.0012900408064770335
141,217,V,H,5.023773670196533,0.701019287109375,0.8446133136749268,4,7,4,1.1078895803868074,0.0007547007072623771,0.011222967032153974
148,149,D,E,2.0895473957061768,0.4384576976299286,0.873232364654541,20,23,21,1.1051552133107165,2.1265458352417724e-05,0.0010950957977980099
53,260,G,R,0.9704639911651611,1.011434555053711,0.9475070238113403,14,15,17,1.1040330298436944,6.301834420033385e-06,0.0005654145701959756
179,293,E,K,1.509535789489746,0.5404300689697266,0.9716581106185913,17,19,20,1.101648267858366,5.73393655078619e-05,0.0021636232852691806
2,7,E,P,1.5262149572372437,0.7239372134208679,0.8900995850563049,14,15,20,1.1003679297876439,0.0003007294006955466,0.006242647870613746
268,299,N,R,3.3952903747558594,0.44116654992103577,0.8632379174232483,10,18,11,1.1002332872998897,0.002558398220244717,0.02441970002204488
179,225,E,K,1.509535789489746,0.5576305985450745,0.9550025463104248,17,19,22,1.099860363235348,0.0009845883509857973,0.013553576282982645
116,264,R,E,1.125261902809143,1.5531234741210938,0.8699619174003601,8,16,8,1.097460254778047,0.0007088486117472573,0.010679015563323107
53,180,G,R,0.9704639911651611,1.159852385520935,0.877515971660614,14,15,20,1.0949319405358982,0.0003007294006955466,0.006242647870613746
33,268,I,N,0.27103298902511597,3.3952903747558594,0.9696440696716309,14,15,18,1.0939636871746234,2.6819434857351383e-05,0.0012900408064770335
141,297,V,K,5.023773670196533,0.41751718521118164,0.8933171629905701,6,7,11,1.0933645360904103,0.0020365765883661583,0.022313916209701
199,326,A,Q,0.8022074103355408,1.6754475831985474,0.8734304308891296,11,14,11,1.0927767992769162,1.27229238005918e-06,0.00019025483060920156
198,329,R,E,0.4868848919868469,5.488650798797607,0.7395334243774414,7,7,17,1.0917791197397169,0.003615127919911012,0.03122155893255364
120,225,F,K,1.443375587463379,0.5576305985450745,0.9462874531745911,18,22,22,1.0856077313480978,0.007249396758342476,0.04798268757142188
2,270,E,Q,1.5262149572372437,0.71842360496521,0.8790844678878784,14,15,20,1.0826043764106972,0.0003007294006955466,0.006242647870613746
182,228,G,K,0.6535075306892395,1.776157021522522,0.9304823875427246,11,12,12,1.0818536719117218,4.832644252972038e-07,0.00011612414929069408
164,327,Q,E,1.0841795206069946,1.4943398237228394,1.0,6,6,6,1.0756782303655905,7.435474948397804e-07,0.0001539524636958352
89,319,H,Q,1.0292404890060425,0.6627963781356812,0.9405783414840698,23,25,25,1.0722326535199742,0.00021021422251547227,0.004992587655578973
2,38,E,S,1.5262149572372437,1.1261614561080933,0.7573203444480896,11,15,14,1.071475378008769,0.0010075607357611517,0.01356008852114125
119,199,E,A,2.026057004928589,0.8022074103355408,0.7778953313827515,11,14,14,1.0702487260767886,0.00031073173090873915,0.006352300588793086
43,249,R,K,2.157576322555542,0.5435806512832642,0.8869075775146484,12,15,14,1.0699329196444307,5.73393655078619e-05,0.0021636232852691806
173,319,K,Q,1.3336832523345947,0.6627963781356812,0.8352773785591125,22,24,25,1.069393271120611,0.0006522246102171509,0.010266498052428855
4,143,S,R,1.1491907835006714,1.0835164785385132,0.7932734489440918,15,16,18,1.0658755736360712,5.99329907511131e-06,0.0005562745962212004
7,292,P,M,0.7239372134208679,1.127050757408142,0.9227664470672607,18,20,21,1.0658616901744402,7.650349398355851e-05,0.002574023771254967
227,346,G,G,1.1807538270950317,2.1312055587768555,0.6716670393943787,9,9,21,1.0654826638603965,0.005603869619442478,0.04174469167287582
167,346,D,G,0.5880493521690369,2.1312055587768555,0.8082504272460938,14,16,21,1.0641590018494078,0.004444551917589594,0.0360338939433304
182,248,G,C,0.6535075306892395,2.0473451614379883,0.8255457878112793,12,12,23,1.063714558934181,0.0024657026325546902,0.023930947645567358
24,317,H,D,0.30901575088500977,3.1900229454040527,0.8896738290786743,15,25,15,1.0636231732412469,0.0017612161661104927,0.019752528961463317
31,128,Q,N,1.8645098209381104,0.3591219186782837,0.966864287853241,21,21,24,1.0620821124591702,2.181072651530022e-06,0.0002689604366940495
254,340,S,W,0.2962685227394104,3.6901228427886963,0.8858979940414429,13,15,19,1.0616467199069552,0.0016310393190501523,0.019140876561290987
147,248,L,C,0.4429302215576172,2.0473451614379883,0.9051100611686707,16,16,23,1.060542732995713,0.00011123470522803115,0.003326741543450798
109,281,R,D,0.7582150101661682,1.4173599481582642,0.8694971203804016,14,14,22,1.060096589424774,0.00022972384775354253,0.005082246893897257
320,337,S,F,1.657546043395996,0.49986395239830017,0.9462591409683228,16,23,17,1.0598206755644033,0.0011988629341243356,0.015539033732707364
129,167,S,D,1.7161130905151367,0.5880493521690369,0.8573001623153687,16,27,16,1.0596838994857765,0.005915663868945291,0.0431608638280578
38,347,S,S,1.1261614561080933,1.1408506631851196,0.8959943056106567,10,14,13,1.0576318029409222,0.001306201737840757,0.016429250109889996
226,331,L,W,1.677716851234436,1.813126564025879,0.8673123717308044,4,8,4,1.0573224994017565,0.0015094014145247542,0.018137523845022468
16,222,E,C,0.5960665345191956,1.6185617446899414,0.995999276638031,11,11,11,1.0557605212235999,3.495308736426318e-09,5.644923565251148e-06
108,120,R,F,0.6386466026306152,1.443375587463379,0.9348154664039612,14,14,22,1.0555696438493856,0.00022972384775354253,0.005082246893897257
109,173,R,K,0.7582150101661682,1.3336832523345947,0.8925309181213379,14,14,24,1.055569490879472,0.0014089729328883947,0.017186489603883134
318,349,A,D,0.9498473405838013,1.0166199207305908,0.8901762962341309,15,24,16,1.0532998021324202,0.006266221727845755,0.04469941837290243
274,332,I,L,0.2807292342185974,5.340847969055176,0.9434303641319275,7,9,7,1.0432533914476196,6.691927453558023e-06,0.0005688138298864942
139,260,S,R,1.3527185916900635,1.011434555053711,0.7960680723190308,12,15,17,1.0372559510971604,0.002447896286460875,0.023930947645567358
177,226,E,L,1.0330119132995605,1.677716851234436,0.9316527843475342,6,6,8,1.0365092426509044,2.081932985551385e-05,0.0010950957977980099
27,257,K,Q,2.8222668170928955,0.4531088173389435,0.743332028388977,16,27,16,1.0343004826147586,0.005915663868945291,0.0431608638280578
225,351,K,Q,0.5576305985450745,1.2952549457550049,0.950715959072113,18,22,21,1.0332099545908826,0.0018467284384373276,0.020568733344432606
28,176,Q,Q,2.2457828521728516,0.3186635971069336,0.9375056624412537,19,20,21,1.0318375224003613,1.9763276891828363e-06,0.00026162042475140777
53,226,G,L,0.9704639911651611,1.677716851234436,0.8473600745201111,8,15,8,1.031753148783124,0.0003544243058736286,0.006534192171165736
35,333,I,S,2.5285756587982178,0.38361021876335144,0.890695333480835,14,25,14,1.03169959351146,0.003202211211109987,0.02835291088558733
109,250,R,E,0.7582150101661682,1.3784350156784058,0.8573513627052307,14,14,16,1.0308351096600705,8.620840519881511e-08,3.0266645553119222e-05
31,335,Q,P,1.8645098209381104,1.2189085483551025,0.6824831366539001,9,21,9,1.0288683886267347,0.005603869619442478,0.04174469167287582
150,176,G,Q,2.149380683898926,0.3186635971069336,0.9708219766616821,18,22,21,1.0274231961423896,0.0018467284384373276,0.020568733344432606
55,340,P,W,0.2105766236782074,3.6901228427886963,0.8917832374572754,19,26,19,1.0227561631857414,0.0003544243058736286,0.006534192171165736
24,28,H,Q,0.30901575088500977,2.2457828521728516,0.9275506138801575,20,25,20,1.0216809519241636,3.8168771401775395e-05,0.0015258060854405515
38,312,S,V,1.1261614561080933,1.2697361707687378,0.8921024203300476,8,14,8,1.01795962359622,0.00016539800940769338,0.004203837522036452
271,347,Q,S,1.362567663192749,1.1408506631851196,0.7114250659942627,13,22,13,1.0166131836589438,0.0005360223114249326,0.009150909250439685
18,248,H,C,0.39586523175239563,2.0473451614379883,0.8970877528190613,17,18,23,1.013776353991794,0.0005190952910641452,0.009033824103269203
52,317,Q,D,0.4574444890022278,3.1900229454040527,0.7317033410072327,13,19,15,1.0130579229918653,0.0016310393190501523,0.019140876561290987
2,30,E,K,1.5262149572372437,0.9433043599128723,0.8093606233596802,10,15,11,1.011324126106746,0.00020420292699949838,0.004954283024653167
167,296,D,K,0.5880493521690369,1.8195407390594482,0.7918006181716919,16,16,25,1.007783413291367,0.0009269558769002596,0.013131875166436657
323,346,R,G,0.6590502858161926,2.1312055587768555,0.816072404384613,10,10,21,1.0071987118798924,0.00268985741733239,0.02540420973673463
31,338,Q,K,1.8645098209381104,0.7150042057037354,0.8720002770423889,9,21,9,1.006823302889823,0.005603869619442478,0.04174469167287582
63,334,V,Y,0.5607661008834839,4.9847846031188965,1.0,3,3,3,1.0065928528362067,0.0001671122994652406,0.004203837522036452
139,312,S,V,1.3527185916900635,1.2697361707687378,0.8467064499855042,7,15,8,1.0021307082533508,0.007088486117472572,0.04736989147666311
89,114,H,C,1.0292404890060425,0.9583873152732849,0.8576813340187073,14,25,14,1.001834401056073,0.003202211211109987,0.02835291088558733
18,133,H,E,0.39586523175239563,1.8076251745224,0.925177812576294,18,18,24,1.0007830685771584,6.107003424284063e-05,0.0021821235181940183
117,226,T,L,0.8182608485221863,1.677716851234436,0.8944386839866638,8,16,8,1.00003350955169,0.0007088486117472573,0.010679015563323107
4,222,S,C,1.1491907835006714,1.6185617446899414,0.7322152853012085,9,16,11,0.9986182384294584,0.006637004078605859,0.046321356048454936
142,327,L,E,1.304652452468872,1.4943398237228394,0.8457541465759277,6,14,6,0.9979834354338523,0.0022328731270038604,0.022939504318249725
35,161,I,V,2.5285756587982178,0.4433652460575104,0.8223382830619812,13,25,13,0.9979354371936133,0.005603869619442478,0.04174469167287582
16,322,E,P,0.5960665345191956,2.234273672103882,0.7979375123977661,11,11,23,0.9937538536751316,0.004725930045729822,0.036658869604924545
274,329,I,E,0.2807292342185974,5.488650798797607,0.8002851605415344,9,9,17,0.9933936621348076,0.00046347793845012973,0.00820742197902291
121,148,G,D,0.3133310377597809,2.0895473957061768,0.959482729434967,18,18,23,0.9927773341286539,1.5267508560710154e-05,0.0009556987409219561
116,312,R,V,1.125261902809143,1.2697361707687378,0.8699864745140076,8,16,8,0.9923270129556818,0.0007088486117472573,0.010679015563323107
9,268,R,N,0.530097484588623,3.3952903747558594,0.6851004958152771,11,13,18,0.99189340858938,0.004444551917589592,0.0360338939433304
139,199,S,A,1.3527185916900635,0.8022074103355408,0.8811987042427063,11,15,14,0.990638731170578,0.0010075607357611517,0.01356008852114125
31,323,Q,R,1.8645098209381104,0.6590502858161926,0.8569055795669556,10,21,10,0.989211388157801,0.002689857417332389,0.02540420973673463
246,273,R,C,0.31217458844184875,5.610524654388428,0.7831450700759888,8,8,16,0.9890118367883658,0.0007088486117472573,0.010679015563323107
13,264,K,E,0.8046844005584717,1.5531234741210938,0.9795563220977783,7,7,8,0.9889542974078588,1.4870949896795608e-06,0.00020703952014267495
109,226,R,L,0.7582150101661682,1.677716851234436,0.9179354906082153,8,14,8,0.9879306133832487,0.00016539800940769338,0.004203837522036452
264,317,E,D,1.5531234741210938,3.1900229454040527,0.49145421385765076,7,8,15,0.9879022750046502,0.007088486117472572,0.04736989147666311
88,114,S,C,1.764112114906311,0.9583873152732849,0.8410061001777649,7,7,14,0.9875606860730674,0.0006379637505725315,0.010180943458030008
185,331,K,W,1.0994116067886353,1.813126564025879,1.0,4,4,4,0.9868536641819315,2.156287735035363e-05,0.0010950957977980099
22,339,D,N,2.334412097930908,0.8522294163703918,1.0,4,4,4,0.9858834172193213,2.156287735035363e-05,0.0010950957977980099
123,335,E,P,1.9294933080673218,1.2189085483551025,0.640331506729126,9,21,9,0.9820013187838561,0.005603869619442478,0.04174469167287582
165,198,V,R,3.221543550491333,0.4868848919868469,0.8672187924385071,7,14,7,0.9808551125303482,0.0006379637505725315,0.010180943458030008
52,123,Q,E,0.4574444890022278,1.9294933080673218,0.8483093976974487,16,19,21,0.980637973142606,0.0033966887523979947,0.02968426566652639
4,23,S,T,1.1491907835006714,1.0820523500442505,0.843134880065918,10,16,12,0.9791106679784033,0.0023810675307507534,0.023930947645567358
180,191,R,P,1.159852385520935,0.5050026178359985,0.9673876166343689,20,20,21,0.978931241818637,1.5086470909792644e-08,1.1074841020011016e-05
143,319,R,Q,1.0835164785385132,0.6627963781356812,0.9183366894721985,17,18,25,0.9768947498466326,0.0046347793845012975,0.03654867554132579
22,343,D,S,2.334412097930908,2.502164363861084,0.670820415019989,3,4,5,0.976096417651004,0.006361048818354321,0.04482152530465138
9,118,R,C,0.530097484588623,1.9488698244094849,0.861821174621582,12,13,18,0.9757747005744788,0.0003293074870189538,0.006493158334815672
5,337,N,F,1.3978595733642578,0.49986395239830017,0.9275633692741394,17,26,17,0.9732833360855652,0.0013389362666337084,0.01668504690898749
28,57,Q,P,2.2457828521728516,0.3337557911872864,0.8637726902961731,19,20,25,0.9729377720445633,0.0011832319134550374,0.015539033732707364
198,268,R,N,0.4868848919868469,3.3952903747558594,0.8370941281318665,7,7,18,0.9719791144613315,0.005915663868945291,0.0431608638280578
143,202,R,K,1.0835164785385132,0.6637406945228577,0.9294363260269165,16,18,21,0.9698402750922038,0.0007560735761151683,0.011222967032153974
33,165,I,V,0.27103298902511597,3.221543550491333,0.9613903164863586,11,15,14,0.9694763379409127,0.0010075607357611517,0.01356008852114125
33,221,I,K,0.27103298902511597,3.4648232460021973,0.829595685005188,15,15,25,0.9680278848684459,0.0017612161661104931,0.019752528961463317
257,320,Q,S,0.4531088173389435,1.657546043395996,0.9059820175170898,16,16,23,0.9660891948655923,0.00011123470522803115,0.003326741543450798
5,167,N,D,1.3978595733642578,0.5880493521690369,0.8645010590553284,16,26,16,0.9644234906434572,0.002410085279940675,0.023930947645567358
2,327,E,E,1.5262149572372437,1.4943398237228394,0.7542862296104431,6,15,6,0.9626663950120864,0.0037214552116731007,0.03133550576663676
57,150,P,G,0.3337557911872864,2.149380683898926,0.8590351939201355,20,25,22,0.9620231503692912,0.0036998542036819856,0.03133550576663676
17,296,D,K,0.4995957314968109,1.8195407390594482,0.8568822145462036,14,14,25,0.9608429377189717,0.003202211211109987,0.02835291088558733
150,333,G,S,2.149380683898926,0.38361021876335144,0.9228733777999878,13,22,14,0.9604549710334646,0.004517902339153002,0.03613167084162694
17,326,D,Q,0.4995957314968109,1.6754475831985474,0.9717352986335754,11,14,11,0.959438520035746,1.27229238005918e-06,0.00019025483060920156
38,271,S,Q,1.1261614561080933,1.362567663192749,0.6579052209854126,14,14,22,0.958481475310862,0.00022972384775354253,0.005082246893897257
38,199,S,A,1.1261614561080933,0.8022074103355408,0.9340746998786926,11,14,14,0.958119464116806,0.00031073173090873915,0.006352300588793086
89,293,H,K,1.0292404890060425,0.5404300689697266,0.9713905453681946,20,25,20,0.9579118506961058,3.8168771401775395e-05,0.0015258060854405515
320,350,S,I,1.657546043395996,0.44588515162467957,0.9248752593994141,15,23,15,0.9574083954375927,0.00026418242491657394,0.005599141944449742
4,117,S,T,1.1491907835006714,0.8182608485221863,0.8861595392227173,12,16,16,0.9572314876517469,0.0027427018085339166,0.025574270105925036
120,128,F,N,1.443375587463379,0.3591219186782837,0.9750567078590393,22,22,24,0.9559404167252599,5.033244580453898e-07,0.00011612414929069408
119,177,E,E,2.026057004928589,1.0330119132995605,0.7805143594741821,6,14,6,0.9542594888558006,0.0022328731270038604,0.022939504318249725
17,119,D,E,0.4995957314968109,2.026057004928589,0.8769335746765137,11,14,14,0.9521300616535662,0.00031073173090873915,0.006352300588793086
297,322,K,P,0.41751718521118164,2.234273672103882,0.9134207963943481,11,11,23,0.9520738717967344,0.004725930045729822,0.036658869604924545
17,148,D,D,0.4995957314968109,2.0895473957061768,0.7910171747207642,14,14,23,0.9505225141843912,0.0005870720553701644,0.009754334967233694
177,228,E,K,1.0330119132995605,1.776157021522522,0.8298140168190002,6,6,12,0.9499072546328095,0.000687037885231957,0.010679015563323107
23,252,T,Y,1.0820523500442505,1.3161486387252808,0.7144753336906433,12,12,22,0.9497885982749787,0.0011792490851348521,0.015539033732707364
43,122,R,V,2.157576322555542,0.5090951919555664,0.8673659563064575,10,15,12,0.9466718791111979,0.0009845883509857975,0.013553576282982645
31,161,Q,V,1.8645098209381104,0.4433652460575104,0.9080612659454346,13,21,13,0.9462621048569687,0.0002192818546738361,0.005016149971558298
24,150,H,G,0.30901575088500977,2.149380683898926,0.8523609042167664,22,25,22,0.9459339564925486,4.194370483711581e-06,0.00045780601851674874
108,112,R,E,0.6386466026306152,2.1882593631744385,0.83729487657547,8,14,10,0.9445324742324659,0.004664223865296954,0.03656660767217863
53,139,G,S,0.9704639911651611,1.3527185916900635,0.763059139251709,11,15,15,0.9435089630960354,0.0030980477503183886,0.028299475133490678
43,177,R,E,2.157576322555542,1.0330119132995605,0.7476344704627991,6,15,6,0.9432616114487489,0.0037214552116731007,0.03133550576663676
150,297,G,K,2.149380683898926,0.41751718521118164,0.9220767617225647,11,22,11,0.9426605131173681,0.0024657026325546902,0.023930947645567358
249,250,K,E,0.5435806512832642,1.3784350156784058,0.9488735198974609,13,14,16,0.9413835525365835,7.327714441899284e-06,0.0006037886979653676
116,260,R,R,1.125261902809143,1.011434555053711,0.7677666544914246,13,16,17,0.9387675805926222,0.0007773316613802991,0.011412641901353543
206,340,T,W,0.2867075502872467,3.6901228427886963,0.8446313142776489,11,12,19,0.9375653426717778,0.0021594041688833,0.02291351922392434
2,264,E,E,1.5262149572372437,1.5531234741210938,0.6374200582504272,8,15,8,0.9364731494153997,0.0003544243058736286,0.006534192171165736
17,133,D,E,0.4995957314968109,1.8076251745224,0.8365600109100342,14,14,24,0.9349786048199243,0.0014089729328883947,0.017186489603883134
288,347,C,S,0.9240397214889526,1.1408506631851196,0.7945215106010437,13,24,13,0.9349718072553095,0.002689857417332389,0.02540420973673463
91,349,R,D,0.9634885787963867,1.0166199207305908,0.8480138778686523,12,15,16,0.9349075325014469,0.0008475234523500711,0.01228680764471266
128,320,N,S,0.3591219186782837,1.657546043395996,0.9157343506813049,20,24,23,0.934171799674177,0.004785021735227846,0.036939819090524205
4,109,S,R,1.1491907835006714,0.7582150101661682,0.9259891510009766,11,16,14,0.9328086057769592,0.002767970853283036,0.02566172685752164
226,250,L,E,1.677716851234436,1.3784350156784058,0.6416712403297424,8,8,16,0.9311589371114913,0.0007088486117472573,0.010679015563323107
191,228,P,K,0.5050026178359985,1.776157021522522,0.8810558915138245,12,21,12,0.9295099839541507,0.0005360223114249326,0.009150909250439685
13,326,K,Q,0.8046844005584717,1.6754475831985474,0.8863992691040039,7,7,11,0.929476962724128,6.134266832428186e-05,0.0021821235181940183
2,199,E,A,1.5262149572372437,0.8022074103355408,0.7779946327209473,11,15,14,0.9290138269901538,0.0010075607357611517,0.01356008852114125
133,147,E,L,1.8076251745224,0.4429302215576172,0.8607607483863831,15,24,16,0.9274148923819048,0.006266221727845755,0.04469941837290243
94,273,Q,C,0.6263810396194458,5.610524654388428,0.5853422284126282,6,6,16,0.9273378587009958,0.005954328338676961,0.0431608638280578
179,323,E,R,1.509535789489746,0.6590502858161926,0.8891230821609497,10,19,10,0.9235435747234851,0.0007044864664441971,0.010679015563323107
142,338,L,K,1.304652452468872,0.7150042057037354,0.9550177454948425,9,14,9,0.9223869652897299,3.816877140177539e-05,0.0015258060854405515
57,296,P,K,0.3337557911872864,1.8195407390594482,0.8691757321357727,22,25,25,0.9223445890155303,0.0038936341200294616,0.032615243908669024
142,225,L,K,1.304652452468872,0.5576305985450745,0.9428768157958984,13,14,22,0.9217407943192902,0.004517902339153004,0.03613167084162694
161,346,V,G,0.4433652460575104,2.1312055587768555,0.8508049249649048,12,13,21,0.9212692912124674,0.004336907792438092,0.03555599331117139
199,264,A,E,0.8022074103355408,1.5531234741210938,0.864496648311615,8,14,8,0.9208065500860294,0.00016539800940769338,0.004203837522036452
112,125,E,E,2.1882593631744385,0.5659806728363037,0.9144015908241272,7,10,7,0.919005685679832,2.230642484519341e-05,0.001105057572761777
128,179,N,E,0.3591219186782837,1.509535789489746,0.9589876532554626,19,24,19,0.9186350013604468,2.2901262841065237e-05,0.001120773888970055
191,326,P,Q,0.5050026178359985,1.6754475831985474,0.9252709150314331,11,21,11,0.918492337887437,0.0012328513162773453,0.015579458874109579
31,257,Q,Q,1.8645098209381104,0.4531088173389435,0.8483425378799438,14,21,16,0.9170560084937777,0.004444551917589592,0.0360338939433304
208,340,L,W,0.5029955506324768,3.6901228427886963,0.7036445140838623,8,8,19,0.9147755519709091,0.004162874574442984,0.03419655330416615
28,232,Q,P,2.2457828521728516,0.5874365568161011,0.796242356300354,9,20,9,0.9145546069729611,0.0032022112111099875,0.02835291088558733
180,264,R,E,1.159852385520935,1.5531234741210938,0.7139841914176941,8,20,8,0.9144326146449191,0.006938124290738307,0.04719911702604935
202,222,K,C,0.6637406945228577,1.6185617446899414,0.8164916038513184,11,21,11,0.913292668180959,0.0012328513162773453,0.015579458874109579
119,313,E,A,2.026057004928589,0.3507564961910248,0.9446682929992676,13,14,13,0.9127275649459241,1.5086470909792644e-08,1.1074841020011016e-05
9,43,R,R,0.530097484588623,2.157576322555542,0.8192892074584961,10,13,15,0.9124576406547421,0.0033966887523979947,0.02968426566652639
16,320,E,S,0.5960665345191956,1.657546043395996,0.8494246006011963,11,11,23,0.9111699627911093,0.004725930045729822,0.036658869604924545
9,222,R,C,0.530097484588623,1.6185617446899414,0.9081534147262573,11,13,11,0.9078124140549261,2.726340814412528e-07,7.338400718500301e-05
179,338,E,K,1.509535789489746,0.7150042057037354,0.8730255961418152,9,19,9,0.906991009529732,0.0017612161661104927,0.019752528961463317
5,128,N,N,1.3978595733642578,0.3591219186782837,0.9380840063095093,22,26,24,0.9050754309769171,0.0033533992017274095,0.02946539579812636
121,133,G,E,0.3133310377597809,1.8076251745224,0.9353421330451965,18,18,24,0.9001466439028221,6.107003424284063e-05,0.0021821235181940183
30,292,K,M,0.9433043599128723,1.127050757408142,0.8083828687667847,11,11,21,0.8995165317553672,0.0012328513162773453,0.015579458874109579
33,322,I,P,0.27103298902511597,2.234273672103882,0.9580596089363098,15,15,23,0.8977213543833731,0.000264182424916574,0.005599141944449742
88,224,S,E,1.764112114906311,0.7658334374427795,0.8547136783599854,7,7,13,0.8971848568082087,0.00031898187528626575,0.006423388266537636
4,10,S,D,1.1491907835006714,0.9806357026100159,0.6868379712104797,16,16,24,0.8971556658317074,0.0003337041156840934,0.006493158334815672
22,326,D,Q,2.334412097930908,1.6754475831985474,0.6486772894859314,4,4,11,0.8966881230969427,0.0071157495256167005,0.04736989147666311
118,149,C,E,1.9488698244094849,0.4384576976299286,0.7878955602645874,16,18,21,0.8961640299003882,0.0007560735761151683,0.011222967032153974
28,297,Q,K,2.2457828521728516,0.41751718521118164,0.857301652431488,11,20,11,0.8958784895298674,0.0005870720553701644,0.009754334967233694
13,312,K,V,0.8046844005584717,1.2697361707687378,0.9794947504997253,7,7,8,0.894134138331742,1.4870949896795608e-06,0.00020703952014267495
312,317,V,D,1.2697361707687378,3.1900229454040527,0.4914233088493347,7,8,15,0.8931829578199031,0.007088486117472572,0.04736989147666311
53,264,G,E,0.9704639911651611,1.5531234741210938,0.7623436450958252,8,15,8,0.8931044403087541,0.0003544243058736286,0.006534192171165736
119,254,E,S,2.026057004928589,0.2962685227394104,0.978188157081604,14,14,15,0.8913166287593849,1.0776050649851889e-08,1.087707574565222e-05
63,300,V,P,0.5607661008834839,3.897759199142456,0.9999999403953552,3,3,3,0.8900986057049358,0.0001671122994652406,0.004203837522036452
89,108,H,R,1.0292404890060425,0.6386466026306152,0.9331375360488892,14,25,14,0.8897652005279632,0.003202211211109987,0.02835291088558733
165,274,V,I,3.221543550491333,0.2807292342185974,0.9338753819465637,9,14,9,0.8881058911276043,3.816877140177539e-05,0.0015258060854405515
2,149,E,E,1.5262149572372437,0.4384576976299286,0.898529052734375,15,15,21,0.8850617862492849,2.9237580623178153e-05,0.0012900408064770335
161,179,V,E,0.4433652460575104,1.509535789489746,0.9434739351272583,13,13,19,0.8846379645463823,2.923758062317815e-05,0.0012900408064770335
141,278,V,K,5.023773670196533,0.4460272789001465,0.844613254070282,4,7,4,0.8837148932767964,0.0007547007072623771,0.011222967032153974
121,248,G,C,0.3133310377597809,2.0473451614379883,0.8942594528198242,16,18,23,0.88130121984759,0.006637004078605856,0.046321356048454936
120,323,F,R,1.443375587463379,0.6590502858161926,0.8658922910690308,10,22,10,0.8794827995160612,0.0049314052651093804,0.037852753690327076
109,343,R,S,0.7582150101661682,2.502164363861084,0.8203930258750916,5,14,5,0.8793060991731436,0.0071948134092346605,0.04766047393583782
335,349,P,D,1.2189085483551025,1.0166199207305908,0.8271272778511047,8,9,16,0.8786096569297066,0.004634779384501297,0.03654867554132579
28,264,Q,E,2.2457828521728516,1.5531234741210938,0.4928484857082367,8,20,8,0.8783327140548876,0.006938124290738307,0.04719911702604935
268,274,N,I,3.3952903747558594,0.2807292342185974,0.8990353941917419,9,18,9,0.8777262187988837,0.0009269558769002595,0.013131875166436657
182,260,G,R,0.6535075306892395,1.011434555053711,0.9690402746200562,12,12,17,0.8776050732318973,1.12846802405249e-05,0.0007722355246834798
173,224,K,E,1.3336832523345947,0.7658334374427795,0.7553879022598267,13,24,13,0.8749770706687908,0.002689857417332389,0.02540420973673463
141,232,V,P,5.023773670196533,0.5874365568161011,0.6503647565841675,5,7,9,0.8693937943055497,0.007423578188480367,0.04861751398138116
331,339,W,N,1.813126564025879,0.8522294163703918,1.0,4,4,4,0.8688621118247494,2.156287735035363e-05,0.0010950957977980099
91,101,R,G,0.9634885787963867,1.7942181825637817,0.6607402563095093,9,15,11,0.8687437229892304,0.003195680385613644,0.02835291088558733
33,150,I,G,0.27103298902511597,2.149380683898926,0.9449071288108826,15,15,22,0.8684136422248789,9.188953910141702e-05,0.0029799518996291422
23,343,T,S,1.0820523500442505,2.502164363861084,0.6772018074989319,5,12,5,0.8670900083622098,0.002846299810246679,0.02612650293899192
260,264,R,E,1.011434555053711,1.5531234741210938,0.7237740159034729,8,17,8,0.865632657119662,0.0013389362666337084,0.01668504690898749
5,257,N,Q,1.3978595733642578,0.4531088173389435,0.8838188648223877,16,26,16,0.8654856795858065,0.002410085279940675,0.023930947645567358
38,288,S,C,1.1261614561080933,0.9240397214889526,0.7192346453666687,14,14,24,0.8628936462461566,0.0014089729328883947,0.017186489603883134
121,296,G,K,0.3133310377597809,1.8195407390594482,0.908642053604126,17,18,25,0.8612186968156919,0.0046347793845012975,0.03654867554132579
331,343,W,S,1.813126564025879,2.502164363861084,0.6708203554153442,3,4,5,0.8602367223306584,0.006361048818354321,0.04482152530465138
43,121,R,G,2.157576322555542,0.3133310377597809,0.9126453995704651,13,15,18,0.8600426670250529,0.0005807946466649373,0.009754334967233694
31,286,Q,V,1.8645098209381104,0.5379092693328857,0.8585355281829834,9,21,9,0.8597954127345516,0.005603869619442478,0.04174469167287582
191,260,P,R,0.5050026178359985,1.011434555053711,0.958297848701477,17,21,17,0.8597144724741876,2.5647000546647495e-06,0.0003001442421365304
182,326,G,Q,0.6535075306892395,1.6754475831985474,0.8594182729721069,8,12,11,0.8581319341362553,0.0028472225717530958,0.02612650293899192
7,347,P,S,0.7239372134208679,1.1408506631851196,0.8445971608161926,12,20,13,0.8550225597875918,0.0019839786851442317,0.021856246512296822
165,223,V,K,3.221543550491333,0.4237605333328247,0.8649446368217468,6,14,6,0.8540585823668861,0.0022328731270038604,0.022939504318249725
7,38,P,S,0.7239372134208679,1.1261614561080933,0.8246569633483887,13,20,14,0.8534090557518226,0.0008075141314973011,0.011834258701379314
5,350,N,I,1.3978595733642578,0.44588515162467957,0.8973469138145447,15,26,15,0.8530478934265869,0.004162874574442984,0.03419655330416615
117,222,T,C,0.8182608485221863,1.6185617446899414,0.711164653301239,10,16,11,0.8523053360779299,0.0005190952910641453,0.009033824103269203
142,164,L,Q,1.304652452468872,1.0841795206069946,0.845754086971283,6,14,6,0.8500592877811326,0.0022328731270038604,0.022939504318249725
18,119,H,E,0.39586523175239563,2.026057004928589,0.8510263562202454,12,18,14,0.8489959659597094,0.0017010556305424999,0.019373800548887713
6,112,T,E,0.5262300372123718,2.1882593631744385,0.8284565806388855,8,14,10,0.8483317594813726,0.004664223865296954,0.03656660767217863
215,334,V,Y,0.3969263434410095,4.9847846031188965,0.9999999403953552,3,3,3,0.8468722498431333,0.0001671122994652406,0.004203837522036452
2,312,E,V,1.5262149572372437,1.2697361707687378,0.6374201774597168,8,15,8,0.8467382229186383,0.0003544243058736286,0.006534192171165736
6,133,T,E,0.5262300372123718,1.8076251745224,0.7378414273262024,14,14,24,0.8463423353523108,0.0014089729328883947,0.017186489603883134
108,142,R,L,0.6386466026306152,1.304652452468872,0.8902520537376404,10,14,14,0.8462627553234189,0.003794876755170801,0.03185408589722523
148,254,D,S,2.0895473957061768,0.2962685227394104,0.8926861882209778,15,23,15,0.8457411232799946,0.00026418242491657394,0.005599141944449742
116,288,R,C,1.125261902809143,0.9240397214889526,0.6731504797935486,16,16,24,0.8445937777873648,0.0003337041156840934,0.006493158334815672
208,264,L,E,0.5029955506324768,1.5531234741210938,1.0,8,8,8,0.8434198599672933,5.50775922103541e-08,2.3407976712519485e-05
114,327,C,E,0.9583873152732849,1.4943398237228394,0.8326334953308105,6,14,6,0.842085493645657,0.0022328731270038604,0.022939504318249725
126,340,I,W,0.18045687675476074,3.6901228427886963,0.8977150917053223,13,15,19,0.839612300643748,0.0016310393190501523,0.019140876561290987
116,191,R,P,1.125261902809143,0.5050026178359985,0.9038736820220947,16,16,21,0.8383878071524397,9.2329201967931e-06,0.0006656770513099479
13,119,K,E,0.8046844005584717,2.026057004928589,0.7255864143371582,7,7,14,0.8366788502954005,0.0006379637505725315,0.010180943458030008
173,337,K,F,1.3336832523345947,0.49986395239830017,0.8155995607376099,17,24,17,0.8359248919803769,0.00014831294030404152,0.004144038179861929
180,227,R,G,1.159852385520935,1.1807538270950317,0.7141931653022766,9,20,9,0.8357891534509229,0.0032022112111099875,0.02835291088558733
119,149,E,E,2.026057004928589,0.4384576976299286,0.7724816799163818,13,14,21,0.834470530931614,0.0019839786851442317,0.021856246512296822
224,296,E,K,0.7658334374427795,1.8195407390594482,0.6165182590484619,13,13,25,0.8341173090189523,0.005603869619442478,0.04174469167287582
199,312,A,V,0.8022074103355408,1.2697361707687378,0.8645020723342896,8,14,8,0.8325778997743559,0.00016539800940769338,0.004203837522036452
55,248,P,C,0.2105766236782074,2.0473451614379883,0.943917989730835,21,26,23,0.8320015906575182,0.006864926170690747,0.04719911702604935
94,226,Q,L,0.6263810396194458,1.677716851234436,0.9580704569816589,6,6,8,0.8300097192959798,2.081932985551385e-05,0.0010950957977980099
142,257,L,Q,1.304652452468872,0.4531088173389435,0.9670568108558655,12,14,16,0.828254431633259,0.00020737431870574975,0.004954283024653167
120,161,F,V,1.443375587463379,0.4433652460575104,0.9030366539955139,13,22,13,0.8279593520139593,0.0005360223114249326,0.009150909250439685
116,271,R,Q,1.125261902809143,1.362567663192749,0.5553021430969238,15,16,22,0.8279516194815142,0.0009624220147990521,0.013422379312419136
31,333,Q,S,1.8645098209381104,0.38361021876335144,0.8320626616477966,14,21,14,0.8276076136792077,8.353594463765184e-05,0.002753276588622129
180,312,R,V,1.159852385520935,1.2697361707687378,0.7140064239501953,8,20,8,0.8268352520291348,0.006938124290738307,0.04719911702604935
185,226,K,L,1.0994116067886353,1.677716851234436,0.8673124313354492,4,4,8,0.82332935908785,0.0015094014145247542,0.018137523845022468
119,121,E,G,2.026057004928589,0.3133310377597809,0.8769285678863525,14,14,18,0.8217368811852614,2.198314332569785e-06,0.0002689604366940495
9,23,R,T,0.530097484588623,1.0820523500442505,0.9736765027046204,12,13,12,0.8214474836998246,2.3707311429674153e-08,1.3674038694994855e-05
2,164,E,Q,1.5262149572372437,1.0841795206069946,0.7542861104011536,6,15,6,0.8199769749691438,0.0037214552116731007,0.03133550576663676
56,144,H,S,2.9685845375061035,0.9314062595367432,0.818725049495697,3,5,3,0.819638090372534,0.0016711229946524066,0.019140876561290987
6,349,T,D,0.5262300372123718,1.0166199207305908,0.9516849517822266,14,14,16,0.8186558115415039,8.620840519881511e-08,3.0266645553119222e-05
143,224,R,E,1.0835164785385132,0.7658334374427795,0.8326555490493774,11,18,13,0.8185490197320904,0.0044445519175895926,0.0360338939433304
30,327,K,E,0.9433043599128723,1.4943398237228394,0.8146188855171204,6,11,6,0.8173577310290198,0.0003435189426159785,0.006534192171165736
16,23,E,T,0.5960665345191956,1.0820523500442505,0.9415326714515686,11,11,12,0.8160209156313876,4.194370483711581e-08,2.1168462921439257e-05
180,182,R,G,1.159852385520935,0.6535075306892395,0.8665452599525452,11,20,12,0.8141647567376886,0.004517902339153004,0.03613167084162694
254,296,S,K,0.2962685227394104,1.8195407390594482,0.9197118282318115,15,15,25,0.8131022886100129,0.0017612161661104931,0.019752528961463317
89,128,H,N,1.0292404890060425,0.3591219186782837,0.9628434181213379,23,25,24,0.8079427978636804,2.078119921475283e-05,0.0010950957977980099
53,312,G,V,0.9704639911651611,1.2697361707687378,0.7624046802520752,8,15,8,0.8075897008215668,0.0003544243058736286,0.006534192171165736
149,292,E,M,0.4384576976299286,1.127050757408142,0.9148183465003967,17,21,21,0.8072507722783406,0.005039214263835825,0.03860688265112619
31,297,Q,K,1.8645098209381104,0.41751718521118164,0.8464657068252563,11,21,11,0.8059781592577121,0.0012328513162773453,0.015579458874109579
13,139,K,S,0.8046844005584717,1.3527185916900635,0.8553174138069153,7,7,15,0.8058883206839016,0.0011961820323234966,0.015539033732707364
227,250,G,E,1.1807538270950317,1.3784350156784058,0.6595944762229919,8,9,16,0.8029871563052227,0.004634779384501297,0.03654867554132579
148,313,D,A,2.0895473957061768,0.3507564961910248,0.8180730938911438,13,23,13,0.8027017686747331,0.0012328513162773453,0.015579458874109579
23,117,T,T,1.0820523500442505,0.8182608485221863,0.7896974086761475,11,12,16,0.8019090684297171,0.00014670084312682366,0.004141990515805204
208,326,L,Q,0.5029955506324768,1.6754475831985474,0.9147571921348572,8,8,11,0.8013312632031291,9.087802714708429e-06,0.0006656770513099479
34,317,N,D,0.19380198419094086,3.1900229454040527,0.8461201786994934,15,26,15,0.8010835784301283,0.004162874574442984,0.03419655330416615
55,133,P,E,0.2105766236782074,1.8076251745224,0.9532516002655029,22,26,24,0.8008609682003964,0.0033533992017274095,0.02946539579812636
139,149,S,E,1.3527185916900635,0.4384576976299286,0.8812480568885803,14,15,21,0.7981909026588252,0.0008437130408402837,0.01227564497238344
227,335,G,P,1.1807538270950317,1.2189085483551025,0.7870151996612549,6,9,9,0.7979128455711845,0.003893634120029461,0.032615243908669024
20,88,L,S,0.6873137354850769,1.764112114906311,0.8571427464485168,6,7,7,0.7976288456471241,3.531850600488957e-05,0.0014854007072055233
118,121,C,G,1.9488698244094849,0.3133310377597809,0.8665346503257751,14,18,18,0.7963795144774111,0.0027427018085339175,0.025574270105925036
17,264,D,E,0.4995957314968109,1.5531234741210938,0.946623682975769,8,14,8,0.7956983849792443,0.00016539800940769338,0.004203837522036452
28,312,Q,V,2.2457828521728516,1.2697361707687378,0.49284693598747253,8,20,8,0.7941662868256032,0.006938124290738307,0.04719911702604935
123,232,E,P,1.9294933080673218,0.5874365568161011,0.7444746494293213,9,21,9,0.7925962935030028,0.005603869619442478,0.04174469167287582
132,332,W,L,0.32632339000701904,5.340847969055176,0.7715166807174683,5,6,7,0.7925716791782526,0.00042679626203803397,0.007728982391057252
88,108,S,R,1.764112114906311,0.6386466026306152,0.8258934020996094,7,7,14,0.7916777112121487,0.0006379637505725315,0.010180943458030008
326,331,Q,W,1.6754475831985474,1.813126564025879,0.6486772298812866,4,11,4,0.7902539499964942,0.007115749525616699,0.04736989147666311
94,228,Q,K,0.6263810396194458,1.776157021522522,0.8847296237945557,6,6,12,0.7886378990045505,0.000687037885231957,0.010679015563323107
94,119,Q,E,0.6263810396194458,2.026057004928589,0.8280059099197388,6,6,14,0.7882893568254271,0.0022328731270038604,0.022939504318249725
2,52,E,Q,1.5262149572372437,0.4574444890022278,0.8016848564147949,14,15,19,0.7878104819009599,9.606633633329962e-05,0.003042100712870403
139,182,S,G,1.3527185916900635,0.6535075306892395,0.8040504455566406,10,15,12,0.7872757014017101,0.0009845883509857975,0.013553576282982645
117,143,T,R,0.8182608485221863,1.0835164785385132,0.7282088398933411,13,16,18,0.7858736529122765,0.0023496277791031943,0.023930947645567358
143,337,R,F,1.0835164785385132,0.49986395239830017,0.9073814153671265,14,18,17,0.785370477559905,0.0007773316613802991,0.011412641901353543
122,250,V,E,0.5090951919555664,1.3784350156784058,0.8683962225914001,11,12,16,0.7850638166886261,0.00014670084312682366,0.004141990515805204
97,329,F,E,0.12305519729852676,5.488650798797607,0.8568453788757324,12,16,17,0.7844194359723761,0.007459590161702603,0.04873478232843735
182,226,G,L,0.6535075306892395,1.677716851234436,0.8279410004615784,7,12,8,0.7829157835062917,0.0009869353748173354,0.013553576282982645
260,312,R,V,1.011434555053711,1.2697361707687378,0.7238005995750427,8,17,8,0.7827144242061705,0.0013389362666337084,0.01668504690898749
296,313,K,A,1.8195407390594482,0.3507564961910248,0.8544014096260071,13,25,13,0.7823099350886883,0.005603869619442478,0.04174469167287582
123,137,E,A,1.9294933080673218,0.27975761890411377,0.8477413058280945,17,21,21,0.7818329337929747,0.005039214263835825,0.03860688265112619
176,351,Q,Q,0.3186635971069336,1.2952549457550049,0.9515162706375122,18,21,21,0.7817122998252771,0.00042784584937132956,0.007728982391057252
88,323,S,R,1.764112114906311,0.6590502858161926,0.8027461767196655,7,7,10,0.7816847520377596,2.230642484519341e-05,0.001105057572761777
133,313,E,A,1.8076251745224,0.3507564961910248,0.8553152084350586,13,24,13,0.7805781358639241,0.002689857417332389,0.02540420973673463
55,129,P,S,0.2105766236782074,1.7161130905151367,0.9284319877624512,24,26,27,0.7802192487557439,0.0035199538405715205,0.030728246444030792
179,286,E,V,1.509535789489746,0.5379092693328857,0.8646352291107178,9,19,9,0.7791286022158861,0.0017612161661104927,0.019752528961463317
30,148,K,D,0.9433043599128723,2.0895473957061768,0.5140771269798279,11,11,23,0.7788874472896256,0.004725930045729822,0.036658869604924545
249,252,K,Y,0.5435806512832642,1.3161486387252808,0.7826333045959473,14,14,22,0.7785451644973322,0.00022972384775354253,0.005082246893897257
142,297,L,K,1.304652452468872,0.41751718521118164,0.9767844676971436,11,14,11,0.7779966556957177,1.27229238005918e-06,0.00019025483060920156
289,340,Q,W,0.1441153883934021,3.6901228427886963,0.9044671058654785,14,17,19,0.7757278599941941,0.0024478962864608747,0.023930947645567358
118,254,C,S,1.9488698244094849,0.2962685227394104,0.9164034724235535,12,18,15,0.7756825184050872,0.006182099566052751,0.0445320740563132
24,165,H,V,0.30901575088500977,3.221543550491333,0.6593155860900879,14,25,14,0.7736716379379444,0.003202211211109987,0.02835291088558733
142,337,L,F,1.304652452468872,0.49986395239830017,0.8874536156654358,11,14,17,0.7734164048959503,0.006679993336664999,0.04634101758310988
17,139,D,S,0.4995957314968109,1.3527185916900635,0.8688352108001709,11,14,15,0.7708056540641572,0.0010075607357611517,0.01356008852114125
2,24,E,H,1.5262149572372437,0.30901575088500977,0.9313636422157288,15,15,25,0.7701710766938891,0.0017612161661104931,0.019752528961463317
52,271,Q,Q,0.4574444890022278,1.362567663192749,0.7614122629165649,18,19,22,0.7686966274169025,4.812584220223854e-05,0.0018594075713322538
52,116,Q,R,0.4574444890022278,1.125261902809143,0.9109593033790588,14,19,16,0.7686630510916822,0.0005807946466649373,0.009754334967233694
6,250,T,E,0.5262300372123718,1.3784350156784058,0.8360260128974915,11,14,16,0.7684137820529715,0.002767970853283036,0.02566172685752164
142,350,L,I,1.304652452468872,0.44588515162467957,0.9321345686912537,11,14,15,0.7672412186604579,0.0010075607357611517,0.01356008852114125
34,148,N,D,0.19380198419094086,2.0895473957061768,0.8977659344673157,21,26,23,0.766933354690005,0.006864926170690747,0.04719911702604935
4,332,S,L,1.1491907835006714,5.340847969055176,0.3426276445388794,7,16,7,0.7665749134762331,0.002126545835241772,0.02262431879562224
182,343,G,S,0.6535075306892395,2.502164363861084,0.7690396308898926,5,12,5,0.7652369922101461,0.002846299810246679,0.02612650293899192
147,180,L,R,0.4429302215576172,1.159852385520935,0.8845743536949158,15,16,20,0.7634368595324462,0.00010068279643169617,0.0031512153912818443
228,254,K,S,1.776157021522522,0.2962685227394104,0.9444031715393066,12,12,15,0.7631395778900483,8.297559000385954e-07,0.00015582043760713172
208,312,L,V,0.5029955506324768,1.2697361707687378,0.9999997019767761,8,8,8,0.762601135391397,5.50775922103541e-08,2.3407976712519485e-05
18,180,H,R,0.39586523175239563,1.159852385520935,0.9127749800682068,16,18,20,0.7610310163826208,0.00020737431870574975,0.004954283024653167
128,142,N,L,0.3591219186782837,1.304652452468872,0.9429464936256409,14,24,14,0.7590955508482815,0.0014089729328883942,0.017186489603883134
132,165,W,V,0.32632339000701904,3.221543550491333,0.875820517539978,6,6,14,0.7588890996932318,0.0022328731270038604,0.022939504318249725
5,333,N,S,1.3978595733642578,0.38361021876335144,0.8802539706230164,14,26,14,0.758098908422439,0.006938124290738307,0.04719911702604935
43,94,R,Q,2.157576322555542,0.6263810396194458,0.770344078540802,6,15,6,0.7568228371613765,0.0037214552116731007,0.03133550576663676
277,340,T,W,0.2223815619945526,3.6901228427886963,0.8004971146583557,10,11,19,0.7551688959102425,0.0051075268817204296,0.039056134317599404
327,338,E,K,1.4943398237228394,0.7150042057037354,0.8638545870780945,6,6,9,0.7546172377215001,6.245798956654156e-05,0.002183325896466713
313,326,A,Q,0.3507564961910248,1.6754475831985474,0.9443050622940063,10,13,11,0.7538676807495094,2.1265458352417724e-05,0.0010950957977980099
13,38,K,S,0.8046844005584717,1.1261614561080933,0.8739106059074402,7,7,14,0.7512961404788808,0.0006379637505725315,0.010180943458030008
297,320,K,S,0.41751718521118164,1.657546043395996,0.8360943794250488,11,11,23,0.7506192052900762,0.004725930045729822,0.036658869604924545
16,118,E,C,0.5960665345191956,1.9488698244094849,0.6686242818832397,10,11,18,0.7504736575923954,0.002558398220244717,0.02441970002204488
143,167,R,D,1.0835164785385132,0.5880493521690369,0.8197484612464905,13,18,16,0.7499605076876578,0.0023496277791031943,0.023930947645567358
215,300,V,P,0.3969263434410095,3.897759199142456,0.9999999403953552,3,3,3,0.7488627120703453,0.0001671122994652406,0.004203837522036452
119,206,E,T,2.026057004928589,0.2867075502872467,0.9086974859237671,11,14,12,0.7474103564226221,1.3442045580625248e-05,0.0008877097532296185
26,142,R,L,0.8379672765731812,1.304652452468872,0.845754086971283,6,6,14,0.7473295359247344,0.0022328731270038604,0.022939504318249725
4,9,S,R,1.1491907835006714,0.530097484588623,0.8856850266456604,11,16,13,0.7460151222551203,0.0007560735761151681,0.011222967032153974
4,177,S,E,1.1491907835006714,1.0330119132995605,0.8089879155158997,6,16,6,0.7448998055923544,0.005954328338676961,0.0431608638280578
6,101,T,G,0.5262300372123718,1.7942181825637817,0.7664855718612671,9,14,11,0.7447824389267493,0.0014007939104451572,0.017186489603883134
101,172,G,V,1.7942181825637817,0.4024277627468109,0.9166276454925537,8,11,8,0.7432472394519989,9.087802714708429e-06,0.0006656770513099479
179,297,E,K,1.509535789489746,0.41751718521118164,0.8673692345619202,11,19,11,0.7431171570167322,0.000264182424916574,0.005599141944449742
4,249,S,K,1.1491907835006714,0.5435806512832642,0.8706257343292236,11,16,14,0.7425983016302945,0.002767970853283036,0.02566172685752164
223,317,K,D,0.4237605333328247,3.1900229454040527,0.7554646134376526,6,6,15,0.7422981490619929,0.003721455211673101,0.03133550576663676
22,94,D,Q,2.334412097930908,0.6263810396194458,0.8760305047035217,4,4,6,0.7404331123622726,0.0003234431602553045,0.006464859984364444
20,142,L,L,0.6873137354850769,1.304652452468872,0.8646546006202698,7,7,14,0.7394326322056923,0.0006379637505725315,0.010180943458030008
120,333,F,S,1.443375587463379,0.38361021876335144,0.8436022400856018,14,22,14,0.7382670881820581,0.00022972384775354256,0.005082246893897257
52,292,Q,M,0.4574444890022278,1.127050757408142,0.8347963690757751,16,19,21,0.7375391507232737,0.0033966887523979947,0.02968426566652639
18,326,H,Q,0.39586523175239563,1.6754475831985474,0.8693238496780396,10,18,11,0.7372846973851771,0.002558398220244717,0.02441970002204488
38,52,S,Q,1.1261614561080933,0.4574444890022278,0.8962200880050659,13,14,19,0.7372543429827797,0.0003007294006955466,0.006242647870613746
31,299,Q,R,1.8645098209381104,0.44116654992103577,0.7524107098579407,11,21,11,0.7364325636030031,0.0012328513162773453,0.015579458874109579
112,246,E,R,2.1882593631744385,0.31217458844184875,0.9318186640739441,8,10,8,0.7349170721211196,2.4784916494659348e-06,0.000298713744663772
33,320,I,S,0.27103298902511597,1.657546043395996,0.9083726406097412,15,15,23,0.7331244214196705,0.000264182424916574,0.005599141944449742
297,351,K,Q,0.41751718521118164,1.2952549457550049,0.9230625033378601,11,11,21,0.7325551174926112,0.0012328513162773453,0.015579458874109579
119,208,E,L,2.026057004928589,0.5029955506324768,0.7602091431617737,8,14,8,0.7323180693029832,0.00016539800940769338,0.004203837522036452
18,38,H,S,0.39586523175239563,1.1261614561080933,0.9293396472930908,14,18,14,0.7297758662570043,2.1983143325697848e-06,0.0002689604366940495
97,268,F,N,0.12305519729852676,3.3952903747558594,0.9590427279472351,14,16,18,0.7290669654711147,0.0001726023853330319,0.004328460584344741
17,38,D,S,0.4995957314968109,1.1261614561080933,0.9005463123321533,11,14,14,0.7289707975255844,0.00031073173090873915,0.006352300588793086
142,176,L,Q,1.304652452468872,0.3186635971069336,0.9592273831367493,14,14,21,0.7274049212039728,8.353594463765187e-05,0.002753276588622129
13,317,K,D,0.8046844005584717,3.1900229454040527,0.501710057258606,7,7,15,0.725927967524002,0.0011961820323234966,0.015539033732707364
101,191,G,P,1.7942181825637817,0.5050026178359985,0.7066611051559448,11,11,21,0.7259221017216257,0.0012328513162773453,0.015579458874109579
26,327,R,E,0.8379672765731812,1.4943398237228394,0.8333333730697632,5,6,6,0.725639656699565,0.0001256595266279229,0.003572889744018411
226,339,L,N,1.677716851234436,0.8522294163703918,0.8673123717308044,4,8,4,0.7248892743337564,0.0015094014145247542,0.018137523845022468
199,260,A,R,0.8022074103355408,1.011434555053711,0.7455707788467407,11,14,17,0.7247621358192727,0.006679993336664999,0.04634101758310988
4,122,S,V,1.1491907835006714,0.5090951919555664,0.9084503054618835,10,16,12,0.7236211684092165,0.0023810675307507534,0.023930947645567358
120,297,F,K,1.443375587463379,0.41751718521118164,0.8633642196655273,11,22,11,0.7232947147160258,0.0024657026325546902,0.023930947645567358
121,139,G,S,0.3133310377597809,1.3527185916900635,0.920272707939148,15,18,15,0.7214259238544225,4.39662866513957e-07,0.00011452508621159137
2,232,E,P,1.5262149572372437,0.5874365568161011,0.7982654571533203,8,15,9,0.721264295162486,0.0024264433248271495,0.023930947645567358
17,312,D,V,0.4995957314968109,1.2697361707687378,0.9466643929481506,8,14,8,0.7194836133111985,0.00016539800940769338,0.004203837522036452
109,252,R,Y,0.7582150101661682,1.3161486387252808,0.6123459339141846,14,14,22,0.71942664577542,0.00022972384775354253,0.005082246893897257
16,143,E,R,0.5960665345191956,1.0835164785385132,0.8595604300498962,10,11,18,0.7193762032653611,0.002558398220244717,0.02441970002204488
13,116,K,R,0.8046844005584717,1.125261902809143,0.8361649513244629,7,7,16,0.7185592520740375,0.0021265458352417717,0.02262431879562224
18,139,H,S,0.39586523175239563,1.3527185916900635,0.8804160952568054,12,18,15,0.7176761089727823,0.006182099566052751,0.0445320740563132
114,164,C,Q,0.9583873152732849,1.0841795206069946,0.8326335549354553,6,14,6,0.7172691161536412,0.0022328731270038604,0.022939504318249725
52,347,Q,S,0.4574444890022278,1.1408506631851196,0.8901861906051636,12,19,13,0.7163537825683167,0.0008437130408402835,0.01227564497238344
98,332,D,L,0.2782268226146698,5.340847969055176,0.6484784483909607,7,10,7,0.7138898055211008,2.230642484519341e-05,0.001105057572761777
94,343,Q,S,0.6263810396194458,2.502164363861084,0.8152549862861633,4,6,5,0.7133936206093908,0.0015309642918751075,0.018369296485562302
112,161,E,V,2.1882593631744385,0.4433652460575104,0.7578964233398438,8,10,13,0.7123588733814782,0.0021778010425527274,0.022939504318249725
97,165,F,V,0.12305519729852676,3.221543550491333,0.9861649870872498,13,16,14,0.7116471249749474,7.327714441899286e-06,0.0006037886979653676
88,299,S,R,1.764112114906311,0.44116654992103577,0.891622006893158,7,7,11,0.7103562164979377,6.134266832428186e-05,0.0021821235181940183
16,252,E,Y,0.5960665345191956,1.3161486387252808,0.7390033602714539,11,11,22,0.7063836556724294,0.0024657026325546902,0.023930947645567358
88,257,S,Q,1.764112114906311,0.4531088173389435,0.874191164970398,7,7,16,0.7058327217931096,0.0021265458352417717,0.02262431879562224
142,333,L,S,1.304652452468872,0.38361021876335144,0.9233459830284119,11,14,14,0.7049387027925813,0.00031073173090873915,0.006352300588793086
254,326,S,Q,0.2962685227394104,1.6754475831985474,0.926361083984375,11,15,11,0.7043408393103378,4.771096425221925e-06,0.00048158254571717407
228,313,K,A,1.776157021522522,0.3507564961910248,0.8551899194717407,10,12,13,0.7029438503680157,0.00011253860735666324,0.0033287517571840572
119,126,E,I,2.026057004928589,0.18045687675476074,0.9861099123954773,14,14,15,0.70125972183549,1.0776050649851889e-08,1.087707574565222e-05
88,161,S,V,1.764112114906311,0.4433652460575104,0.8773916363716125,7,7,13,0.7007585932512521,0.00031898187528626575,0.006423388266537636
302,334,I,Y,0.27108070254325867,4.9847846031188965,1.0,3,3,3,0.6998617649610992,0.0001671122994652406,0.004203837522036452
141,285,V,P,5.023773670196533,0.2326844483613968,0.8276030421257019,5,7,6,0.696281425340195,0.0004267962620380339,0.007728982391057252
30,164,K,Q,0.9433043599128723,1.0841795206069946,0.8146187663078308,6,11,6,0.6962064231953116,0.0003435189426159785,0.006534192171165736
43,277,R,T,2.157576322555542,0.2223815619945526,0.9307552576065063,11,15,11,0.6957646500516461,4.771096425221925e-06,0.00048158254571717407
122,226,V,L,0.5090951919555664,1.677716851234436,0.8310385346412659,7,12,8,0.693603091656973,0.0009869353748173354,0.013553576282982645
4,202,S,K,1.1491907835006714,0.6637406945228577,0.6741998791694641,14,16,21,0.6925082991537823,0.004444551917589594,0.0360338939433304
4,167,S,D,1.1491907835006714,0.5880493521690369,0.7340158820152283,13,16,16,0.6915786030107255,0.0002157973336221224,0.005016149971558298
89,161,H,V,1.0292404890060425,0.4433652460575104,0.8925649523735046,13,25,13,0.691054374703305,0.005603869619442478,0.04174469167287582
2,176,E,Q,1.5262149572372437,0.3186635971069336,0.8424358367919922,14,15,21,0.6909584546275126,0.0008437130408402837,0.01227564497238344
123,286,E,V,1.9294933080673218,0.5379092693328857,0.6773270964622498,9,21,9,0.6900405335839997,0.005603869619442478,0.04174469167287582
18,116,H,R,0.39586523175239563,1.125261902809143,0.9018225073814392,13,18,16,0.689850040088015,0.0023496277791031943,0.023930947645567358
54,326,A,Q,0.3757305443286896,1.6754475831985474,0.9102775454521179,8,9,11,0.6891857082359014,7.34014834649527e-05,0.002500915505589558
88,350,S,I,1.764112114906311,0.44588515162467957,0.8598642945289612,7,7,15,0.6887086518917521,0.0011961820323234966,0.015539033732707364
54,119,A,E,0.3757305443286896,2.026057004928589,0.8267380595207214,8,9,14,0.6883206071205695,0.0011832319134550372,0.015539033732707364
26,222,R,C,0.8379672765731812,1.6185617446899414,0.6963210105895996,6,6,11,0.6853221355463561,0.00034351894261597856,0.006534192171165736
232,292,P,M,0.5874365568161011,1.127050757408142,0.8422159552574158,9,9,21,0.6852920395557206,0.005603869619442478,0.04174469167287582
143,350,R,I,1.0835164785385132,0.44588515162467957,0.8597949743270874,13,18,15,0.6849475296743177,0.0005807946466649372,0.009754334967233694
9,143,R,R,0.530097484588623,1.0835164785385132,0.8374407887458801,11,13,18,0.6849267556448279,0.004444551917589592,0.0360338939433304
116,335,R,P,1.125261902809143,1.2189085483551025,0.5846583843231201,9,16,9,0.6847224246726799,0.00021810726515300225,0.005016149971558298
148,206,D,T,2.0895473957061768,0.2867075502872467,0.793952226638794,12,23,12,0.6845468168321974,0.0024657026325546902,0.023930947645567358
149,222,E,C,0.4384576976299286,1.6185617446899414,0.749211311340332,11,21,11,0.6811255951872035,0.0012328513162773453,0.015579458874109579
9,226,R,L,0.530097484588623,1.677716851234436,0.7993453741073608,7,13,8,0.6807735880727865,0.0020556609740670466,0.022431706775269292
88,337,S,F,1.764112114906311,0.49986395239830017,0.8010326027870178,7,7,17,0.6793134607867719,0.003615127919911012,0.03122155893255364
130,137,R,A,1.1329787969589233,0.27975761890411377,0.9258189797401428,19,25,21,0.6781335667034413,0.0073992889703156026,0.04861751398138116
185,339,K,N,1.0994116067886353,0.8522294163703918,1.0,4,4,4,0.6765765761224286,2.156287735035363e-05,0.0010950957977980099
55,119,P,E,0.2105766236782074,2.026057004928589,0.8783349394798279,14,26,14,0.6747332163009822,0.006938124290738307,0.04719911702604935
232,351,P,Q,0.5874365568161011,1.2952549457550049,0.7725560069084167,9,9,21,0.6738885667025224,0.005603869619442478,0.04174469167287582
223,327,K,E,0.4237605333328247,1.4943398237228394,0.9999999403953552,6,6,6,0.6724995639242621,7.435474948397804e-07,0.0001539524636958352
121,228,G,K,0.3133310377597809,1.776157021522522,0.834936797618866,11,18,12,0.6721874170869038,0.0009624220147990521,0.013422379312419136
88,198,S,R,1.764112114906311,0.4868848919868469,0.8571428060531616,6,7,7,0.6713307178397853,3.531850600488957e-05,0.0014854007072055233
185,343,K,S,1.0994116067886353,2.502164363861084,0.670820415019989,3,4,5,0.6698601078841047,0.006361048818354321,0.04482152530465138
24,351,H,Q,0.30901575088500977,1.2952549457550049,0.8121950626373291,19,25,21,0.668521828572269,0.0073992889703156026,0.04861751398138116
128,173,N,K,0.3591219186782837,1.3336832523345947,0.718906044960022,21,24,24,0.6678958142145927,0.0019487884141420751,0.021645758505827367
173,350,K,I,1.3336832523345947,0.44588515162467957,0.7191216349601746,15,24,15,0.6677439661781271,0.0007044864664441971,0.010679015563323107
101,147,G,L,1.7942181825637817,0.4429302215576172,0.7185540199279785,10,11,16,0.6670820116717308,0.0005190952910641453,0.009033824103269203
206,248,T,C,0.2867075502872467,2.0473451614379883,0.7814547419548035,12,12,23,0.6669327362323283,0.0024657026325546902,0.023930947645567358
134,329,N,E,0.08913000673055649,5.488650798797607,0.8310914635658264,11,11,17,0.6644709695030516,4.3257940922012115e-05,0.001703940806470289
249,349,K,D,0.5435806512832642,1.0166199207305908,0.82789146900177,11,14,16,0.6641697623351513,0.002767970853283036,0.02566172685752164
22,220,D,Q,2.334412097930908,0.38660988211631775,1.0,4,4,4,0.664024000538125,2.156287735035363e-05,0.0010950957977980099
88,333,S,S,1.764112114906311,0.38361021876335144,0.8932164311408997,7,7,14,0.6635839994093121,0.0006379637505725315,0.010180943458030008
247,334,G,Y,0.24329553544521332,4.9847846031188965,1.0,3,3,3,0.6630252014968431,0.0001671122994652406,0.004203837522036452
28,274,Q,I,2.2457828521728516,0.2807292342185974,0.8332492113113403,9,20,9,0.661610840420965,0.0032022112111099875,0.02835291088558733
88,167,S,D,1.764112114906311,0.5880493521690369,0.7182523608207703,7,7,16,0.6606600842057626,0.0021265458352417717,0.02262431879562224
143,257,R,Q,1.0835164785385132,0.4531088173389435,0.8210418224334717,13,18,16,0.6593521595654561,0.0023496277791031943,0.023930947645567358
126,148,I,D,0.18045687675476074,2.0895473957061768,0.891659677028656,15,15,23,0.6592979455122074,0.000264182424916574,0.005599141944449742
5,33,N,I,1.3978595733642578,0.27103298902511597,0.8881815075874329,15,26,15,0.6582855776127213,0.004162874574442984,0.03419655330416615
13,347,K,S,0.8046844005584717,1.1408506631851196,0.8122671246528625,6,7,13,0.657708055937898,0.007017601256297846,0.04736989147666311
9,252,R,Y,0.530097484588623,1.3161486387252808,0.6868129372596741,13,13,22,0.6575093672691716,0.0005360223114249326,0.009150909250439685
148,289,D,Q,2.0895473957061768,0.1441153883934021,0.9524639248847961,17,23,17,0.6560966847847325,4.325794092201211e-05,0.001703940806470289
147,260,L,R,0.4429302215576172,1.011434555053711,0.854653537273407,13,16,17,0.655631454052222,0.0007773316613802991,0.011412641901353543
94,331,Q,W,0.6263810396194458,1.813126564025879,0.8760303854942322,4,6,4,0.6525459084628278,0.0003234431602553045,0.006464859984364444
120,299,F,R,1.443375587463379,0.44116654992103577,0.7564849257469177,11,22,11,0.651456818131536,0.0024657026325546902,0.023930947645567358
18,260,H,R,0.39586523175239563,1.011434555053711,0.873940646648407,14,18,17,0.6503775390677624,0.0007773316613802991,0.011412641901353543
88,338,S,K,1.764112114906311,0.7150042057037354,0.7438613772392273,5,7,9,0.650089900232336,0.007423578188480367,0.04861751398138116
206,326,T,Q,0.2867075502872467,1.6754475831985474,0.9365748167037964,9,12,11,0.6491236967523718,0.0001827487219753136,0.004554617231563351
139,313,S,A,1.3527185916900635,0.3507564961910248,0.8721574544906616,11,15,13,0.6483296413046146,0.00026095823056213833,0.005599141944449742
109,177,R,E,0.7582150101661682,1.0330119132995605,0.861958920955658,6,14,6,0.6446775061252242,0.0022328731270038604,0.022939504318249725
164,338,Q,K,1.0841795206069946,0.7150042057037354,0.8638546466827393,6,6,9,0.6427656595663823,6.245798956654156e-05,0.002183325896466713
2,17,E,D,1.5262149572372437,0.4995957314968109,0.6815884113311768,11,15,14,0.6422939032106704,0.0010075607357611517,0.01356008852114125
260,313,R,A,1.011434555053711,0.3507564961910248,0.9401142597198486,13,17,13,0.6417790428708141,2.5647000546647495e-06,0.0003001442421365304
109,227,R,G,0.7582150101661682,1.1807538270950317,0.7100359201431274,8,14,9,0.6410840165903205,0.0011832319134550372,0.015539033732707364
38,208,S,L,1.1261614561080933,0.5029955506324768,0.8921025991439819,8,14,8,0.6407018315593674,0.00016539800940769338,0.004203837522036452
121,326,G,Q,0.3133310377597809,1.6754475831985474,0.8185170292854309,11,18,11,0.6400136553127117,0.00011123470522803115,0.003326741543450798
226,249,L,K,1.677716851234436,0.5435806512832642,0.7419735193252563,7,8,14,0.6398980121385485,0.003945923938726399,0.03291666869714871
28,98,Q,D,2.2457828521728516,0.2782268226146698,0.7751070857048035,10,20,10,0.638057192507986,0.0014089729328883942,0.017186489603883134
180,313,R,A,1.159852385520935,0.3507564961910248,0.8716779351234436,13,20,13,0.6372258868701931,8.353594463765187e-05,0.002753276588622129
97,141,F,V,0.12305519729852676,5.023773670196533,0.895718514919281,7,16,7,0.6360153417772559,0.002126545835241772,0.02262431879562224
56,63,H,V,2.9685845375061035,0.5607661008834839,0.8187251091003418,3,5,3,0.6359800086714106,0.0016711229946524066,0.019140876561290987
264,313,E,A,1.5531234741210938,0.3507564961910248,0.9023363590240479,8,8,13,0.6355256306709919,7.088486117472572e-05,0.00244613352967859
286,327,V,E,0.5379092693328857,1.4943398237228394,0.8384108543395996,6,9,6,0.6352478238395222,6.245798956654153e-05,0.002183325896466713
97,332,F,L,0.12305519729852676,5.340847969055176,0.8675188422203064,7,16,7,0.6351335169621525,0.002126545835241772,0.02262431879562224
112,217,E,H,2.1882593631744385,0.701019287109375,0.7335079312324524,4,10,4,0.6350058613900115,0.004528204243574262,0.03613167084162694
126,296,I,K,0.18045687675476074,1.8195407390594482,0.9175161123275757,15,15,25,0.6330690376214642,0.0017612161661104931,0.019752528961463317
18,264,H,E,0.39586523175239563,1.5531234741210938,0.8460202813148499,8,18,8,0.6330182132273473,0.002410085279940675,0.023930947645567358
206,228,T,K,0.2867075502872467,1.776157021522522,0.8510869145393372,10,12,12,0.6324827417590523,2.828646981428275e-05,0.0012900408064770335
35,97,I,F,2.5285756587982178,0.12305519729852676,0.9197112321853638,16,25,16,0.6312523927730828,0.0009269558769002594,0.013131875166436657
139,208,S,L,1.3527185916900635,0.5029955506324768,0.8468169569969177,7,15,8,0.6308213364709085,0.007088486117472572,0.04736989147666311
9,343,R,S,0.530097484588623,2.502164363861084,0.7033909559249878,5,13,5,0.6303715271451705,0.004625237191650853,0.03654867554132579
17,260,D,R,0.4995957314968109,1.011434555053711,0.820960521697998,11,14,17,0.62978877526019,0.006679993336664999,0.04634101758310988
117,177,T,E,0.8182608485221863,1.0330119132995605,0.8082922697067261,6,16,6,0.628020862232367,0.005954328338676961,0.0431608638280578
4,224,S,E,1.1491907835006714,0.7658334374427795,0.6194432377815247,11,16,13,0.6271322506545521,0.0007560735761151681,0.011222967032153974
22,203,D,Q,2.334412097930908,0.3443625867366791,1.0,4,4,4,0.6266936325705692,2.156287735035363e-05,0.0010950957977980099
2,13,E,K,1.5262149572372437,0.8046844005584717,0.6243456602096558,7,15,7,0.6248514302232824,0.0011961820323234968,0.015539033732707364
116,208,R,L,1.125261902809143,0.5029955506324768,0.8699167370796204,8,16,8,0.6245185255450546,0.0007088486117472573,0.010679015563323107
53,177,G,E,0.9704639911651611,1.0330119132995605,0.7374905943870544,6,15,6,0.624030703360203,0.0037214552116731007,0.03133550576663676
54,264,A,E,0.3757305443286896,1.5531234741210938,0.9042715430259705,7,9,8,0.6238370063898755,5.0065531319211876e-05,0.0019069771316832698
55,281,P,D,0.2105766236782074,1.4173599481582642,0.8499629497528076,21,26,22,0.6233535445881973,0.0009869353748173351,0.013553576282982645
55,180,P,R,0.2105766236782074,1.159852385520935,0.9531370401382446,20,26,20,0.6228239099148213,0.00016539800940769338,0.004203837522036452
242,332,Y,L,0.09084947407245636,5.340847969055176,0.943396270275116,7,9,7,0.622630354804807,6.691927453558023e-06,0.0005688138298864942
142,198,L,R,1.304652452468872,0.4868848919868469,0.8646546006202698,7,14,7,0.6223493645729002,0.0006379637505725315,0.010180943458030008
254,260,S,R,0.2962685227394104,1.011434555053711,0.9657272100448608,14,15,17,0.621737610624085,6.301834420033385e-06,0.0005654145701959756
97,105,F,Q,0.12305519729852676,2.4545211791992188,0.9386187791824341,15,16,24,0.621144115358416,0.006266221727845755,0.04469941837290243
173,257,K,Q,1.3336832523345947,0.4531088173389435,0.6633874177932739,15,24,16,0.6209613926030638,0.006266221727845755,0.04469941837290243
121,180,G,R,0.3133310377597809,1.159852385520935,0.8545385599136353,15,18,20,0.6203038786091881,0.0027679708532830356,0.02566172685752164
16,343,E,S,0.5960665345191956,2.502164363861084,0.6526346802711487,5,11,5,0.6202109858404098,0.0016603415559772294,0.019140876561290987
165,285,V,P,3.221543550491333,0.2326844483613968,0.8465338349342346,6,14,6,0.6193941479141304,0.0022328731270038604,0.022939504318249725
300,302,P,I,3.897759199142456,0.27108070254325867,1.0,3,3,3,0.6188659263309036,0.0001671122994652406,0.004203837522036452
26,164,R,Q,0.8379672765731812,1.0841795206069946,0.8333333134651184,5,6,6,0.6180831336581044,0.0001256595266279229,0.003572889744018411
185,326,K,Q,1.0994116067886353,1.6754475831985474,0.6486772894859314,4,4,11,0.6153650315832563,0.0071157495256167005,0.04736989147666311
134,332,N,L,0.08913000673055649,5.340847969055176,0.9319221377372742,7,11,7,0.6150575633509777,6.134266832428189e-05,0.0021821235181940183
137,271,A,Q,0.27975761890411377,1.362567663192749,0.7775949835777283,18,21,22,0.6139179339753705,0.0018467284384373276,0.020568733344432606
33,142,I,L,0.27103298902511597,1.304652452468872,0.9547370076179504,11,15,14,0.6126841444674421,0.0010075607357611517,0.01356008852114125
148,277,D,T,2.0895473957061768,0.2223815619945526,0.831960141658783,11,23,11,0.6120295780444854,0.004725930045729823,0.036658869604924545
180,254,R,S,1.159852385520935,0.2962685227394104,0.8831606507301331,14,20,15,0.6088703825423165,0.0003007294006955466,0.006242647870613746
122,252,V,Y,0.5090951919555664,1.3161486387252808,0.6674095988273621,12,12,22,0.6085657711395533,0.0011792490851348521,0.015539033732707364
177,250,E,E,1.0330119132995605,1.3784350156784058,0.6021314263343811,6,6,16,0.6072173921673226,0.005954328338676961,0.0431608638280578
289,296,Q,K,0.1441153883934021,1.8195407390594482,0.9389165639877319,17,17,25,0.603533091458313,0.0004634779384501298,0.00820742197902291
115,334,Q,Y,0.26633375883102417,4.9847846031188965,0.8693000674247742,3,5,3,0.6030395401587982,0.0016711229946524066,0.019140876561290987
98,150,D,G,0.2782268226146698,2.149380683898926,0.7466198205947876,10,10,22,0.6012709292011508,0.00493140526510938,0.037852753690327076
274,346,I,G,0.2807292342185974,2.1312055587768555,0.7770087718963623,9,9,21,0.6010109883589756,0.005603869619442478,0.04174469167287582
23,249,T,K,1.0820523500442505,0.5435806512832642,0.7830711007118225,9,12,14,0.6005612789346262,0.004522335606390353,0.03613167084162694
97,322,F,P,0.12305519729852676,2.234273672103882,0.9497115015983582,15,16,23,0.5996248541125484,0.002558398220244717,0.02441970002204488
88,274,S,I,1.764112114906311,0.2807292342185974,0.9434303045272827,7,7,9,0.5995808606282329,6.6919274535580225e-06,0.0005688138298864942
89,333,H,S,1.0292404890060425,0.38361021876335144,0.8078561425209045,14,25,14,0.5970058251957416,0.003202211211109987,0.02835291088558733
126,228,I,K,0.18045687675476074,1.776157021522522,0.944573163986206,12,15,12,0.5956979501948723,8.297559000385956e-07,0.00015582043760713172
118,126,C,I,1.9488698244094849,0.18045687675476074,0.9017114043235779,12,18,15,0.5956742166889252,0.006182099566052751,0.0445320740563132
116,314,R,G,1.125261902809143,0.5756106972694397,0.8164424896240234,7,16,7,0.5934004363891363,0.002126545835241772,0.02262431879562224
248,289,C,Q,2.0473451614379883,0.1441153883934021,0.887201726436615,16,23,17,0.5929754039568252,0.0011988629341243356,0.015539033732707364
88,297,S,K,1.764112114906311,0.41751718521118164,0.8175432085990906,6,7,11,0.5929500074449096,0.0020365765883661583,0.022313916209701
242,329,Y,E,0.09084947407245636,5.488650798797607,0.800298810005188,9,9,17,0.5929048071432543,0.00046347793845012973,0.00820742197902291
134,165,N,V,0.08913000673055649,3.221543550491333,0.9669423699378967,11,11,14,0.5922798854558,1.2722923800591796e-06,0.00019025483060920156
4,94,S,Q,1.1491907835006714,0.6263810396194458,0.8246033787727356,6,16,6,0.5912451254916268,0.005954328338676961,0.0431608638280578
297,327,K,E,0.41751718521118164,1.4943398237228394,0.8850082159042358,6,11,6,0.5907670439581246,0.0003435189426159785,0.006534192171165736
249,343,K,S,0.5435806512832642,2.502164363861084,0.6503937244415283,5,14,5,0.5902422234631002,0.0071948134092346605,0.04766047393583782
339,343,N,S,0.8522294163703918,2.502164363861084,0.6708203554153442,3,4,5,0.5897693218089521,0.006361048818354321,0.04482152530465138
94,177,Q,E,0.6263810396194458,1.0330119132995605,0.9414499402046204,5,6,6,0.5892956272507214,0.0001256595266279229,0.003572889744018411
23,337,T,F,1.0820523500442505,0.49986395239830017,0.7691156268119812,10,12,17,0.5890554845026053,0.005218358562654155,0.039790601120440326
97,150,F,G,0.12305519729852676,2.149380683898926,0.9502250552177429,15,16,22,0.5884409562886513,0.0009624220147990521,0.013422379312419136
116,147,R,L,1.125261902809143,0.4429302215576172,0.7467049360275269,12,16,16,0.5872277804000453,0.0027427018085339166,0.025574270105925036
119,289,E,Q,2.026057004928589,0.1441153883934021,0.9480411410331726,13,14,17,0.5871395407837028,2.955511491566045e-05,0.0012900408064770335
247,300,G,P,0.24329553544521332,3.897759199142456,0.9999999403953552,3,3,3,0.5862924674427477,0.0001671122994652406,0.004203837522036452
134,268,N,N,0.08913000673055649,3.3952903747558594,0.9309160113334656,11,11,18,0.5853873735944178,0.00011123470522803116,0.003326741543450798
220,331,Q,W,0.38660988211631775,1.813126564025879,1.0,4,4,4,0.5852064101424335,2.156287735035363e-05,0.0010950957977980099
222,232,C,P,1.6185617446899414,0.5874365568161011,0.6618032455444336,7,11,9,0.5827805383053165,0.0016651650820334978,0.019140876561290987
133,283,E,E,1.8076251745224,0.16380824148654938,0.9104652404785156,14,24,14,0.5826750966285973,0.0014089729328883942,0.017186489603883134
257,327,Q,E,0.4531088173389435,1.4943398237228394,0.8371787071228027,6,16,6,0.5821718612108872,0.005954328338676961,0.0431608638280578
137,349,A,D,0.27975761890411377,1.0166199207305908,0.9263474941253662,14,21,16,0.5810121608316837,0.004444551917589592,0.0360338939433304
4,337,S,F,1.1491907835006714,0.49986395239830017,0.6680784225463867,13,16,17,0.5803400700471997,0.0007773316613802991,0.011412641901353543
121,260,G,R,0.3133310377597809,1.011434555053711,0.8763402104377747,14,18,17,0.5802088699357558,0.0007773316613802991,0.011412641901353543
133,289,E,Q,1.8076251745224,0.1441153883934021,0.9223920106887817,16,24,17,0.5792799424645975,0.003299962921764923,0.02909083069707816
22,341,D,D,2.334412097930908,0.29334408044815063,1.0,4,4,4,0.578410230455772,2.156287735035363e-05,0.0010950957977980099
173,333,K,S,1.3336832523345947,0.38361021876335144,0.6869537830352783,14,24,14,0.5778830739988577,0.0014089729328883942,0.017186489603883134
293,335,K,P,0.5404300689697266,1.2189085483551025,0.7115302085876465,9,20,9,0.5774955697614904,0.0032022112111099875,0.02835291088558733
52,264,Q,E,0.4574444890022278,1.5531234741210938,0.7170289754867554,8,19,8,0.5767235122828663,0.004162874574442983,0.03419655330416615
4,16,S,E,1.1491907835006714,0.5960665345191956,0.6968117952346802,9,16,11,0.5767119234251287,0.006637004078605859,0.046321356048454936
31,274,Q,I,1.8645098209381104,0.2807292342185974,0.7957803010940552,9,21,9,0.5757306393686138,0.005603869619442478,0.04174469167287582
312,313,V,A,1.2697361707687378,0.3507564961910248,0.9023510217666626,8,8,13,0.5746373905201454,7.088486117472572e-05,0.00244613352967859
54,228,A,K,0.3757305443286896,1.776157021522522,0.778658390045166,7,9,12,0.5744562037596168,0.003699854203681985,0.03133550576663676
222,257,C,Q,1.6185617446899414,0.4531088173389435,0.670071005821228,9,11,16,0.5738345838638383,0.006637004078605858,0.046321356048454936
164,223,Q,K,1.0841795206069946,0.4237605333328247,1.0,6,6,6,0.5728197026196791,7.435474948397804e-07,0.0001539524636958352
118,289,C,Q,1.9488698244094849,0.1441153883934021,0.9424105882644653,13,18,17,0.5724267055293283,0.007459590161702603,0.04873478232843735
18,312,H,V,0.39586523175239563,1.2697361707687378,0.8460322618484497,8,18,8,0.572369007446933,0.002410085279940675,0.023930947645567358
54,139,A,S,0.3757305443286896,1.3527185916900635,0.8328371644020081,8,9,15,0.5665794737541109,0.0024264433248271495,0.023930947645567358
54,312,A,V,0.3757305443286896,1.2697361707687378,0.9042423367500305,7,9,8,0.5640412423954076,5.0065531319211876e-05,0.0019069771316832698
13,260,K,R,0.8046844005584717,1.011434555053711,0.6919236779212952,7,7,17,0.5637296845880976,0.003615127919911012,0.03122155893255364
142,274,L,I,1.304652452468872,0.2807292342185974,0.93146812915802,9,14,9,0.5637145412623381,3.816877140177539e-05,0.0015258060854405515
264,270,E,Q,1.5531234741210938,0.71842360496521,0.5589439272880554,8,8,20,0.5634044723688754,0.006938124290738306,0.04719911702604935
208,317,L,D,0.5029955506324768,3.1900229454040527,0.49151062965393066,7,8,15,0.5622674164533097,0.007088486117472572,0.04736989147666311
226,254,L,S,1.677716851234436,0.2962685227394104,0.8356510400772095,8,8,15,0.5621934830055458,0.0003544243058736286,0.006534192171165736
327,350,E,I,1.4943398237228394,0.44588515162467957,0.8146499395370483,6,6,15,0.5619715300460412,0.003721455211673101,0.03133550576663676
177,182,E,G,1.0330119132995605,0.6535075306892395,0.8080035448074341,6,6,12,0.5610458107028883,0.000687037885231957,0.010679015563323107
139,206,S,T,1.3527185916900635,0.2867075502872467,0.8650256395339966,10,15,12,0.5610050847343034,0.0009845883509857975,0.013553576282982645
125,250,E,E,0.5659806728363037,1.3784350156784058,0.7025856971740723,7,7,16,0.5604337490759596,0.0021265458352417717,0.02262431879562224
126,326,I,Q,0.18045687675476074,1.6754475831985474,0.9428867101669312,11,15,11,0.559507670779319,4.771096425221925e-06,0.00048158254571717407
55,130,P,R,0.2105766236782074,1.1329787969589233,0.8297505378723145,23,26,25,0.5593827545591713,0.0014380208550201353,0.017487979401989998
54,116,A,R,0.3757305443286896,1.125261902809143,0.856930673122406,9,9,16,0.5571995370495736,0.00021810726515300225,0.005016149971558298
43,289,R,Q,2.157576322555542,0.1441153883934021,0.8934757113456726,12,15,17,0.5549886723829005,0.002447896286460875,0.023930947645567358
179,246,E,R,1.509535789489746,0.31217458844184875,0.8466847538948059,8,19,8,0.5546269646161087,0.004162874574442983,0.03419655330416615
203,331,Q,W,0.3443625867366791,1.813126564025879,1.0,4,4,4,0.5523070411288352,2.156287735035363e-05,0.0010950957977980099
163,343,G,S,0.1973147988319397,2.502164363861084,1.0000001192092896,5,5,5,0.5467663997934916,3.5938128917256053e-06,0.0004145719805949609
179,274,E,I,1.509535789489746,0.2807292342185974,0.8365212082862854,9,19,9,0.5445559199082114,0.0017612161661104927,0.019752528961463317
206,260,T,R,0.2867075502872467,1.011434555053711,0.907616138458252,12,12,17,0.5444446995868959,1.12846802405249e-05,0.0007722355246834798
118,277,C,T,1.9488698244094849,0.2223815619945526,0.7928992509841919,10,18,11,0.5435923474250826,0.002558398220244717,0.02441970002204488
206,264,T,E,0.2867075502872467,1.5531234741210938,0.9012748003005981,7,12,8,0.5431387797922695,0.0009869353748173354,0.013553576282982645
147,227,L,G,0.4429302215576172,1.1807538270950317,0.749179482460022,9,16,9,0.5417927793431756,0.00021810726515300225,0.005016149971558298
326,339,Q,N,1.6754475831985474,0.8522294163703918,0.6486772298812866,4,11,4,0.5417898632408426,0.007115749525616699,0.04736989147666311
139,254,S,S,1.3527185916900635,0.2962685227394104,0.7921894192695618,11,15,15,0.5412151094996475,0.0030980477503183886,0.028299475133490678
164,286,Q,V,1.0841795206069946,0.5379092693328857,0.8384108543395996,6,6,9,0.5410894926519967,6.245798956654156e-05,0.002183325896466713
314,347,G,S,0.5756106972694397,1.1408506631851196,0.7888018488883972,6,7,13,0.5401990823888899,0.007017601256297846,0.04736989147666311
228,289,K,Q,1.776157021522522,0.1441153883934021,0.9559473395347595,12,12,17,0.5387570071848471,1.12846802405249e-05,0.0007722355246834798
74,118,T,C,0.2018745243549347,1.9488698244094849,0.8246632218360901,10,11,18,0.5386706621828333,0.002558398220244717,0.02441970002204488
56,215,H,V,2.9685845375061035,0.3969263434410095,0.8187249898910522,3,5,3,0.5350661620165178,0.0016711229946524066,0.019140876561290987
115,300,Q,P,0.26633375883102417,3.897759199142456,0.8693000078201294,3,5,3,0.5332490167773544,0.0016711229946524066,0.019140876561290987
125,349,E,D,0.5659806728363037,1.0166199207305908,0.7780162692070007,7,7,16,0.5329663797960363,0.0021265458352417717,0.02262431879562224
2,208,E,L,1.5262149572372437,0.5029955506324768,0.6374198794364929,8,15,8,0.5329350549006836,0.0003544243058736286,0.006534192171165736
142,223,L,K,1.304652452468872,0.4237605333328247,0.8457540273666382,6,14,6,0.5314456293626094,0.0022328731270038604,0.022939504318249725
55,260,P,R,0.2105766236782074,1.011434555053711,0.9170026183128357,17,26,17,0.5312299654169914,0.0013389362666337084,0.01668504690898749
23,26,T,R,1.0820523500442505,0.8379672765731812,0.6593443751335144,6,12,6,0.5305875631620225,0.000687037885231957,0.010679015563323107
165,242,V,Y,3.221543550491333,0.09084947407245636,0.9338875412940979,9,14,9,0.5300618951971013,3.816877140177539e-05,0.0015258060854405515
99,112,R,E,0.5144785642623901,2.1882593631744385,0.7127284407615662,4,4,10,0.5285860142747834,0.004528204243574262,0.03613167084162694
33,88,I,S,0.27103298902511597,1.764112114906311,0.840986430644989,7,15,7,0.5251630768258148,0.0011961820323234968,0.015539033732707364
119,283,E,E,2.026057004928589,0.16380824148654938,0.874772310256958,10,14,14,0.5248113932689624,0.003794876755170801,0.03185408589722523
242,268,Y,N,0.09084947407245636,3.3952903747558594,0.8990451693534851,9,9,18,0.5238657108360165,0.0009269558769002595,0.013131875166436657
34,139,N,S,0.19380198419094086,1.3527185916900635,0.8488338589668274,15,26,15,0.5233295975178958,0.004162874574442984,0.03419655330416615
34,143,N,R,0.19380198419094086,1.0835164785385132,0.8920608758926392,18,26,18,0.5227309708686931,0.0007088486117472573,0.010679015563323107
274,351,I,Q,0.2807292342185974,1.2952549457550049,0.8653774857521057,9,9,21,0.5218275958872493,0.005603869619442478,0.04174469167287582
52,312,Q,V,0.4574444890022278,1.2697361707687378,0.7170290946960449,8,19,8,0.5214605801254547,0.004162874574442983,0.03419655330416615
180,206,R,T,1.159852385520935,0.2867075502872467,0.8377692103385925,11,20,12,0.521362403086714,0.004517902339153004,0.03613167084162694
31,97,Q,F,1.8645098209381104,0.12305519729852676,0.8844782710075378,16,21,16,0.5212944198995948,9.232920196793098e-06,0.0006656770513099479
180,208,R,L,1.159852385520935,0.5029955506324768,0.7139430642127991,8,20,8,0.5203622347662432,0.006938124290738307,0.04719911702604935
27,97,K,F,2.8222668170928955,0.12305519729852676,0.7171657681465149,16,27,16,0.5200345004198508,0.005915663868945291,0.0431608638280578
147,335,L,P,0.4429302215576172,1.2189085483551025,0.7056540846824646,9,16,9,0.5184956032668384,0.00021810726515300225,0.005016149971558298
2,223,E,K,1.5262149572372437,0.4237605333328247,0.7542861700057983,6,15,6,0.5126386487809993,0.0037214552116731007,0.03133550576663676
331,341,W,D,1.813126564025879,0.29334408044815063,1.0,4,4,4,0.5097547291669701,2.156287735035363e-05,0.0010950957977980099
177,227,E,G,1.0330119132995605,1.1807538270950317,0.5931040048599243,5,6,9,0.5097147745517076,0.00240463259831185,0.023930947645567358
254,264,S,E,0.2962685227394104,1.5531234741210938,0.7872354984283447,8,15,8,0.5095762479072619,0.0003544243058736286,0.006534192171165736
270,312,Q,V,0.71842360496521,1.2697361707687378,0.5589439868927002,8,20,8,0.5094177699273754,0.006938124290738307,0.04719911702604935
94,185,Q,K,0.6263810396194458,1.0994116067886353,0.8760305047035217,4,6,4,0.5081327987265409,0.0003234431602553045,0.006464859984364444
20,143,L,R,0.6873137354850769,1.0835164785385132,0.6519433856010437,7,7,18,0.5080847763159981,0.005915663868945291,0.0431608638280578
172,335,V,P,0.4024277627468109,1.2189085483551025,0.8560590147972107,6,8,9,0.5066876605935016,0.0014380208550201351,0.017487979401989998
112,278,E,K,2.1882593631744385,0.4460272789001465,0.7335079312324524,4,10,4,0.506516341126734,0.004528204243574262,0.03613167084162694
54,260,A,R,0.3757305443286896,1.011434555053711,0.8205994367599487,9,9,17,0.5058693407055802,0.00046347793845012973,0.00820742197902291
55,116,P,R,0.2105766236782074,1.125261902809143,0.8441129922866821,16,26,16,0.5055871897320323,0.002410085279940675,0.023930947645567358
164,297,Q,K,1.0841795206069946,0.41751718521118164,0.8850081562995911,6,6,11,0.5032017530261649,0.00034351894261597856,0.006534192171165736
28,208,Q,L,2.2457828521728516,0.5029955506324768,0.49285009503364563,8,20,8,0.4998498390329088,0.006938124290738307,0.04719911702604935
33,143,I,R,0.27103298902511597,1.0835164785385132,0.8269962072372437,12,15,18,0.49922400667647643,0.0061820995660527515,0.0445320740563132
22,115,D,Q,2.334412097930908,0.26633375883102417,0.905472457408905,4,4,5,0.49904034212343484,0.00010781438675176815,0.003326741543450798
112,145,E,P,2.1882593631744385,0.323442280292511,0.761920690536499,5,10,5,0.49879441237124156,0.0009056408487148524,0.013082378726866602
164,257,Q,Q,1.0841795206069946,0.4531088173389435,0.8371787071228027,6,6,16,0.49588060784675037,0.005954328338676961,0.0431608638280578
208,260,L,R,0.5029955506324768,1.011434555053711,0.7237249612808228,8,8,17,0.4925873747009201,0.0013389362666337084,0.01668504690898749
24,142,H,L,0.30901575088500977,1.304652452468872,0.6589381098747253,14,25,14,0.4920660180106018,0.003202211211109987,0.02835291088558733
206,312,T,V,0.2867075502872467,1.2697361707687378,0.901246190071106,7,12,8,0.4910783405239605,0.0009869353748173354,0.013553576282982645
327,333,E,S,1.4943398237228394,0.38361021876335144,0.7667908668518066,6,6,14,0.4906296553031306,0.0022328731270038604,0.022939504318249725
137,335,A,P,0.27975761890411377,1.2189085483551025,0.8395091891288757,9,21,9,0.4902323618640615,0.005603869619442478,0.04174469167287582
172,349,V,D,0.4024277627468109,1.0166199207305908,0.801781952381134,8,8,16,0.4893710914112774,0.0007088486117472573,0.010679015563323107
301,334,V,Y,0.13199767470359802,4.9847846031188965,1.0000001192092896,3,3,3,0.48836682958812105,0.0001671122994652406,0.004203837522036452
220,226,Q,L,0.38660988211631775,1.677716851234436,0.8673123717308044,4,4,8,0.48823610122980576,0.0015094014145247542,0.018137523845022468
126,260,I,R,0.18045687675476074,1.011434555053711,0.9693920612335205,14,15,17,0.4870752843847478,6.301834420033385e-06,0.0005654145701959756
23,232,T,P,1.0820523500442505,0.5874365568161011,0.673444926738739,7,12,9,0.4848838661255856,0.003699854203681986,0.03133550576663676
94,250,Q,E,0.6263810396194458,1.3784350156784058,0.6150044202804565,6,6,16,0.4829451196552043,0.005954328338676961,0.0431608638280578
132,142,W,L,0.32632339000701904,1.304652452468872,0.8742722868919373,6,6,14,0.4820868952952203,0.0022328731270038604,0.022939504318249725
180,283,R,E,1.159852385520935,0.16380824148654938,0.9388101100921631,14,20,14,0.48126913945898675,2.7845314879217283e-05,0.0012900408064770335
97,320,F,S,0.12305519729852676,1.657546043395996,0.8836076259613037,15,16,23,0.48052058834286704,0.002558398220244717,0.02441970002204488
126,180,I,R,0.18045687675476074,1.159852385520935,0.8929674625396729,14,15,20,0.48046829530659424,0.0003007294006955466,0.006242647870613746
164,350,Q,I,1.0841795206069946,0.44588515162467957,0.8146499395370483,6,6,15,0.47867443014538436,0.003721455211673101,0.03133550576663676
232,327,P,E,0.5874365568161011,1.4943398237228394,0.6548677682876587,5,9,6,0.4774444015662511,0.0024046325983118496,0.023930947645567358
115,226,Q,L,0.26633375883102417,1.677716851234436,0.9144755601882935,5,5,8,0.4756730707428982,0.00020125352193663392,0.004954283024653167
150,169,G,Q,2.149380683898926,0.12415008991956711,0.845554530620575,11,22,11,0.47137462566346605,0.0024657026325546902,0.023930947645567358
115,228,Q,K,0.26633375883102417,1.776157021522522,0.8784759044647217,5,5,12,0.470162147293107,0.002846299810246679,0.02612650293899192
33,222,I,C,0.27103298902511597,1.6185617446899414,0.7040051221847534,9,15,11,0.46628509367431065,0.003195680385613644,0.02835291088558733
33,327,I,E,0.27103298902511597,1.4943398237228394,0.8649032115936279,6,15,6,0.4651685739011314,0.0037214552116731007,0.03133550576663676
99,335,R,P,0.5144785642623901,1.2189085483551025,0.8396999835968018,4,4,9,0.4647847683822995,0.002716922546144558,0.025510637970847013
122,227,V,G,0.5090951919555664,1.1807538270950317,0.6609559655189514,7,12,9,0.4627886853866876,0.003699854203681986,0.03133550576663676
4,299,S,R,1.1491907835006714,0.44116654992103577,0.6221855282783508,10,16,11,0.46135133683991303,0.0005190952910641453,0.009033824103269203
203,226,Q,L,0.3443625867366791,1.677716851234436,0.8673123717308044,4,4,8,0.4607882479907916,0.0015094014145247542,0.018137523845022468
254,312,S,V,0.2962685227394104,1.2697361707687378,0.7872821092605591,8,15,8,0.46077471970384654,0.0003544243058736286,0.006534192171165736
134,322,N,P,0.08913000673055649,2.234273672103882,0.90289705991745,11,11,23,0.4605754789710431,0.004725930045729822,0.036658869604924545
97,120,F,F,0.12305519729852676,1.443375587463379,0.8881261944770813,16,16,22,0.4605512099402628,3.385404072157469e-05,0.0014464094342969398
121,264,G,E,0.3133310377597809,1.5531234741210938,0.6901406049728394,8,18,8,0.4594106303612099,0.002410085279940675,0.023930947645567358
74,222,T,C,0.2018745243549347,1.6185617446899414,0.8004359602928162,9,11,11,0.4575430737345587,4.95250294864245e-05,0.001904355238019932
141,282,V,F,5.023773670196533,0.06929626315832138,0.8276031017303467,5,7,6,0.4564583562916722,0.0004267962620380339,0.007728982391057252
185,220,K,Q,1.0994116067886353,0.38660988211631775,1.0,4,4,4,0.45569595441045796,2.156287735035363e-05,0.0010950957977980099
88,132,S,W,1.764112114906311,0.32632339000701904,0.7715166211128235,5,7,6,0.45550851472615417,0.0004267962620380339,0.007728982391057252
134,150,N,G,0.08913000673055649,2.149380683898926,0.9104142189025879,11,11,22,0.455501794580022,0.0024657026325546902,0.023930947645567358
313,343,A,S,0.3507564961910248,2.502164363861084,0.62457275390625,5,13,5,0.45531067563792926,0.004625237191650853,0.03654867554132579
116,172,R,V,1.125261902809143,0.4024277627468109,0.7080099582672119,8,16,8,0.4546413164483415,0.0007088486117472573,0.010679015563323107
97,142,F,L,0.12305519729852676,1.304652452468872,0.9847253561019897,13,16,14,0.4522157196457285,7.327714441899286e-06,0.0006037886979653676
5,97,N,F,1.3978595733642578,0.12305519729852676,0.8859640955924988,16,26,16,0.45212806418246526,0.002410085279940675,0.023930947645567358
23,74,T,T,1.0820523500442505,0.2018745243549347,0.9178460836410522,10,12,11,0.4467342772266542,5.117131990128129e-06,0.0004944591000821674
102,334,E,Y,0.11037767678499222,4.9847846031188965,1.0,3,3,3,0.4465844437348846,0.0001671122994652406,0.004203837522036452
191,227,P,G,0.5050026178359985,1.1807538270950317,0.5763989686965942,9,21,9,0.44509189990296816,0.005603869619442478,0.04174469167287582
145,335,P,P,0.323442280292511,1.2189085483551025,0.9066885709762573,5,5,9,0.44300243921941707,0.0004528204243574262,0.008143707915722083
56,302,H,I,2.9685845375061035,0.27108070254325867,0.8187251091003418,3,5,3,0.44218284492545984,0.0016711229946524066,0.019140876561290987
246,349,R,D,0.31217458844184875,1.0166199207305908,0.8204969763755798,8,8,16,0.44107640496329453,0.0007088486117472573,0.010679015563323107
115,331,Q,W,0.26633375883102417,1.813126564025879,0.905472457408905,4,5,4,0.43980580053377066,0.00010781438675176818,0.003326741543450798
126,139,I,S,0.18045687675476074,1.3527185916900635,0.8226186037063599,11,15,15,0.43861488332748944,0.0030980477503183886,0.028299475133490678
28,134,Q,N,2.2457828521728516,0.08913000673055649,0.8574156165122986,11,20,11,0.4385000624490565,0.0005870720553701644,0.009754334967233694
97,179,F,E,0.12305519729852676,1.509535789489746,0.8859062194824219,13,16,19,0.43761537738423023,0.006182099566052751,0.0445320740563132
300,301,P,V,3.897759199142456,0.13199767470359802,1.0,3,3,3,0.4318475011563048,0.0001671122994652406,0.004203837522036452
98,351,D,Q,0.2782268226146698,1.2952549457550049,0.6892651319503784,10,10,21,0.4309014542235961,0.00268985741733239,0.02540420973673463
185,203,K,Q,1.0994116067886353,0.3443625867366791,1.0,4,4,4,0.43007745621508703,2.156287735035363e-05,0.0010950957977980099
260,289,R,Q,1.011434555053711,0.1441153883934021,0.9545259475708008,14,17,17,0.4286006571514605,0.00020619845622454677,0.004954283024653167
126,226,I,L,0.18045687675476074,1.677716851234436,0.8161278963088989,8,15,8,0.4285120450438938,0.0003544243058736286,0.006534192171165736
143,198,R,R,1.0835164785385132,0.4868848919868469,0.6519433856010437,7,18,7,0.4276335989476113,0.005915663868945292,0.0431608638280578
289,326,Q,Q,0.1441153883934021,1.6754475831985474,0.8344323039054871,10,17,11,0.4269983851889489,0.0011988629341243356,0.015539033732707364
226,341,L,D,1.677716851234436,0.29334408044815063,0.8673123717308044,4,8,4,0.4252869709533119,0.0015094014145247542,0.018137523845022468
180,289,R,Q,1.159852385520935,0.1441153883934021,0.8844166398048401,14,20,17,0.42525993208970975,0.006679993336664999,0.04634101758310988
124,334,F,Y,0.07466387748718262,4.9847846031188965,1.0,3,3,3,0.4250724580635244,0.0001671122994652406,0.004203837522036452
250,277,E,T,1.3784350156784058,0.2223815619945526,0.7634994983673096,9,16,11,0.4227185367388775,0.006637004078605859,0.046321356048454936
226,289,L,Q,1.677716851234436,0.1441153883934021,0.8976285457611084,8,8,17,0.4211821201229981,0.0013389362666337084,0.01668504690898749
43,251,R,T,2.157576322555542,0.06994912028312683,0.8672586679458618,10,15,10,0.41951380396905336,2.290126284106523e-05,0.001120773888970055
56,247,H,G,2.9685845375061035,0.24329553544521332,0.8187251687049866,3,5,3,0.4189089987154152,0.0016711229946524066,0.019140876561290987
141,275,V,Y,5.023773670196533,0.02675086259841919,0.8446131944656372,4,7,4,0.4184383040017919,0.0007547007072623771,0.011222967032153974
164,333,Q,S,1.0841795206069946,0.38361021876335144,0.7667909264564514,6,6,14,0.41790709380074303,0.0022328731270038604,0.022939504318249725
172,180,V,R,0.4024277627468109,1.159852385520935,0.6409162878990173,8,8,20,0.41783555748097606,0.006938124290738306,0.04719911702604935
260,283,R,E,1.011434555053711,0.16380824148654938,0.916359543800354,12,17,14,0.4154949799603126,0.000634140407801964,0.010180943458030008
121,312,G,V,0.3133310377597809,1.2697361707687378,0.6901615858078003,8,18,8,0.4154014390746484,0.002410085279940675,0.023930947645567358
54,292,A,M,0.3757305443286896,1.127050757408142,0.6364033818244934,9,9,21,0.4141355067728198,0.005603869619442478,0.04174469167287582
281,289,D,Q,1.4173599481582642,0.1441153883934021,0.7604828476905823,15,22,17,0.4138609432836568,0.005218358562654156,0.039790601120440326
147,177,L,E,0.4429302215576172,1.0330119132995605,0.7238876223564148,6,16,6,0.4138076994967674,0.005954328338676961,0.0431608638280578
126,264,I,E,0.18045687675476074,1.5531234741210938,0.8140150308609009,8,15,8,0.411226311113572,0.0003544243058736286,0.006534192171165736
260,314,R,G,1.011434555053711,0.5756106972694397,0.5945297479629517,7,17,7,0.4096735626333336,0.003615127919911012,0.03122155893255364
4,74,S,T,1.1491907835006714,0.2018745243549347,0.8477184772491455,9,16,11,0.4083085504963616,0.006637004078605859,0.046321356048454936
164,232,Q,P,1.0841795206069946,0.5874365568161011,0.6548678278923035,5,6,9,0.40667620231288176,0.00240463259831185,0.023930947645567358
165,282,V,F,3.221543550491333,0.06929626315832138,0.8465338945388794,6,14,6,0.4060536787407071,0.0022328731270038604,0.022939504318249725
125,347,E,S,0.5659806728363037,1.1408506631851196,0.5519824028015137,7,7,13,0.400563579986719,0.00031898187528626575,0.006423388266537636
18,227,H,G,0.39586523175239563,1.1807538270950317,0.5853029489517212,9,18,9,0.40016036745710803,0.0009269558769002595,0.013131875166436657
99,101,R,G,0.5144785642623901,1.7942181825637817,0.5936384797096252,4,4,11,0.3986592561098682,0.0071157495256167005,0.04736989147666311
220,343,Q,S,0.38660988211631775,2.502164363861084,0.670820415019989,3,4,5,0.3972285286668518,0.006361048818354321,0.04482152530465138
163,226,G,L,0.1973147988319397,1.677716851234436,0.8867262005805969,5,5,8,0.397002026372982,0.00020125352193663392,0.004954283024653167
185,341,K,D,1.0994116067886353,0.29334408044815063,1.0,4,4,4,0.3969422818975088,2.156287735035363e-05,0.0010950957977980099
139,289,S,Q,1.3527185916900635,0.1441153883934021,0.7830120325088501,13,15,17,0.39624197501958,0.0001807014381372364,0.004517535853665322
33,164,I,Q,0.27103298902511597,1.0841795206069946,0.8649032115936279,6,15,6,0.39621989750160963,0.0037214552116731007,0.03133550576663676
118,251,C,T,1.9488698244094849,0.06994912028312683,0.8971757888793945,9,18,10,0.39606727542052994,0.006266221727845755,0.04469941837290243
102,300,E,P,0.11037767678499222,3.897759199142456,1.0,3,3,3,0.39490069224216395,0.0001671122994652406,0.004203837522036452
28,242,Q,Y,2.2457828521728516,0.09084947407245636,0.8332581520080566,9,20,9,0.3948784669061952,0.0032022112111099875,0.02835291088558733
142,285,L,P,1.304652452468872,0.2326844483613968,0.8457540273666382,6,14,6,0.3938059425847142,0.0022328731270038604,0.022939504318249725
101,145,G,P,1.7942181825637817,0.323442280292511,0.6590301394462585,5,11,5,0.3906657321760746,0.0016603415559772294,0.019140876561290987
94,227,Q,G,0.6263810396194458,1.1807538270950317,0.5773658752441406,5,6,9,0.3863795335862934,0.00240463259831185,0.023930947645567358
31,134,Q,N,1.8645098209381104,0.08913000673055649,0.8282692432403564,11,21,11,0.38596530041292965,0.0012328513162773453,0.015579458874109579
4,277,S,T,1.1491907835006714,0.2223815619945526,0.7566816806793213,9,16,11,0.3825239882306363,0.006637004078605859,0.046321356048454936
285,327,P,E,0.2326844483613968,1.4943398237228394,0.8333332538604736,5,6,6,0.38237641429549446,0.0001256595266279229,0.003572889744018411
38,172,S,V,1.1261614561080933,0.4024277627468109,0.6245127320289612,7,14,8,0.379679038079157,0.003945923938726399,0.03291666869714871
134,142,N,L,0.08913000673055649,1.304652452468872,0.9647109508514404,11,11,14,0.3760443046532772,1.2722923800591796e-06,0.00019025483060920156
124,300,F,P,0.07466387748718262,3.897759199142456,0.9999999403953552,3,3,3,0.3758782919825473,0.0001671122994652406,0.004203837522036452
203,343,Q,S,0.3443625867366791,2.502164363861084,0.670820415019989,3,4,5,0.374896975695382,0.006361048818354321,0.04482152530465138
74,252,T,Y,0.2018745243549347,1.3161486387252808,0.6704972386360168,11,11,22,0.37297919806850843,0.0024657026325546902,0.023930947645567358
126,312,I,V,0.18045687675476074,1.2697361707687378,0.814039945602417,8,15,8,0.37183300818893134,0.0003544243058736286,0.006534192171165736
22,186,D,E,2.334412097930908,0.12092123925685883,1.0,4,4,4,0.3713629697307118,2.156287735035363e-05,0.0010950957977980099
89,97,H,F,1.0292404890060425,0.12305519729852676,0.8467323184013367,16,25,16,0.3707815691690927,0.0009269558769002594,0.013131875166436657
277,343,T,S,0.2223815619945526,2.502164363861084,0.6372821927070618,5,11,5,0.36991599331199326,0.0016603415559772294,0.019140876561290987
119,163,E,G,2.026057004928589,0.1973147988319397,0.742089033126831,5,14,5,0.3651116518523701,0.0071948134092346605,0.04766047393583782
88,97,S,F,1.764112114906311,0.12305519729852676,0.8675187230110168,7,7,16,0.3650252906589663,0.0021265458352417717,0.02262431879562224
220,326,Q,Q,0.38660988211631775,1.6754475831985474,0.6486772894859314,4,4,11,0.3649128276364524,0.0071157495256167005,0.04736989147666311
163,228,G,K,0.1973147988319397,1.776157021522522,0.7897982597351074,5,5,12,0.3638318377889258,0.002846299810246679,0.02612650293899192
134,320,N,S,0.08913000673055649,1.657546043395996,0.8261231184005737,11,11,23,0.36297103167934697,0.004725930045729822,0.036658869604924545
283,343,E,S,0.16380824148654938,2.502164363861084,0.7266197204589844,5,14,5,0.36199034850310996,0.0071948134092346605,0.04766047393583782
134,179,N,E,0.08913000673055649,1.509535789489746,0.8623508214950562,11,11,19,0.361576401363606,0.00026418242491657394,0.005599141944449742
226,229,L,P,1.677716851234436,0.07893357425928116,0.977443516254425,7,8,7,0.3615613759965871,1.4870949896795608e-06,0.00020703952014267495
222,285,C,P,1.6185617446899414,0.2326844483613968,0.6963210105895996,6,11,6,0.361131115002919,0.0003435189426159785,0.006534192171165736
242,346,Y,G,0.09084947407245636,2.1312055587768555,0.7770155668258667,9,9,21,0.35870909620187813,0.005603869619442478,0.04174469167287582
88,242,S,Y,1.764112114906311,0.09084947407245636,0.943396270275116,7,7,9,0.3578394957861473,6.6919274535580225e-06,0.0005688138298864942
118,229,C,P,1.9488698244094849,0.07893357425928116,0.8947137594223022,7,18,7,0.3567028332394031,0.005915663868945292,0.0431608638280578
95,112,E,E,0.23339402675628662,2.1882593631744385,0.7127284407615662,4,4,10,0.3560220480995919,0.004528204243574262,0.03613167084162694
229,343,P,S,0.07893357425928116,2.502164363861084,0.9124660491943359,5,7,5,0.3551719430646141,7.547007072623769e-05,0.0025605917991405086
58,226,V,L,0.1572946459054947,1.677716851234436,0.8867262005805969,5,5,8,0.35446214724859404,0.00020125352193663392,0.004954283024653167
88,134,S,N,1.764112114906311,0.08913000673055649,0.9319219589233398,7,7,11,0.3534871764925641,6.134266832428186e-05,0.0021821235181940183
226,251,L,T,1.677716851234436,0.06994912028312683,0.9517434239387512,7,8,10,0.3520547798747959,0.00016110195721528574,0.004203837522036452
22,74,D,T,2.334412097930908,0.2018745243549347,0.7325328588485718,4,4,11,0.3514917775457088,0.0071157495256167005,0.04736989147666311
58,343,V,S,0.1572946459054947,2.502164363861084,0.8000001311302185,4,5,5,0.35080314988776967,0.0005246966821919383,0.009111667825509946
134,351,N,Q,0.08913000673055649,1.2952549457550049,0.9016329646110535,11,11,21,0.35018843613648243,0.0012328513162773453,0.015579458874109579
177,254,E,S,1.0330119132995605,0.2962685227394104,0.7464517951011658,6,6,15,0.3489830085232399,0.003721455211673101,0.03133550576663676
169,281,Q,D,0.12415008991956711,1.4173599481582642,0.7658120393753052,11,11,22,0.34668110853511863,0.0024657026325546902,0.023930947645567358
226,277,L,T,1.677716851234436,0.2223815619945526,0.6709213852882385,6,8,11,0.34632787727801895,0.006864926170690746,0.04719911702604935
341,343,D,S,0.29334408044815063,2.502164363861084,0.6708203554153442,3,4,5,0.3460131323695573,0.006361048818354321,0.04482152530465138
203,326,Q,Q,0.3443625867366791,1.6754475831985474,0.6486772298812866,4,4,11,0.34439798007960787,0.0071157495256167005,0.04736989147666311
31,242,Q,Y,1.8645098209381104,0.09084947407245636,0.7957943081855774,9,21,9,0.34362374461780676,0.005603869619442478,0.04174469167287582
251,343,T,S,0.06994912028312683,2.502164363861084,0.8821084499359131,5,10,5,0.3433554294256561,0.0009056408487148524,0.013082378726866602
112,284,E,N,2.1882593631744385,0.21606603264808655,0.7127283215522766,4,10,4,0.3425509702111823,0.004528204243574262,0.03613167084162694
115,185,Q,K,0.26633375883102417,1.0994116067886353,0.9054725170135498,4,5,4,0.3424735849589108,0.00010781438675176818,0.003326741543450798
120,134,F,N,1.443375587463379,0.08913000673055649,0.831597089767456,11,22,11,0.34095497218564774,0.0024657026325546902,0.023930947645567358
191,335,P,P,0.5050026178359985,1.2189085483551025,0.4305301308631897,9,21,9,0.33778155236938984,0.005603869619442478,0.04174469167287582
142,242,L,Y,1.304652452468872,0.09084947407245636,0.9314805269241333,9,14,9,0.3364505152053959,3.816877140177539e-05,0.0015258060854405515
228,229,K,P,1.776157021522522,0.07893357425928116,0.8836296796798706,7,12,7,0.3363117185491001,0.0001472224039782765,0.00414223332131056
43,229,R,P,2.157576322555542,0.07893357425928116,0.7963022589683533,7,15,7,0.3340350647797172,0.0011961820323234968,0.015539033732707364
4,251,S,T,1.1491907835006714,0.06994912028312683,0.9459921717643738,10,16,10,0.33396282994304205,6.107003424284062e-05,0.0021821235181940183
177,313,E,A,1.0330119132995605,0.3507564961910248,0.6562172770500183,6,6,13,0.33381840789564327,0.0012759275011450632,0.01609861684300995
88,98,S,D,1.764112114906311,0.2782268226146698,0.5558385848999023,6,7,10,0.32909279551998466,0.0009591762683433167,0.013422379312419136
186,331,E,W,0.12092123925685883,1.813126564025879,1.0,4,4,4,0.327283336445405,2.156287735035363e-05,0.0010950957977980099
58,119,V,E,0.1572946459054947,2.026057004928589,0.743355929851532,5,5,14,0.32654544498169397,0.007194813409234661,0.04766047393583782
164,285,Q,P,1.0841795206069946,0.2326844483613968,0.8333333730697632,5,6,6,0.3256994858478595,0.0001256595266279229,0.003572889744018411
132,327,W,E,0.32632339000701904,1.4943398237228394,0.6666666865348816,4,6,6,0.3253988995546424,0.004341573822369478,0.03555599331117139
179,242,E,Y,1.509535789489746,0.09084947407245636,0.8365288972854614,9,19,9,0.32501443882431585,0.0017612161661104927,0.019752528961463317
58,228,V,K,0.1572946459054947,1.776157021522522,0.7897982597351074,5,5,12,0.3248462372806708,0.002846299810246679,0.02612650293899192
227,283,G,E,1.1807538270950317,0.16380824148654938,0.7370302081108093,9,9,14,0.32414016087761544,3.816877140177538e-05,0.0015258060854405515
163,177,G,E,0.1973147988319397,1.0330119132995605,0.9201211929321289,5,5,6,0.3232522437136967,2.156287735035363e-05,0.0010950957977980099
143,169,R,Q,1.0835164785385132,0.12415008991956711,0.8424755334854126,10,18,11,0.321783002465874,0.002558398220244717,0.02441970002204488
229,334,P,Y,0.07893357425928116,4.9847846031188965,0.7531238198280334,3,7,3,0.32013219332049303,0.005848930481283422,0.0431608638280578
95,335,E,P,0.23339402675628662,1.2189085483551025,0.8562970757484436,4,4,9,0.3192371533961272,0.002716922546144558,0.025510637970847013
326,341,Q,D,1.6754475831985474,0.29334408044815063,0.6486772894859314,4,11,4,0.3178639816609298,0.007115749525616699,0.04736989147666311
163,222,G,C,0.1973147988319397,1.6185617446899414,0.7177304625511169,5,5,11,0.31562388717498646,0.0016603415559772294,0.019140876561290987
242,351,Y,Q,0.09084947407245636,1.2952549457550049,0.8653888702392578,9,9,21,0.31145043018275115,0.005603869619442478,0.04174469167287582
97,173,F,K,0.12305519729852676,1.3336832523345947,0.63518887758255,15,16,24,0.30984820018603015,0.006266221727845755,0.04469941837290243
74,331,T,W,0.2018745243549347,1.813126564025879,0.7325328588485718,4,11,4,0.30977079317225226,0.007115749525616699,0.04736989147666311
56,301,H,V,2.9685845375061035,0.13199767470359802,0.8187251687049866,3,5,3,0.30855725353838154,0.0016711229946524066,0.019140876561290987
284,335,N,P,0.21606603264808655,1.2189085483551025,0.8562970757484436,4,4,9,0.3071579850110087,0.002716922546144558,0.025510637970847013
97,327,F,E,0.12305519729852676,1.4943398237228394,0.8426558971405029,6,16,6,0.30537397669584104,0.005954328338676961,0.0431608638280578
58,177,V,E,0.1572946459054947,1.0330119132995605,0.9710772037506104,5,5,6,0.30459825697457027,2.156287735035363e-05,0.0010950957977980099
250,251,E,T,1.3784350156784058,0.06994912028312683,0.7603069543838501,10,16,10,0.29396568263271533,6.107003424284062e-05,0.0021821235181940183
95,227,E,G,0.23339402675628662,1.1807538270950317,0.7918087244033813,4,4,9,0.29053828649406926,0.002716922546144558,0.025510637970847013
95,101,E,G,0.23339402675628662,1.7942181825637817,0.6385062336921692,4,4,11,0.28880597611825903,0.0071157495256167005,0.04736989147666311
251,281,T,D,0.06994912028312683,1.4173599481582642,0.7351308465003967,10,10,22,0.28821677035551857,0.00493140526510938,0.037852753690327076
246,347,R,S,0.31217458844184875,1.1408506631851196,0.5276861190795898,7,8,13,0.28439363397530304,0.0020556609740670466,0.022431706775269292
229,300,P,P,0.07893357425928116,3.897759199142456,0.7531238198280334,3,7,3,0.2830829119213893,0.005848930481283422,0.0431608638280578
56,102,H,E,2.9685845375061035,0.11037767678499222,0.818725049495697,3,5,3,0.282158528069911,0.0016711229946524066,0.019140876561290987
23,285,T,P,1.0820523500442505,0.2326844483613968,0.6593443751335144,6,12,6,0.2795935930752116,0.000687037885231957,0.010679015563323107
227,284,G,N,1.1807538270950317,0.21606603264808655,0.7918087244033813,4,9,4,0.2795450144154559,0.002716922546144557,0.025510637970847013
101,284,G,N,1.7942181825637817,0.21606603264808655,0.6385061740875244,4,11,4,0.27787822457038297,0.007115749525616699,0.04736989147666311
132,164,W,Q,0.32632339000701904,1.0841795206069946,0.6666666865348816,4,6,6,0.27716730205441636,0.004341573822369478,0.03555599331117139
4,229,S,P,1.1491907835006714,0.07893357425928116,0.8988166451454163,7,16,7,0.27516817325500387,0.002126545835241772,0.02262431879562224
4,20,S,L,1.1491907835006714,0.6873137354850769,0.342627614736557,7,16,7,0.27499637474111843,0.002126545835241772,0.02262431879562224
22,163,D,G,2.334412097930908,0.1973147988319397,0.6708203554153442,3,4,5,0.2741035072696016,0.006361048818354321,0.04482152530465138
186,226,E,L,0.12092123925685883,1.677716851234436,0.8673124313354492,4,4,8,0.27305160776709836,0.0015094014145247542,0.018137523845022468
177,277,E,T,1.0330119132995605,0.2223815619945526,0.6695705056190491,6,6,11,0.27120985253100577,0.00034351894261597856,0.006534192171165736
126,177,I,E,0.18045687675476074,1.0330119132995605,0.7412248849868774,6,15,6,0.270455905698043,0.0037214552116731007,0.03133550576663676
56,124,H,F,2.9685845375061035,0.07466387748718262,0.8187251091003418,3,5,3,0.26856696310082734,0.0016711229946524066,0.019140876561290987
177,283,E,E,1.0330119132995605,0.16380824148654938,0.7634344696998596,6,6,14,0.2653990710316534,0.0022328731270038604,0.022939504318249725
177,229,E,P,1.0330119132995605,0.07893357425928116,0.9586969614028931,6,6,7,0.26040007824366734,5.204832463878463e-06,0.0004944591000821674
97,164,F,Q,0.12305519729852676,1.0841795206069946,0.8426558375358582,6,16,6,0.26011051471695534,0.005954328338676961,0.0431608638280578
142,282,L,F,1.304652452468872,0.06929626315832138,0.8457540273666382,6,14,6,0.25816572690577105,0.0022328731270038604,0.022939504318249725
222,251,C,T,1.6185617446899414,0.06994912028312683,0.7081132531166077,7,11,10,0.25727547314012494,0.004785021735227845,0.036939819090524205
185,186,K,E,1.0994116067886353,0.12092123925685883,1.0,4,4,4,0.2548531420355226,2.156287735035363e-05,0.0010950957977980099
177,251,E,T,1.0330119132995605,0.06994912028312683,0.9298908710479736,6,6,10,0.2525758037499435,0.00015614497391635388,0.004203837522036452
282,327,F,E,0.06929626315832138,1.4943398237228394,0.8333333730697632,5,6,6,0.25067295435363024,0.0001256595266279229,0.003572889744018411
4,169,S,Q,1.1491907835006714,0.12415008991956711,0.6340919733047485,10,16,11,0.24942292324745577,0.0005190952910641453,0.009033824103269203
229,260,P,R,0.07893357425928116,1.011434555053711,0.8654319047927856,7,7,17,0.24856090545507442,0.003615127919911012,0.03122155893255364
22,58,D,V,2.334412097930908,0.1572946459054947,0.670820415019989,3,4,5,0.24473257044991742,0.006361048818354321,0.04482152530465138
23,251,T,T,1.0820523500442505,0.06994912028312683,0.7778511047363281,8,12,10,0.24416272803222405,0.0009094234082783451,0.013090185265437785
23,163,T,G,1.0820523500442505,0.1973147988319397,0.6772018074989319,5,12,5,0.24349278332612545,0.002846299810246679,0.02612650293899192
163,331,G,W,0.1973147988319397,1.813126564025879,0.670820415019989,3,5,4,0.24156829213915906,0.006361048818354322,0.04482152530465138
74,185,T,K,0.2018745243549347,1.0994116067886353,0.732532799243927,4,11,4,0.24121623295746458,0.007115749525616699,0.04736989147666311
112,275,E,Y,2.1882593631744385,0.02675086259841919,0.7335079908370972,4,10,4,0.23983512388721126,0.004528204243574262,0.03613167084162694
222,282,C,F,1.6185617446899414,0.06929626315832138,0.6963210105895996,6,11,6,0.23674522583661756,0.0003435189426159785,0.006534192171165736
4,198,S,R,1.1491907835006714,0.4868848919868469,0.3426276445388794,7,16,7,0.23145290931487245,0.002126545835241772,0.02262431879562224
143,251,R,T,1.0835164785385132,0.06994912028312683,0.6980944275856018,9,18,10,0.22979042673679567,0.006266221727845755,0.04469941837290243
186,343,E,S,0.12092123925685883,2.502164363861084,0.670820415019989,3,4,5,0.22215456963594138,0.006361048818354321,0.04482152530465138
58,331,V,W,0.1572946459054947,1.813126564025879,0.6708204746246338,3,5,4,0.21568359217039812,0.006361048818354322,0.04482152530465138
164,282,Q,F,1.0841795206069946,0.06929626315832138,0.8333332538604736,5,6,6,0.2135174292609485,0.0001256595266279229,0.003572889744018411
229,250,P,E,0.07893357425928116,1.3784350156784058,0.6296454668045044,7,7,16,0.21111556621940006,0.0021265458352417717,0.02262431879562224
58,227,V,G,0.1572946459054947,1.1807538270950317,0.6107691526412964,5,5,9,0.2048225483411243,0.0004528204243574262,0.008143707915722083
186,326,E,Q,0.12092123925685883,1.6754475831985474,0.6486772894859314,4,4,11,0.2040816465279611,0.0071157495256167005,0.04736989147666311
23,229,T,P,1.0820523500442505,0.07893357425928116,0.7254449129104614,6,12,7,0.2016673866269664,0.003925930772754041,0.032851699971318864
163,185,G,K,0.1973147988319397,1.0994116067886353,0.670820415019989,3,5,4,0.1881074635099531,0.006361048818354322,0.04482152530465138
23,282,T,F,1.0820523500442505,0.06929626315832138,0.6593443155288696,6,12,6,0.18329199451766615,0.000687037885231957,0.010679015563323107
251,252,T,Y,0.06994912028312683,1.3161486387252808,0.46539831161499023,10,10,22,0.17582952209671637,0.00493140526510938,0.037852753690327076
58,185,V,K,0.1572946459054947,1.0994116067886353,0.6708204746246338,3,5,4,0.16795123683085372,0.006361048818354322,0.04482152530465138
22,169,D,Q,2.334412097930908,0.12415008991956711,0.4448164999485016,4,4,11,0.1673792853179072,0.0071157495256167005,0.04736989147666311
227,229,G,P,1.1807538270950317,0.07893357425928116,0.5573061108589172,5,9,7,0.14901757979445582,0.007423578188480367,0.04861751398138116
169,331,Q,W,0.12415008991956711,1.813126564025879,0.4448164999485016,4,11,4,0.1475118830248888,0.007115749525616699,0.04736989147666311
169,185,Q,K,0.12415008991956711,1.0994116067886353,0.4448164999485016,4,11,4,0.11486642517389668,0.007115749525616699,0.04736989147666311
