site_u,site_v,ref_u,ref_v,lrt_u,lrt_v,similarity,shared_branches,branches_u,branches_v,cesi,p_hyper,fdr_q
21,81,V,G,6.134928226470947,4.5534281730651855,0.9712929725646973,8,9,8,4.898724258098873,1.1408687715695505e-06,5.3309687080565546e-05
8,21,A,V,2.915553092956543,6.134928226470947,0.9439607858657837,8,10,9,3.8095873242062073,4.7370855515170454e-05,0.000766885683662808
1,21,L,V,1.856151819229126,6.134928226470947,0.9734830260276794,8,8,9,3.134719126347969,1.1408687715695505e-06,5.3309687080565546e-05
21,23,V,G,6.134928226470947,1.829126238822937,0.9220654368400574,8,9,15,2.9474543366637733,0.005355386822717675,0.018229595465671936
21,84,V,A,6.134928226470947,2.166801929473877,0.8927018046379089,7,9,9,2.939353298800759,0.0004223694604310748,0.002943700343623
8,81,A,G,2.915553092956543,4.5534281730651855,0.8766630291938782,7,10,8,2.8846520876129644,0.00032514759989732184,0.002428764736907403
21,27,V,G,6.134928226470947,1.8898515701293945,0.9247794151306152,7,9,7,2.843726153692642,1.3690425258834604e-05,0.0002872195385565164
1,81,L,G,1.856151819229126,4.5534281730651855,0.9965760707855225,8,8,8,2.764682142020388,1.2676319684106116e-07,1.2410720647234744e-05
21,134,V,G,6.134928226470947,1.4899324178695679,0.9531748294830322,8,9,8,2.749915524711833,1.1408687715695505e-06,5.3309687080565546e-05
21,53,V,M,6.134928226470947,1.5679378509521484,0.9262465238571167,8,9,8,2.741287059341034,1.1408687715695505e-06,5.3309687080565546e-05
81,84,G,A,4.5534281730651855,2.166801929473877,0.932889997959137,7,8,9,2.646307549770147,0.00010153732066969,0.0014105454725181885
23,81,G,G,1.829126238822937,4.5534281730651855,0.9531942009925842,8,15,8,2.62501165550975,0.0008157211716722285,0.004367507100444831
21,114,V,H,6.134928226470947,1.7764171361923218,0.7600067853927612,9,9,17,2.508965501595319,0.0012058486885589464,0.006276518523787396
27,81,G,G,1.8898515701293945,4.5534281730651855,0.9448878169059753,7,7,8,2.503193194914786,3.0423167241854674e-06,0.00010425004954110287
53,81,M,G,1.5679378509521484,4.5534281730651855,0.9677102565765381,8,8,8,2.4673898334120135,1.2676319684106116e-07,1.2410720647234744e-05
81,134,G,G,4.5534281730651855,1.4899324178695679,0.981542706489563,8,8,8,2.4396104770619127,1.2676319684106116e-07,1.2410720647234744e-05
50,54,S,G,1.9496970176696777,2.031978130340576,0.9480443596839905,17,25,17,2.3686983281512477,0.004078605858361142,0.015027980777471724
37,111,Q,V,4.2435383796691895,5.315694332122803,0.9999999403953552,2,2,2,2.266067306460476,0.0021505376344086026,0.009649727587835699
21,137,V,N,6.134928226470947,0.9852312207221985,0.9184609651565552,9,9,19,2.2580550695745636,0.004582225016523997,0.016586363295906445
21,117,V,G,6.134928226470947,1.6839995384216309,0.8865035772323608,5,9,5,2.217278466149612,0.0007415647015202077,0.0042117598855055
21,92,V,D,6.134928226470947,1.906291127204895,0.8206740617752075,5,9,5,2.1839067132456993,0.0007415647015202077,0.0042117598855055
21,133,V,A,6.134928226470947,1.595701813697815,0.8911951184272766,5,9,5,2.1697886396841986,0.0007415647015202077,0.0042117598855055
21,91,V,C,6.134928226470947,1.7844549417495728,0.8309903144836426,5,9,5,2.1395257504590868,0.0007415647015202077,0.0042117598855055
21,63,V,K,6.134928226470947,1.5672755241394043,0.8494443893432617,5,9,5,2.049634348663856,0.0007415647015202077,0.0042117598855055
8,84,A,A,2.915553092956543,2.166801929473877,0.8362108469009399,8,10,9,2.005601474651857,4.7370855515170454e-05,0.000766885683662808
81,92,G,D,4.5534281730651855,1.906291127204895,0.8747220635414124,5,8,5,2.005385909424394,0.00032958431178675896,0.002428764736907403
48,67,S,T,1.3910844326019287,1.8363300561904907,0.9322227239608765,21,21,26,2.000143166871335,0.0014831294030404152,0.007208780513252913
8,23,A,G,2.915553092956543,1.829126238822937,0.8641390204429626,9,10,15,1.9955652530475676,0.0018732569199271336,0.008753218472173268
42,48,S,S,3.2570626735687256,1.3910844326019287,0.8646182417869568,11,11,21,1.9861341858917008,0.004165659105930906,0.015131793817498658
81,114,G,H,4.5534281730651855,1.7764171361923218,0.7314736843109131,8,8,17,1.985176786189769,0.003081613315206196,0.012091215230695165
81,91,G,C,4.5534281730651855,1.7844549417495728,0.8786818385124207,5,8,5,1.9490263381757127,0.00032958431178675896,0.002428764736907403
81,117,G,G,4.5534281730651855,1.6839995384216309,0.8874655961990356,5,8,5,1.9122988985680676,0.00032958431178675896,0.002428764736907403
23,84,G,A,1.829126238822937,2.166801929473877,0.9531557559967041,9,15,9,1.8975591461518686,0.00024826296529154783,0.002428764736907403
21,144,V,H,6.134928226470947,1.3774815797805786,0.830392599105835,5,9,5,1.8784305059043638,0.0007415647015202077,0.0042117598855055
23,42,G,S,1.829126238822937,3.2570626735687256,0.7127037048339844,11,15,11,1.8773199855821128,1.6120971772178427e-05,0.0003347951325592632
81,133,G,A,4.5534281730651855,1.595701813697815,0.8921679854393005,5,8,5,1.8713532211953372,0.00032958431178675896,0.002428764736907403
1,8,L,A,1.856151819229126,2.915553092956543,0.8894062042236328,7,8,10,1.868522821700954,0.00032514759989732184,0.002428764736907403
81,137,G,N,4.5534281730651855,0.9852312207221985,0.9140594005584717,8,8,19,1.8474449532880608,0.009581015943641085,0.028757995167234315
21,70,V,S,6.134928226470947,1.161251425743103,0.6919090151786804,9,9,14,1.8467872282663444,9.930518611661913e-05,0.0014105454725181885
8,27,A,G,2.915553092956543,1.8898515701293945,0.8511548638343811,7,10,7,1.8043215551562872,4.563475086278201e-05,0.000766885683662808
21,45,V,D,6.134928226470947,0.5862813591957092,0.9736049771308899,8,9,8,1.761973332284767,1.1408687715695505e-06,5.3309687080565546e-05
21,103,V,L,6.134928226470947,0.878337025642395,0.8869226574897766,6,9,6,1.739915601764638,0.00011408687715695504,0.001530780139272606
11,124,A,V,1.0952095985412598,2.2127232551574707,0.9000994563102722,16,20,18,1.7241151181731054,0.001353701029669497,0.006838351952630559
23,114,G,H,1.829126238822937,1.7764171361923218,0.8331894278526306,13,15,17,1.7213580049854256,0.000752764534540879,0.00422709159553051
81,144,G,H,4.5534281730651855,1.3774815797805786,0.8759616613388062,5,8,5,1.707109044841024,0.00032958431178675896,0.002428764736907403
11,21,A,V,1.0952095985412598,6.134928226470947,0.6557989120483398,9,20,9,1.6999026684398997,0.00833131821186181,0.02579697379730193
123,124,Q,V,0.969953715801239,2.2127232551574707,0.916897177696228,17,23,18,1.686155827912991,0.0040786058583611425,0.015027980777471724
21,73,V,L,6.134928226470947,0.7306537628173828,0.7928534746170044,9,9,18,1.6786242372998041,0.0024116973771178933,0.010330103403733422
21,95,V,H,6.134928226470947,1.5488855838775635,0.7790212631225586,4,9,4,1.6785035436500102,0.004004449388209121,0.014996627220147728
1,23,L,G,1.856151819229126,1.829126238822937,0.9441142678260803,8,8,15,1.660014601031423,0.0008157211716722285,0.004367507100444831
1,84,L,A,1.856151819229126,2.166801929473877,0.9109535217285156,7,8,9,1.6498467314679512,0.00010153732066969,0.0014105454725181885
21,106,V,N,6.134928226470947,0.5085336565971375,0.9697847962379456,8,9,8,1.6345519367193047,1.1408687715695505e-06,5.3309687080565546e-05
8,134,A,G,2.915553092956543,1.4899324178695679,0.8615629076957703,7,10,8,1.62166738547971,0.00032514759989732184,0.002428764736907403
53,84,M,A,1.5679378509521484,2.166801929473877,0.973131537437439,7,8,9,1.6198567261367602,0.00010153732066969,0.0014105454725181885
42,78,S,N,3.2570626735687256,1.0791797637939453,0.85764080286026,9,11,11,1.6079235239492606,0.00012602702548052453,0.001542330696663287
1,27,L,G,1.856151819229126,1.8898515701293945,0.9463492631912231,7,8,7,1.6006746644958176,3.0423167241854674e-06,0.00010425004954110287
42,102,S,R,3.2570626735687256,1.0505837202072144,0.829501211643219,10,11,14,1.5979380514435788,0.00020527370723240533,0.002131529038329844
27,84,G,A,1.8898515701293945,2.166801929473877,0.9232218861579895,6,7,9,1.5788346192429374,0.0007164655885456776,0.0042117598855055
8,53,A,M,2.915553092956543,1.5679378509521484,0.8103103041648865,7,10,8,1.5646142741281668,0.00032514759989732184,0.002428764736907403
21,128,V,F,6.134928226470947,0.8984254598617554,0.6660993099212646,9,9,19,1.5638127588485027,0.004582225016523997,0.016586363295906445
81,95,G,H,4.5534281730651855,1.5488855838775635,0.8395050764083862,4,8,4,1.558334836368001,0.002224694104560623,0.009649727587835699
45,81,D,G,0.5862813591957092,4.5534281730651855,0.997911274433136,8,8,8,1.5558688182060874,1.2676319684106116e-07,1.2410720647234744e-05
23,27,G,G,1.829126238822937,1.8898515701293945,0.9262934327125549,7,15,7,1.555304038967167,0.0024471635150166856,0.010331351252643724
84,134,A,G,2.166801929473877,1.4899324178695679,0.954651951789856,7,9,8,1.5490626530826823,0.00010153732066969,0.0014105454725181885
1,134,L,G,1.856151819229126,1.4899324178695679,0.9756050109863281,8,8,8,1.548184853696328,1.2676319684106116e-07,1.2410720647234744e-05
11,42,A,S,1.0952095985412598,3.2570626735687256,0.758203387260437,11,20,11,1.5454031328129438,0.001983647193300431,0.009206272493501281
42,123,S,Q,3.2570626735687256,0.969953715801239,0.8045280575752258,11,11,23,1.543206867897092,0.015968359906068475,0.04198330968542172
1,53,L,M,1.856151819229126,1.5679378509521484,0.945975124835968,8,8,8,1.5399607287283048,1.2676319684106116e-07,1.2410720647234744e-05
23,53,G,M,1.829126238822937,1.5679378509521484,0.948874294757843,8,15,8,1.5333938010722763,0.0008157211716722285,0.004367507100444831
21,132,V,V,6.134928226470947,0.9221996068954468,0.827061116695404,5,9,5,1.5308013360192783,0.0007415647015202077,0.0042117598855055
23,134,G,G,1.829126238822937,1.4899324178695679,0.9551107883453369,8,15,8,1.5045881423598915,0.0008157211716722285,0.004367507100444831
70,81,S,G,1.161251425743103,4.5534281730651855,0.6852729320526123,8,14,8,1.5036775388928694,0.00038066988011370667,0.0026895437954486544
85,124,K,V,0.9324232935905457,2.2127232551574707,0.8507336378097534,16,22,18,1.503582638104662,0.014207734842256296,0.038385154530112285
84,92,A,D,2.166801929473877,1.906291127204895,0.9465109705924988,5,9,5,1.4969038029702846,0.0007415647015202077,0.0042117598855055
42,85,S,K,3.2570626735687256,0.9324232935905457,0.7957213521003723,11,11,22,1.4964941258919402,0.00833131821186181,0.02579697379730193
27,134,G,G,1.8898515701293945,1.4899324178695679,0.986514687538147,7,7,8,1.494967375910169,3.0423167241854674e-06,0.00010425004954110287
8,70,A,S,2.915553092956543,1.161251425743103,0.7797743082046509,10,10,14,1.4941942204413972,2.25693604810498e-05,0.00045919666867814073
21,69,V,F,6.134928226470947,0.8390132188796997,0.8309846520423889,5,9,5,1.4670542268776288,0.0007415647015202077,0.0042117598855055
27,53,G,M,1.8898515701293945,1.5679378509521484,0.939726710319519,7,7,8,1.460867637709283,3.0423167241854674e-06,0.00010425004954110287
84,91,A,C,2.166801929473877,1.7844549417495728,0.9545918703079224,5,9,5,1.4606432330949424,0.0007415647015202077,0.0042117598855055
8,117,A,G,2.915553092956543,1.6839995384216309,0.8461815714836121,5,10,5,1.4590126043608138,0.0014831294030404154,0.007208780513252913
81,106,G,N,4.5534281730651855,0.5085336565971375,0.9991161823272705,8,8,8,1.450787645238978,1.2676319684106116e-07,1.2410720647234744e-05
11,114,A,H,1.0952095985412598,1.7764171361923218,0.8420544266700745,16,20,17,1.4451896772855612,0.0002052737072324053,0.002131529038329844
53,134,M,G,1.5679378509521484,1.4899324178695679,0.9790348410606384,8,8,8,1.427922424402255,1.2676319684106116e-07,1.2410720647234744e-05
8,133,A,A,2.915553092956543,1.595701813697815,0.8506661057472229,5,10,5,1.4277740855913161,0.0014831294030404154,0.007208780513252913
91,92,C,D,1.7844549417495728,1.906291127204895,0.9886001348495483,5,5,5,1.418835647608055,5.8854341390492675e-06,0.0001359601462834771
8,63,A,K,2.915553092956543,1.5672755241394043,0.8424995541572571,5,10,5,1.4014152924027243,0.0014831294030404154,0.007208780513252913
63,81,K,G,1.5672755241394043,4.5534281730651855,0.7491357922554016,4,5,8,1.3988173389096608,0.00980513327565608,0.028757995167234315
81,132,G,V,4.5534281730651855,0.9221996068954468,0.8697245717048645,5,8,5,1.3868435506564334,0.00032958431178675896,0.002428764736907403
73,81,L,G,0.7306537628173828,4.5534281730651855,0.7954691052436829,8,18,8,1.3845451871183039,0.0055469039673711525,0.018510212586186944
21,56,V,P,6.134928226470947,0.626492440700531,0.826353132724762,6,9,10,1.369100827652489,0.015151481331294653,0.040774142974256224
11,81,A,G,1.0952095985412598,4.5534281730651855,0.6377037763595581,8,20,8,1.358925393552048,0.01596835990606847,0.04198330968542172
102,114,R,H,1.0505837202072144,1.7764171361923218,0.8912769556045532,12,14,17,1.3563244609024163,0.002251686833436706,0.00974624838091825
21,57,V,K,6.134928226470947,0.6708282232284546,0.8540390729904175,5,9,7,1.348193305314131,0.011785174410313456,0.03252391842187651
21,89,V,L,6.134928226470947,0.7050305604934692,0.8307808637619019,5,9,5,1.344495083364607,0.0007415647015202077,0.0042117598855055
21,131,V,V,6.134928226470947,0.30719128251075745,0.9766560196876526,9,9,9,1.3407592993847595,4.960299006824131e-08,1.2410720647234744e-05
69,81,F,G,0.8390132188796997,4.5534281730651855,0.8787199258804321,5,5,8,1.3364974701858738,0.00032958431178675896,0.002428764736907403
21,59,V,K,6.134928226470947,0.3213687539100647,0.9863730072975159,8,9,8,1.321619707522196,1.1408687715695505e-06,5.3309687080565546e-05
78,114,N,H,1.0791797637939453,1.7764171361923218,0.8749870657920837,11,11,17,1.307420819243905,0.00014616347740108442,0.001675447317150732
68,124,A,V,0.6174178719520569,2.2127232551574707,0.9267358183860779,15,16,18,1.304304104306189,3.5805526778206823e-05,0.0006291979583553397
11,23,A,G,1.0952095985412598,1.829126238822937,0.7642495632171631,15,20,15,1.3024930763719291,5.158710967097097e-05,0.0008221945696954377
53,92,M,D,1.5679378509521484,1.906291127204895,0.9672336578369141,5,8,5,1.3012311635304665,0.00032958431178675896,0.002428764736907403
73,114,L,H,0.7306537628173828,1.7764171361923218,0.940178394317627,15,18,17,1.2897582660873232,0.00024758418753271925,0.002428764736907403
8,11,A,A,2.915553092956543,1.0952095985412598,0.692344605922699,10,10,20,1.288385812141492,0.004165659105930906,0.015131793817498658
84,144,A,H,2.166801929473877,1.3774815797805786,0.9527724981307983,5,9,5,1.2808720210546236,0.0007415647015202077,0.0042117598855055
23,92,G,D,1.829126238822937,1.906291127204895,0.8805131912231445,5,15,5,1.2794294390051992,0.01767395871956495,0.04480598993718845
81,103,G,L,4.5534281730651855,0.878337025642395,0.8163437843322754,5,8,6,1.2703896603843967,0.0017873610754589621,0.008409186351609584
1,114,L,H,1.856151819229126,1.7764171361923218,0.732555091381073,8,8,17,1.2693409041652248,0.003081613315206196,0.012091215230695165
117,133,G,A,1.6839995384216309,1.595701813697815,0.9946308732032776,5,5,5,1.2687405151823943,5.8854341390492675e-06,0.0001359601462834771
81,128,G,F,4.5534281730651855,0.8984254598617554,0.6544198393821716,8,8,19,1.2630643778085122,0.009581015943641085,0.028757995167234315
1,117,L,G,1.856151819229126,1.6839995384216309,0.9174107313156128,5,8,5,1.2621342940508327,0.00032958431178675896,0.002428764736907403
53,91,M,C,1.5679378509521484,1.7844549417495728,0.9690490961074829,5,8,5,1.2613250350116116,0.00032958431178675896,0.002428764736907403
54,110,G,I,2.031978130340576,0.9048746824264526,0.859664797782898,11,17,14,1.2579902240649037,0.019239472887589412,0.048469083087659987
23,91,G,C,1.829126238822937,1.7844549417495728,0.8907437920570374,5,15,5,1.2522512011433844,0.01767395871956495,0.04480598993718845
23,85,G,K,1.829126238822937,0.9324232935905457,0.7931549549102783,15,15,22,1.2472577248672108,0.0005674582063806805,0.0038632255029056642
92,144,D,H,1.906291127204895,1.3774815797805786,0.9807747602462769,5,5,5,1.2367183758916909,5.8854341390492675e-06,0.0001359601462834771
1,133,L,A,1.856151819229126,1.595701813697815,0.9222379922866821,5,8,5,1.2350645205005069,0.00032958431178675896,0.002428764736907403
42,115,S,H,3.2570626735687256,0.5686140656471252,0.8688161373138428,10,11,13,1.2313010751592075,6.172029192776885e-05,0.0009686787424338911
81,89,G,L,4.5534281730651855,0.7050305604934692,0.8770676255226135,5,8,5,1.2228419152201262,0.00032958431178675896,0.002428764736907403
1,92,L,D,1.856151819229126,1.906291127204895,0.8338860273361206,5,8,5,1.2205963793326264,0.00032958431178675896,0.002428764736907403
91,144,C,H,1.7844549417495728,1.3774815797805786,0.9989757537841797,5,5,5,1.2187500888257563,5.8854341390492675e-06,0.0001359601462834771
21,79,V,L,6.134928226470947,0.28705692291259766,0.9596726298332214,8,9,8,1.2152639750227128,1.1408687715695505e-06,5.3309687080565546e-05
21,141,V,H,6.134928226470947,0.31886565685272217,0.960328221321106,7,9,7,1.2129959061552935,1.3690425258834604e-05,0.0002872195385565164
1,91,L,C,1.856151819229126,1.7844549417495728,0.8442447781562805,5,8,5,1.1956166203791005,0.00032958431178675896,0.002428764736907403
11,123,A,Q,1.0952095985412598,0.969953715801239,0.9050703644752502,18,20,23,1.1928706155263502,0.01198482644533813,0.03298634858215988
23,73,G,L,1.829126238822937,0.7306537628173828,0.89398592710495,13,15,18,1.1845174712457496,0.0023587527119292647,0.010124416893546418
92,134,D,G,1.906291127204895,1.4899324178695679,0.9029080867767334,5,5,8,1.1840920367766965,0.00032958431178675896,0.002428764736907403
14,92,G,D,1.9377819299697876,1.906291127204895,0.8780568838119507,4,8,5,1.1795823209956806,0.00980513327565608,0.028757995167234315
91,134,C,G,1.7844549417495728,1.4899324178695679,0.9288107752799988,5,5,8,1.1784939102154894,0.00032958431178675896,0.002428764736907403
1,137,L,N,1.856151819229126,0.9852312207221985,0.9127320647239685,8,8,19,1.1778172152977902,0.009581015943641085,0.028757995167234315
92,95,D,H,1.906291127204895,1.5488855838775635,0.9805176258087158,4,5,4,1.1776553945002768,0.0001589067217543302,0.001675447317150732
23,102,G,R,1.829126238822937,1.0505837202072144,0.7791193723678589,11,15,14,1.165562498624672,0.003094830626565608,0.012096904204032267
57,81,K,G,0.6708282232284546,4.5534281730651855,0.8549714088439941,5,7,8,1.162761168081715,0.005635891731553578,0.018510212586186944
21,88,V,E,6.134928226470947,0.5249159336090088,0.8309911489486694,5,9,5,1.1604061950438065,0.0007415647015202077,0.0042117598855055
27,91,G,C,1.8898515701293945,1.7844549417495728,0.9017908573150635,4,7,5,1.1575266743669266,0.0050673587937214186,0.017539544676991824
84,95,A,H,2.166801929473877,1.5488855838775635,0.9034510254859924,4,9,4,1.1568643275559736,0.004004449388209121,0.014996627220147728
50,68,S,A,1.9496970176696777,0.6174178719520569,0.8562980890274048,16,25,16,1.1560103613092139,0.006797676430601904,0.022113960065372005
27,114,G,H,1.8898515701293945,1.7764171361923218,0.6980114579200745,7,7,17,1.1549944666248662,0.007395871956494871,0.023722172631953323
42,127,S,A,3.2570626735687256,0.7423709034919739,0.7766744494438171,8,11,10,1.152447914717475,0.0007318921184569007,0.0042117598855055
70,84,S,A,1.161251425743103,2.166801929473877,0.7235409021377563,9,14,9,1.1477196678292902,9.930518611661913e-05,0.0014105454725181885
21,135,V,V,6.134928226470947,0.5002601146697998,0.8309219479560852,5,9,5,1.1327313814529802,0.0007415647015202077,0.0042117598855055
27,92,G,D,1.8898515701293945,1.906291127204895,0.8518911004066467,4,7,5,1.1301890133629726,0.0050673587937214186,0.017539544676991824
8,57,A,K,2.915553092956543,0.6708282232284546,0.8922460675239563,7,10,7,1.126890739120224,4.563475086278201e-05,0.000766885683662808
114,134,H,G,1.7764171361923218,1.4899324178695679,0.719188392162323,8,17,8,1.116496048858058,0.003081613315206196,0.012091215230695165
21,31,V,V,6.134928226470947,0.27176469564437866,0.9568428993225098,7,9,7,1.115765496742933,1.3690425258834604e-05,0.0002872195385565164
68,114,A,H,0.6174178719520569,1.7764171361923218,0.9049169421195984,14,16,17,1.1145814652178823,0.00021228774407363384,0.0021932844778092286
53,114,M,H,1.5679378509521484,1.7764171361923218,0.699795663356781,8,8,17,1.1144662101694494,0.003081613315206196,0.012091215230695165
14,91,G,C,1.9377819299697876,1.7844549417495728,0.8496551513671875,4,8,5,1.1043493443039512,0.00980513327565608,0.028757995167234315
53,144,M,H,1.5679378509521484,1.3774815797805786,0.965282142162323,5,8,5,1.1038895283678078,0.00032958431178675896,0.002428764736907403
81,131,G,V,4.5534281730651855,0.30719128251075745,0.9779654145240784,8,8,9,1.1037124579267104,1.1408687715695505e-06,5.3309687080565546e-05
27,117,G,G,1.8898515701293945,1.6839995384216309,0.7943186163902283,5,7,5,1.1026650078135143,0.00012359411692003462,0.001530780139272606
48,78,S,N,1.3910844326019287,1.0791797637939453,0.8338871002197266,11,21,11,1.1026185306516925,0.004165659105930905,0.015131793817498658
23,78,G,N,1.829126238822937,1.0791797637939453,0.7525579333305359,10,15,11,1.1010909613194308,0.000583579178152859,0.003908269698898451
14,137,G,N,1.9377819299697876,0.9852312207221985,0.8350429534912109,8,8,19,1.1010045374921618,0.009581015943641085,0.028757995167234315
23,144,G,H,1.829126238822937,1.3774815797805786,0.889854371547699,5,15,5,1.0991265480359345,0.01767395871956495,0.04480598993718845
91,95,C,H,1.7844549417495728,1.5488855838775635,0.9397645592689514,4,5,4,1.0920438150006377,0.0001589067217543302,0.001675447317150732
23,117,G,G,1.829126238822937,1.6839995384216309,0.7950928807258606,5,15,5,1.085862183060319,0.01767395871956495,0.04480598993718845
42,68,S,A,3.2570626735687256,0.6174178719520569,0.7623350024223328,9,11,16,1.0810568096355202,0.01565668778513969,0.04198330968542172
27,133,G,A,1.8898515701293945,1.595701813697815,0.7984899282455444,5,7,5,1.0790043099294595,0.00012359411692003462,0.001530780139272606
81,141,G,H,4.5534281730651855,0.31886565685272217,0.9887414574623108,7,8,7,1.0759371168764402,3.0423167241854674e-06,0.00010425004954110287
14,95,G,H,1.9377819299697876,1.5488855838775635,0.8849452137947083,4,8,4,1.0716107045167653,0.002224694104560623,0.009649727587835699
23,133,G,A,1.829126238822937,1.595701813697815,0.8031454682350159,5,15,5,1.067716470176079,0.01767395871956495,0.04480598993718845
29,111,L,V,0.9345186352729797,5.315694332122803,0.9999999403953552,2,2,2,1.0634148505383483,0.0021505376344086026,0.009649727587835699
79,81,L,G,0.28705692291259766,4.5534281730651855,0.9744914174079895,8,8,8,1.0631389651455618,1.2676319684106116e-07,1.2410720647234744e-05
27,137,G,N,1.8898515701293945,0.9852312207221985,0.8616189956665039,7,7,19,1.0617669990608198,0.019162031887282167,0.048340048270722843
81,88,G,E,4.5534281730651855,0.5249159336090088,0.8786756992340088,5,8,5,1.0570773282287202,0.00032958431178675896,0.002428764736907403
11,102,A,R,1.0952095985412598,1.0505837202072144,0.8556902408599854,13,20,14,1.0519949837131355,0.0033617599802249418,0.013065743737190341
1,144,L,H,1.856151819229126,1.3774815797805786,0.843600869178772,5,8,5,1.0496649263057556,0.00032958431178675896,0.002428764736907403
8,45,A,D,2.915553092956543,0.5862813591957092,0.8873534202575684,7,10,8,1.0477102069746922,0.00032514759989732184,0.002428764736907403
8,103,A,L,2.915553092956543,0.878337025642395,0.8413467407226562,5,10,6,1.0476835109194045,0.0074726904537805545,0.02389401554899119
21,82,V,T,6.134928226470947,0.4605938792228699,0.8006691932678223,5,9,7,1.0473237757435854,0.011785174410313456,0.03252391842187651
59,81,K,G,0.3213687539100647,4.5534281730651855,0.9583844542503357,7,8,8,1.046988369014861,2.3451191415596314e-05,0.00045919666867814073
21,41,V,E,6.134928226470947,0.29625871777534485,0.7742509245872498,9,9,21,1.043811422794482,0.014579806870758171,0.03933869044142445
84,132,A,V,2.166801929473877,0.9221996068954468,0.947472870349884,5,9,5,1.0422043372573273,0.0007415647015202077,0.0042117598855055
53,137,M,N,1.5679378509521484,0.9852312207221985,0.8785480260848999,8,8,19,1.0419761342122213,0.009581015943641085,0.028757995167234315
134,144,G,H,1.4899324178695679,1.3774815797805786,0.9324621558189392,5,8,5,1.0394926415393164,0.00032958431178675896,0.002428764736907403
70,137,S,N,1.161251425743103,0.9852312207221985,0.8474782705307007,13,14,19,1.0389482612347956,0.0012716222533894345,0.006602159992914007
11,84,A,A,1.0952095985412598,2.166801929473877,0.6730135083198547,9,20,9,1.036769013467396,0.00833131821186181,0.02579697379730193
134,137,G,N,1.4899324178695679,0.9852312207221985,0.8946067094802856,8,8,19,1.03429226826072,0.009581015943641085,0.028757995167234315
81,135,G,V,4.5534281730651855,0.5002601146697998,0.8789676427841187,5,8,5,1.0322956368669365,0.00032958431178675896,0.002428764736907403
42,142,S,K,3.2570626735687256,0.5989682078361511,0.7743754386901855,8,11,10,1.0321083051674902,0.0007318921184569007,0.0042117598855055
14,70,G,S,1.9377819299697876,1.161251425743103,0.7206883430480957,8,8,14,1.031624952273036,0.00038066988011370667,0.0026895437954486544
27,144,G,H,1.8898515701293945,1.3774815797805786,0.9127740263938904,4,7,5,1.0293867175703484,0.0050673587937214186,0.017539544676991824
21,72,V,G,6.134928226470947,0.16887475550174713,0.9980062246322632,9,9,9,1.0158284217814593,4.960299006824131e-08,1.2410720647234744e-05
53,95,M,H,1.5679378509521484,1.5488855838775635,0.9316360950469971,4,8,4,1.0147964426941558,0.002224694104560623,0.009649727587835699
117,134,G,G,1.6839995384216309,1.4899324178695679,0.8195599913597107,5,5,8,1.0101806322232298,0.00032958431178675896,0.002428764736907403
63,84,K,A,1.5672755241394043,2.166801929473877,0.781414270401001,4,5,9,1.006519421799027,0.017055988134964773,0.04427665652650775
11,70,A,S,1.0952095985412598,1.161251425743103,0.778311550617218,13,20,14,1.0060008843563562,0.0033617599802249418,0.013065743737190341
14,63,G,K,1.9377819299697876,1.5672755241394043,0.8246902823448181,4,8,5,1.0045569032960355,0.00980513327565608,0.028757995167234315
11,14,A,G,1.0952095985412598,1.9377819299697876,0.7207434177398682,8,20,8,1.0019372334482681,0.01596835990606847,0.04198330968542172
69,84,F,A,0.8390132188796997,2.166801929473877,0.9546093344688416,5,5,9,1.0015755284038634,0.0007415647015202076,0.0042117598855055
92,132,D,V,1.906291127204895,0.9221996068954468,0.967563807964325,5,5,5,0.9982761934254031,5.8854341390492675e-06,0.0001359601462834771
1,45,L,D,1.856151819229126,0.5862813591957092,0.9996858835220337,8,8,8,0.9951352488669494,1.2676319684106116e-07,1.2410720647234744e-05
20,21,E,V,0.24994482100009918,6.134928226470947,0.840579092502594,8,16,9,0.9932627704731841,0.01014331543905467,0.029665229733434547
91,132,C,V,1.7844549417495728,0.9221996068954468,0.9945703744888306,5,5,5,0.9928069251064602,5.8854341390492675e-06,0.0001359601462834771
133,134,A,G,1.595701813697815,1.4899324178695679,0.8238483667373657,5,5,8,0.988485854539247,0.00032958431178675896,0.002428764736907403
27,63,G,K,1.8898515701293945,1.5672755241394043,0.8206303715705872,4,7,5,0.9871715907595754,0.0050673587937214186,0.017539544676991824
31,81,V,G,0.27176469564437866,4.5534281730651855,0.9784244894981384,7,7,8,0.9829334291010853,3.0423167241854674e-06,0.00010425004954110287
78,102,N,R,1.0791797637939453,1.0505837202072144,0.8833253383636475,10,11,14,0.9794842143251575,0.00020527370723240533,0.002131529038329844
69,92,F,D,0.8390132188796997,1.906291127204895,0.9887436032295227,5,5,5,0.9730310998443176,5.8854341390492675e-06,0.0001359601462834771
1,70,L,S,1.856151819229126,1.161251425743103,0.6889718174934387,8,8,14,0.9652284066436663,0.00038066988011370667,0.0026895437954486544
8,106,A,N,2.915553092956543,0.5085336565971375,0.874369740486145,7,10,8,0.9614937697385896,0.00032514759989732184,0.002428764736907403
42,118,S,K,3.2570626735687256,0.4196438491344452,0.8214563727378845,9,11,11,0.9603686880715923,0.00012602702548052453,0.001542330696663287
14,144,G,H,1.9377819299697876,1.3774815797805786,0.8373384475708008,4,8,5,0.956213613879518,0.00980513327565608,0.028757995167234315
69,91,F,C,0.8390132188796997,1.7844549417495728,0.9999995231628418,5,5,5,0.9521404315441249,5.8854341390492675e-06,0.0001359601462834771
81,82,G,T,4.5534281730651855,0.4605938792228699,0.8432543277740479,5,8,7,0.9502785465115747,0.005635891731553578,0.018510212586186944
70,85,S,K,1.161251425743103,0.9324232935905457,0.7967512607574463,13,14,22,0.950223097302968,0.018087730328384195,0.04574215558768785
29,37,L,Q,0.9345186352729797,4.2435383796691895,0.9999999403953552,2,2,2,0.9501382199418779,0.0021505376344086026,0.009649727587835699
9,21,V,V,0.1468571573495865,6.134928226470947,0.998917818069458,9,9,9,0.9481609429924156,4.960299006824131e-08,1.2410720647234744e-05
53,117,M,G,1.5679378509521484,1.6839995384216309,0.7455970644950867,5,8,5,0.9427653567237326,0.00032958431178675896,0.002428764736907403
95,144,H,H,1.5488855838775635,1.3774815797805786,0.9233347773551941,4,4,5,0.9426930410933376,0.0001589067217543302,0.001675447317150732
1,95,L,H,1.856151819229126,1.5488855838775635,0.7917234301567078,4,8,4,0.9383145545059798,0.002224694104560623,0.009649727587835699
114,127,H,A,1.7764171361923218,0.7423709034919739,0.7835792899131775,10,17,10,0.9370880932417911,0.00043849043220325315,0.0030252897882234032
23,45,G,D,1.829126238822937,0.5862813591957092,0.9481834173202515,8,15,8,0.9369706737892923,0.0008157211716722285,0.004367507100444831
45,84,D,A,0.5862813591957092,2.166801929473877,0.9192848205566406,7,8,9,0.935715375758871,0.00010153732066969,0.0014105454725181885
63,91,K,C,1.5672755241394043,1.7844549417495728,0.7986137270927429,4,5,5,0.9335138774530989,0.000770991872215454,0.00422709159553051
14,103,G,L,1.9377819299697876,0.878337025642395,0.9186103343963623,5,8,6,0.9325634555177265,0.0017873610754589621,0.008409186351609584
48,115,S,H,1.3910844326019287,0.5686140656471252,0.9136571884155273,13,21,13,0.9313264902803967,0.0009866034724573198,0.005255069089040083
84,117,A,G,2.166801929473877,1.6839995384216309,0.693429708480835,4,9,5,0.9258520100942409,0.017055988134964777,0.04427665652650775
53,133,M,A,1.5679378509521484,1.595701813697815,0.749503493309021,5,8,5,0.9225246353817292,0.00032958431178675896,0.002428764736907403
1,106,L,N,1.856151819229126,0.5085336565971375,0.9944058060646057,8,8,8,0.9219110262744603,1.2676319684106116e-07,1.2410720647234744e-05
84,133,A,A,2.166801929473877,1.595701813697815,0.7063498497009277,4,9,5,0.918044793704551,0.017055988134964777,0.04427665652650775
84,89,A,L,2.166801929473877,0.7050305604934692,0.9535956978797913,5,9,5,0.9171531896828911,0.0007415647015202077,0.0042117598855055
114,142,H,K,1.7764171361923218,0.5989682078361511,0.8533619046211243,10,17,10,0.9166892467876652,0.00043849043220325315,0.0030252897882234032
84,103,A,L,2.166801929473877,0.878337025642395,0.8536217212677002,5,9,6,0.9163675027008691,0.003878953823336471,0.01490678345767137
42,95,S,H,3.2570626735687256,1.5488855838775635,0.5826841592788696,4,11,4,0.9147753997042736,0.010487843635785794,0.030242644929618357
63,92,K,D,1.5672755241394043,1.906291127204895,0.7553479671478271,4,5,5,0.9125840887968966,0.000770991872215454,0.00422709159553051
27,45,G,D,1.8898515701293945,0.5862813591957092,0.9513787031173706,7,7,8,0.9043808201295664,3.0423167241854674e-06,0.00010425004954110287
53,132,M,V,1.5679378509521484,0.9221996068954468,0.9574068784713745,5,8,5,0.8958544422177075,0.00032958431178675896,0.002428764736907403
23,132,G,V,1.829126238822937,0.9221996068954468,0.885960042476654,5,15,5,0.8953904565601889,0.01767395871956495,0.04480598993718845
84,106,A,N,2.166801929473877,0.5085336565971375,0.9422088265419006,7,9,8,0.8931978169336532,0.00010153732066969,0.0014105454725181885
48,127,S,A,1.3910844326019287,0.7423709034919739,0.8439164161682129,10,21,10,0.8931022304933997,0.007952621929504456,0.02519351481610711
95,134,H,G,1.5488855838775635,1.4899324178695679,0.8380951881408691,4,4,8,0.8899074439654845,0.002224694104560623,0.009649727587835699
89,92,L,D,0.7050305604934692,1.906291127204895,0.9836059808731079,5,5,5,0.8873271395502927,5.8854341390492675e-06,0.0001359601462834771
63,103,K,L,1.5672755241394043,0.878337025642395,0.97013920545578,5,5,6,0.8857299829852889,3.531260483429561e-05,0.0006258854848746178
114,115,H,H,1.7764171361923218,0.5686140656471252,0.8138965368270874,11,17,13,0.8827645131606661,0.005891926702183714,0.019320256877363773
1,63,L,K,1.856151819229126,1.5672755241394043,0.7390261292457581,4,8,5,0.881044320360668,0.00980513327565608,0.028757995167234315
23,106,G,N,1.829126238822937,0.5085336565971375,0.9570334553718567,8,15,8,0.8807802544151191,0.0008157211716722285,0.004367507100444831
8,107,A,V,2.915553092956543,0.4305296540260315,0.8231037855148315,8,10,11,0.8799852057423444,0.0007318921184569005,0.0042117598855055
82,84,T,A,0.4605938792228699,2.166801929473877,0.971011757850647,7,7,9,0.8760405392172761,1.3690425258834604e-05,0.0002872195385565164
132,144,V,H,0.9221996068954468,1.3774815797805786,0.9982606172561646,5,5,5,0.8755144613642862,5.8854341390492675e-06,0.0001359601462834771
45,134,D,G,0.5862813591957092,1.4899324178695679,0.9804017543792725,8,8,8,0.8743778896108604,1.2676319684106116e-07,1.2410720647234744e-05
21,109,V,V,6.134928226470947,0.3053969144821167,0.8203396797180176,5,9,7,0.8737653211980732,0.011785174410313456,0.03252391842187651
1,73,L,L,1.856151819229126,0.7306537628173828,0.7851889133453369,8,8,18,0.8725603587176506,0.005546903967371154,0.018510212586186944
89,91,L,C,0.7050305604934692,1.7844549417495728,0.9995445013046265,5,5,5,0.8724145868215525,5.8854341390492675e-06,0.0001359601462834771
45,53,D,M,0.5862813591957092,1.5679378509521484,0.9534900784492493,8,8,8,0.8723532895324225,1.2676319684106116e-07,1.2410720647234744e-05
78,85,N,K,1.0791797637939453,0.9324232935905457,0.8031565546989441,11,11,22,0.8694568860205998,0.00833131821186181,0.02579697379730193
92,103,D,L,1.906291127204895,0.878337025642395,0.8623056411743164,5,5,6,0.8682613224291332,3.531260483429561e-05,0.0006258854848746178
27,70,G,S,1.8898515701293945,1.161251425743103,0.6486212015151978,7,7,14,0.867759037528113,0.0013051538746755654,0.00660935041077178
73,78,L,N,0.7306537628173828,1.0791797637939453,0.9033679366111755,11,18,11,0.8656887440948663,0.00037584894188850276,0.0026895437954486544
53,69,M,F,1.5679378509521484,0.8390132188796997,0.9691072106361389,5,8,5,0.8649373839990783,0.00032958431178675896,0.002428764736907403
78,127,N,A,1.0791797637939453,0.7423709034919739,0.9273120760917664,10,11,10,0.8643662592714698,2.480149503412066e-07,2.1246613357561728e-05
53,63,M,K,1.5679378509521484,1.5672755241394043,0.7884042263031006,4,8,5,0.8638624174622521,0.00980513327565608,0.028757995167234315
63,134,K,G,1.5672755241394043,1.4899324178695679,0.807186484336853,4,5,8,0.8621610140667696,0.00980513327565608,0.028757995167234315
23,142,G,K,1.829126238822937,0.5989682078361511,0.822529137134552,9,15,10,0.860944224236196,0.0018732569199271332,0.008753218472173268
1,11,L,A,1.856151819229126,1.0952095985412598,0.6326736211776733,8,8,20,0.8607833445405937,0.015968359906068475,0.04198330968542172
23,69,G,F,1.829126238822937,0.8390132188796997,0.8907428979873657,5,15,5,0.8586627628805552,0.01767395871956495,0.04480598993718845
1,132,L,V,1.856151819229126,0.9221996068954468,0.8401686549186707,5,8,5,0.8553615193604358,0.00032958431178675896,0.002428764736907403
27,132,G,V,1.8898515701293945,0.9221996068954468,0.9242786765098572,4,7,5,0.8528797182552469,0.0050673587937214186,0.017539544676991824
18,70,V,S,0.8029184937477112,1.161251425743103,0.8829306960105896,9,9,14,0.8525610281177762,9.930518611661913e-05,0.0014105454725181885
132,134,V,G,0.9221996068954468,1.4899324178695679,0.9343528747558594,5,5,8,0.8522572354478513,0.00032958431178675896,0.002428764736907403
91,103,C,L,1.7844549417495728,0.878337025642395,0.8729771971702576,5,5,6,0.850452981049074,3.531260483429561e-05,0.0006258854848746178
27,106,G,N,1.8898515701293945,0.5085336565971375,0.9557522535324097,7,7,8,0.8461552558057042,3.0423167241854674e-06,0.00010425004954110287
21,140,V,A,6.134928226470947,0.2746090888977051,0.8310081362724304,5,9,5,0.839327576469615,0.0007415647015202077,0.0042117598855055
70,134,S,G,1.161251425743103,1.4899324178695679,0.6685565710067749,8,14,8,0.8391572211546632,0.00038066988011370667,0.0026895437954486544
69,144,F,H,0.8390132188796997,1.3774815797805786,0.9989320635795593,5,5,5,0.835655497444639,5.8854341390492675e-06,0.0001359601462834771
53,70,M,S,1.5679378509521484,1.161251425743103,0.6457194089889526,8,8,14,0.8314385414506643,0.00038066988011370667,0.0026895437954486544
53,106,M,N,1.5679378509521484,0.5085336565971375,0.9749308824539185,8,8,8,0.8307241957942778,1.2676319684106116e-07,1.2410720647234744e-05
63,144,K,H,1.5672755241394043,1.3774815797805786,0.8080624341964722,4,5,5,0.829887134507058,0.000770991872215454,0.00422709159553051
27,73,G,L,1.8898515701293945,0.7306537628173828,0.775704562664032,7,7,18,0.8231842141126235,0.012102335928809788,0.03313235976248385
106,134,N,G,0.5085336565971375,1.4899324178695679,0.9885264039039612,8,8,8,0.8210888771292517,1.2676319684106116e-07,1.2410720647234744e-05
1,69,L,F,1.856151819229126,0.8390132188796997,0.8442398309707642,5,8,5,0.8198247158163233,0.00032958431178675896,0.002428764736907403
53,73,M,L,1.5679378509521484,0.7306537628173828,0.8008466958999634,8,8,18,0.817953061862544,0.005546903967371154,0.018510212586186944
72,81,G,G,0.16887475550174713,4.5534281730651855,0.9758354425430298,8,9,8,0.8165578514479882,1.1408687715695505e-06,5.3309687080565546e-05
8,59,A,K,2.915553092956543,0.3213687539100647,0.9326499104499817,7,10,8,0.815289748596704,0.00032514759989732184,0.002428764736907403
114,118,H,K,1.7764171361923218,0.4196438491344452,0.8743207454681396,11,17,11,0.8146631661562388,0.00014616347740108442,0.001675447317150732
17,54,N,G,0.3561483919620514,2.031978130340576,0.858307421207428,12,15,17,0.8133565760259611,0.008247376029020013,0.02579697379730193
23,57,G,K,1.829126238822937,0.6708282232284546,0.810428261756897,7,15,7,0.8107241453514163,0.0024471635150166856,0.010331351252643724
69,134,F,G,0.8390132188796997,1.4899324178695679,0.9287132620811462,5,5,8,0.8080037073502204,0.00032958431178675896,0.002428764736907403
1,128,L,F,1.856151819229126,0.8984254598617554,0.6553268432617188,8,8,19,0.807540830670793,0.009581015943641085,0.028757995167234315
8,131,A,V,2.915553092956543,0.30719128251075745,0.8868647813796997,8,10,9,0.8009051552224713,4.7370855515170454e-05,0.000766885683662808
78,142,N,K,1.0791797637939453,0.5989682078361511,0.9556313157081604,10,11,10,0.8001173319018384,2.480149503412066e-07,2.1246613357561728e-05
73,134,L,G,0.7306537628173828,1.4899324178695679,0.8007630705833435,8,18,8,0.7972635208050569,0.0055469039673711525,0.018510212586186944
53,103,M,L,1.5679378509521484,0.878337025642395,0.8705308437347412,5,8,6,0.7949561989671048,0.0017873610754589621,0.008409186351609584
27,69,G,F,1.8898515701293945,0.8390132188796997,0.9015390872955322,4,7,5,0.7934898013313199,0.0050673587937214186,0.017539544676991824
84,88,A,E,2.166801929473877,0.5249159336090088,0.9545891284942627,5,9,5,0.7922002741875592,0.0007415647015202077,0.0042117598855055
53,89,M,L,1.5679378509521484,0.7050305604934692,0.9667572975158691,5,8,5,0.790951532895783,0.00032958431178675896,0.002428764736907403
11,53,A,M,1.0952095985412598,1.5679378509521484,0.6317436695098877,8,20,8,0.7899738240449985,0.01596835990606847,0.04198330968542172
57,117,K,G,0.6708282232284546,1.6839995384216309,0.9531274437904358,5,7,5,0.7883002082160135,0.00012359411692003462,0.001530780139272606
1,103,L,L,1.856151819229126,0.878337025642395,0.792759358882904,5,8,6,0.7876671625695638,0.0017873610754589621,0.008409186351609584
23,89,G,L,1.829126238822937,0.7050305604934692,0.8903533220291138,5,15,5,0.7867780119359277,0.01767395871956495,0.04480598993718845
21,129,V,Q,6.134928226470947,0.3750442862510681,0.6611863970756531,5,9,7,0.7804299892500758,0.011785174410313456,0.03252391842187651
11,68,A,A,1.0952095985412598,0.6174178719520569,0.7861349582672119,15,20,16,0.778404058747091,0.0005835791781528592,0.003908269698898451
11,134,A,G,1.0952095985412598,1.4899324178695679,0.638147234916687,8,20,8,0.7778781215875761,0.01596835990606847,0.04198330968542172
102,115,R,H,1.0505837202072144,0.5686140656471252,0.9028288722038269,12,14,13,0.7773071775523819,7.568372010938505e-06,0.00017289525332873584
84,135,A,V,2.166801929473877,0.5002601146697998,0.9547076225280762,5,9,5,0.7734672964126468,0.0007415647015202077,0.0042117598855055
57,133,K,A,0.6708282232284546,1.595701813697815,0.9583080410957336,5,7,5,0.7715262099234774,0.00012359411692003462,0.001530780139272606
88,92,E,D,0.5249159336090088,1.906291127204895,0.9885769486427307,5,5,5,0.769509507910064,5.8854341390492675e-06,0.0001359601462834771
1,57,L,K,1.856151819229126,0.6708282232284546,0.8837876915931702,5,8,7,0.7674045666211174,0.005635891731553578,0.018510212586186944
89,144,L,H,0.7050305604934692,1.3774815797805786,0.9998863339424133,5,5,5,0.7667636631706698,5.8854341390492675e-06,0.0001359601462834771
14,132,G,V,1.9377819299697876,0.9221996068954468,0.8187165856361389,4,8,5,0.7649922659996764,0.00980513327565608,0.028757995167234315
81,140,G,A,4.5534281730651855,0.2746090888977051,0.8784627914428711,5,8,5,0.7643884029491855,0.00032958431178675896,0.002428764736907403
9,81,V,G,0.1468571573495865,4.5534281730651855,0.978878378868103,8,9,8,0.7638433455570982,1.1408687715695505e-06,5.3309687080565546e-05
14,69,G,F,1.9377819299697876,0.8390132188796997,0.8498964905738831,4,8,5,0.7574630063908959,0.00980513327565608,0.028757995167234315
8,109,A,V,2.915553092956543,0.3053969144821167,0.8883967399597168,7,10,7,0.7570608411530113,4.563475086278201e-05,0.000766885683662808
103,134,L,G,0.878337025642395,1.4899324178695679,0.8483691215515137,5,6,8,0.7552013412921473,0.0017873610754589621,0.008409186351609584
81,109,G,V,4.5534281730651855,0.3053969144821167,0.821235179901123,5,8,7,0.7535865395796907,0.005635891731553578,0.018510212586186944
88,91,E,C,0.5249159336090088,1.7844549417495728,1.0,5,5,5,0.7531156815831623,5.8854341390492675e-06,0.0001359601462834771
92,135,D,V,1.906291127204895,0.5002601146697998,0.989738941192627,5,5,5,0.7521028422512602,5.8854341390492675e-06,0.0001359601462834771
1,89,L,L,1.856151819229126,0.7050305604934692,0.8440075516700745,5,8,5,0.7513132897371692,0.00032958431178675896,0.002428764736907403
95,132,H,V,1.5488855838775635,0.9221996068954468,0.8990895748138428,4,4,5,0.7510755697701419,0.0001589067217543302,0.001675447317150732
57,84,K,A,0.6708282232284546,2.166801929473877,0.7354044318199158,6,7,9,0.7492877062500823,0.0007164655885456776,0.0042117598855055
69,95,F,H,0.8390132188796997,1.5488855838775635,0.9400906562805176,4,5,4,0.7490698988675205,0.0001589067217543302,0.001675447317150732
103,144,L,H,0.878337025642395,1.3774815797805786,0.8722992539405823,5,6,5,0.7466258392496609,3.531260483429561e-05,0.0006258854848746178
8,82,A,T,2.915553092956543,0.4605938792228699,0.7596473693847656,6,10,7,0.7439413373960019,0.001722711845070021,0.00829483732249614
102,142,R,K,1.0505837202072144,0.5989682078361511,0.9003002047538757,10,14,10,0.7437364916708532,2.25693604810498e-05,0.00045919666867814073
89,134,L,G,0.7050305604934692,1.4899324178695679,0.9314574599266052,5,5,8,0.7428725328732642,0.00032958431178675896,0.002428764736907403
27,103,G,L,1.8898515701293945,0.878337025642395,0.8241497278213501,4,7,6,0.7421797513905226,0.013814019375754636,0.03756828458299712
23,82,G,T,1.829126238822937,0.4605938792228699,0.8948352336883545,7,15,7,0.7417456772539889,0.0024471635150166856,0.010331351252643724
92,102,D,R,1.906291127204895,1.0505837202072144,0.6722556948661804,5,5,14,0.740301204793588,0.011782639146376634,0.03252391842187651
42,116,S,F,3.2570626735687256,0.18758507072925568,0.8772367238998413,11,11,16,0.7399858024672902,5.1587109670970967e-05,0.0008221945696954377
70,107,S,V,1.161251425743103,0.4305296540260315,0.9656007289886475,11,14,11,0.7368119141583956,4.2989258059142475e-06,0.0001359601462834771
8,79,A,L,2.915553092956543,0.28705692291259766,0.8911581635475159,7,10,8,0.7362584746034876,0.00032514759989732184,0.002428764736907403
107,124,V,V,0.4305296540260315,2.2127232551574707,0.6989829540252686,11,11,18,0.7362512744791717,0.00037584894188850287,0.0026895437954486544
91,135,C,V,1.7844549417495728,0.5002601146697998,0.9999698400497437,5,5,5,0.7351934911146548,5.8854341390492675e-06,0.0001359601462834771
27,128,G,F,1.8898515701293945,0.8984254598617554,0.6245768666267395,7,7,19,0.7349736934230132,0.019162031887282167,0.048340048270722843
78,115,N,H,1.0791797637939453,0.5686140656471252,0.9003196954727173,10,11,13,0.7344580064882953,6.172029192776885e-05,0.0009686787424338911
27,89,G,L,1.8898515701293945,0.7050305604934692,0.9093216061592102,4,7,5,0.7336583560068525,0.0050673587937214186,0.017539544676991824
17,114,N,H,0.3561483919620514,1.7764171361923218,0.8264331817626953,12,15,17,0.7322490602652135,0.008247376029020013,0.02579697379730193
8,20,A,E,2.915553092956543,0.24994482100009918,0.8555297255516052,9,10,16,0.730327496910419,0.0040495881091712205,0.015027980777471724
91,102,C,R,1.7844549417495728,1.0505837202072144,0.6815021634101868,5,5,14,0.7261049291731436,0.011782639146376634,0.03252391842187651
103,114,L,H,0.878337025642395,1.7764171361923218,0.6861985921859741,6,6,17,0.7243692224647885,0.016808799901124705,0.044080221455316156
48,118,S,K,1.3910844326019287,0.4196438491344452,0.8743489980697632,11,21,11,0.7209354520374294,0.004165659105930905,0.015131793817498658
78,92,N,D,1.0791797637939453,1.906291127204895,0.6444058418273926,5,11,5,0.719225369876366,0.0027190705722407614,0.01100474214327969
84,129,A,Q,2.166801929473877,0.3750442862510681,0.8834121227264404,7,9,7,0.7191926911914392,1.3690425258834604e-05,0.0002872195385565164
23,115,G,H,1.829126238822937,0.5686140656471252,0.6507744789123535,11,15,13,0.7162350034584192,0.0008299755046076286,0.0044322848985237735
57,124,K,V,0.6708282232284546,2.2127232551574707,0.6505697965621948,7,7,18,0.7158040264394075,0.012102335928809788,0.03313235976248385
45,114,D,H,0.5862813591957092,1.7764171361923218,0.7328757643699646,8,8,17,0.7136982628230507,0.003081613315206196,0.012091215230695165
81,129,G,Q,4.5534281730651855,0.3750442862510681,0.6989787817001343,5,8,7,0.7107854579598131,0.005635891731553578,0.018510212586186944
128,134,F,G,0.8984254598617554,1.4899324178695679,0.6435311436653137,8,19,8,0.7104812793078795,0.009581015943641084,0.028757995167234315
68,102,A,R,0.6174178719520569,1.0505837202072144,0.8163808584213257,11,16,14,0.7095649169707163,0.008247376029020013,0.02579697379730193
53,128,M,F,1.5679378509521484,0.8984254598617554,0.6262915730476379,8,8,19,0.7093176640865256,0.009581015943641085,0.028757995167234315
56,63,P,K,0.626492440700531,1.5672755241394043,0.9198110103607178,5,10,5,0.7092399928618619,0.0014831294030404154,0.007208780513252913
78,91,N,C,1.0791797637939453,1.7844549417495728,0.6536128520965576,5,11,5,0.7058042880480306,0.0027190705722407614,0.01100474214327969
8,141,A,H,2.915553092956543,0.31886565685272217,0.865433931350708,6,10,7,0.7051887310607574,0.001722711845070021,0.00829483732249614
23,68,G,A,1.829126238822937,0.6174178719520569,0.595011830329895,12,15,16,0.7043688555582284,0.0029570620329170947,0.011874452484335052
48,142,S,K,1.3910844326019287,0.5989682078361511,0.7390769124031067,10,21,10,0.7025589806117611,0.007952621929504456,0.02519351481610711
45,117,D,G,0.5862813591957092,1.6839995384216309,0.9075046181678772,5,8,5,0.7016764333880554,0.00032958431178675896,0.002428764736907403
21,105,V,G,6.134928226470947,0.2724091410636902,0.7756286859512329,4,9,4,0.7008546885630889,0.004004449388209121,0.014996627220147728
84,131,A,V,2.166801929473877,0.30719128251075745,0.9483751058578491,7,9,9,0.698755473754066,0.0004223694604310748,0.002943700343623
45,92,D,D,0.5862813591957092,1.906291127204895,0.84657883644104,5,8,5,0.6964325856023005,0.00032958431178675896,0.002428764736907403
1,131,L,V,1.856151819229126,0.30719128251075745,0.9634132385253906,8,8,9,0.6941967251014055,1.1408687715695505e-06,5.3309687080565546e-05
75,124,H,V,0.2363891452550888,2.2127232551574707,0.8891687989234924,11,11,18,0.6939943258945065,0.00037584894188850287,0.0026895437954486544
70,117,S,G,1.161251425743103,1.6839995384216309,0.6372246146202087,5,14,5,0.693410920607901,0.011782639146376634,0.03252391842187651
56,91,P,C,0.626492440700531,1.7844549417495728,0.8382736444473267,5,10,5,0.689700502489189,0.0014831294030404154,0.007208780513252913
1,79,L,L,1.856151819229126,0.28705692291259766,0.9884637594223022,8,8,8,0.6885100294419835,1.2676319684106116e-07,1.2410720647234744e-05
14,89,G,L,1.9377819299697876,0.7050305604934692,0.8416337966918945,4,8,5,0.6876035775363886,0.00980513327565608,0.028757995167234315
63,132,K,V,1.5672755241394043,0.9221996068954468,0.817889392375946,4,5,5,0.6872872012309974,0.000770991872215454,0.00422709159553051
45,133,D,A,0.5862813591957092,1.595701813697815,0.9122903347015381,5,8,5,0.6866351085803754,0.00032958431178675896,0.002428764736907403
82,92,T,D,0.4605938792228699,1.906291127204895,0.9410595893859863,5,7,5,0.6861749171907314,0.00012359411692003462,0.001530780139272606
56,92,P,D,0.626492440700531,1.906291127204895,0.8066599369049072,5,10,5,0.6859730258378979,0.0014831294030404154,0.007208780513252913
1,141,L,H,1.856151819229126,0.31886565685272217,0.987156093120575,7,8,7,0.6858473713758149,3.0423167241854674e-06,0.00010425004954110287
53,88,M,E,1.5679378509521484,0.5249159336090088,0.9690395593643188,5,8,5,0.6840924958487405,0.00032958431178675896,0.002428764736907403
45,91,D,C,0.5862813591957092,1.7844549417495728,0.857367217540741,5,8,5,0.6823964039213379,0.00032958431178675896,0.002428764736907403
70,133,S,A,1.161251425743103,1.595701813697815,0.6426856517791748,5,14,5,0.6807719032639045,0.011782639146376634,0.03252391842187651
102,127,R,A,1.0505837202072144,0.7423709034919739,0.7703559398651123,9,14,10,0.680326268060401,0.000789927616836743,0.004307934126275683
92,106,D,N,1.906291127204895,0.5085336565971375,0.8873065710067749,5,5,8,0.6798172514341236,0.00032958431178675896,0.002428764736907403
82,91,T,C,0.4605938792228699,1.7844549417495728,0.963020384311676,5,7,5,0.6793778353560502,0.00012359411692003462,0.001530780139272606
23,88,G,E,1.829126238822937,0.5249159336090088,0.8907437324523926,5,15,5,0.6791778480885612,0.01767395871956495,0.04480598993718845
89,95,L,H,0.7050305604934692,1.5488855838775635,0.9290204644203186,4,5,4,0.6785743815647295,0.0001589067217543302,0.001675447317150732
23,131,G,V,1.829126238822937,0.30719128251075745,0.9446234703063965,8,15,9,0.6756842175350392,0.0053553868227176745,0.018229595465671936
1,59,L,K,1.856151819229126,0.3213687539100647,0.9653154611587524,7,8,8,0.6733003827674482,2.3451191415596314e-05,0.00045919666867814073
11,115,A,H,1.0952095985412598,0.5686140656471252,0.762887716293335,12,20,13,0.6706271754786145,0.007094148778145491,0.022933285238233004
27,57,G,K,1.8898515701293945,0.6708282232284546,0.7651988863945007,5,7,7,0.6704368237261868,0.0022684274074707893,0.009777540829134186
53,135,M,V,1.5679378509521484,0.5002601146697998,0.9694956541061401,5,8,5,0.6681473459501296,0.00032958431178675896,0.002428764736907403
95,103,H,L,1.5488855838775635,0.878337025642395,0.8187589645385742,4,4,6,0.6675055345260227,0.00047672016526299066,0.003256267942240666
12,42,L,S,0.2002103626728058,3.2570626735687256,0.8246498107910156,9,12,11,0.6659258865905073,0.0004592528266175313,0.003157939175517613
91,106,C,N,1.7844549417495728,0.5085336565971375,0.8951079845428467,5,5,8,0.6635170614295747,0.00032958431178675896,0.002428764736907403
23,135,G,V,1.829126238822937,0.5002601146697998,0.8907129764556885,5,15,5,0.6630122888958523,0.01767395871956495,0.04480598993718845
106,114,N,H,0.5085336565971375,1.7764171361923218,0.7306819558143616,8,8,17,0.6627038135763107,0.003081613315206196,0.012091215230695165
63,102,K,R,1.5672755241394043,1.0505837202072144,0.6632537245750427,5,5,14,0.6622648818325734,0.011782639146376634,0.03252391842187651
88,144,E,H,0.5249159336090088,1.3774815797805786,0.9989827275276184,5,5,5,0.6610126592343567,5.8854341390492675e-06,0.0001359601462834771
8,31,A,V,2.915553092956543,0.27176469564437866,0.8748870491981506,6,10,7,0.6581366532383465,0.001722711845070021,0.00829483732249614
78,118,N,K,1.0791797637939453,0.4196438491344452,0.9371160268783569,10,11,11,0.6567426419391267,2.610062096447936e-06,0.00010425004954110287
93,114,K,H,0.33075278997421265,1.7764171361923218,0.821823239326477,10,10,17,0.6560201450668207,0.00043849043220325326,0.0030252897882234032
70,92,S,D,1.161251425743103,1.906291127204895,0.5644021034240723,5,14,5,0.6534470273222504,0.011782639146376634,0.03252391842187651
92,142,D,K,1.906291127204895,0.5989682078361511,0.7842060923576355,5,5,10,0.6520647608441839,0.0014831294030404154,0.007208780513252913
21,119,V,E,6.134928226470947,0.0832943469285965,0.8306897282600403,9,9,20,0.6506442309858026,0.008331318211861812,0.02579697379730193
53,131,M,V,1.5679378509521484,0.30719128251075745,0.9803529381752014,8,8,9,0.6492471921089443,1.1408687715695505e-06,5.3309687080565546e-05
1,88,L,E,1.856151819229126,0.5249159336090088,0.8442454934120178,5,8,5,0.6484617981861671,0.00032958431178675896,0.002428764736907403
23,118,G,K,1.829126238822937,0.4196438491344452,0.7105970978736877,10,15,11,0.6483361281916095,0.000583579178152859,0.003908269698898451
21,138,V,A,6.134928226470947,0.22934630513191223,0.7790212631225586,4,9,4,0.6458898616196611,0.004004449388209121,0.014996627220147728
8,18,A,V,2.915553092956543,0.8029184937477112,0.4991524815559387,6,10,9,0.6454112583979592,0.015151481331294653,0.040774142974256224
135,144,V,H,0.5002601146697998,1.3774815797805786,0.9985944628715515,5,5,5,0.6450509399351301,5.8854341390492675e-06,0.0001359601462834771
8,129,A,Q,2.915553092956543,0.3750442862510681,0.7275081872940063,6,10,7,0.64290489671072,0.001722711845070021,0.00829483732249614
42,82,S,T,3.2570626735687256,0.4605938792228699,0.6200972199440002,6,11,7,0.6418580874456877,0.003639371381306865,0.014038550714642424
42,129,S,Q,3.2570626735687256,0.3750442862510681,0.6855955123901367,6,11,7,0.640367666193818,0.003639371381306865,0.014038550714642424
23,93,G,K,1.829126238822937,0.33075278997421265,0.862667441368103,8,15,10,0.6402885930785116,0.019283906433879842,0.048469083087659987
70,91,S,C,1.161251425743103,1.7844549417495728,0.5715730786323547,5,14,5,0.6402531266767246,0.011782639146376634,0.03252391842187651
63,69,K,F,1.5672755241394043,0.8390132188796997,0.7983967065811157,4,5,5,0.6399327738476076,0.000770991872215454,0.00422709159553051
23,141,G,H,1.829126238822937,0.31886565685272217,0.9273244142532349,7,15,7,0.6395705150345342,0.0024471635150166856,0.010331351252643724
88,134,E,G,0.5249159336090088,1.4899324178695679,0.9288264513015747,5,5,8,0.6391852686099282,0.00032958431178675896,0.002428764736907403
91,142,C,K,1.7844549417495728,0.5989682078361511,0.7937542796134949,5,5,10,0.6385645108984737,0.0014831294030404154,0.007208780513252913
102,144,R,H,1.0505837202072144,1.3774815797805786,0.6812480688095093,5,14,5,0.6377163286058615,0.011782639146376634,0.03252391842187651
27,131,G,V,1.8898515701293945,0.30719128251075745,0.9266917705535889,7,7,9,0.6376533194203576,1.3690425258834604e-05,0.0002872195385565164
1,135,L,V,1.856151819229126,0.5002601146697998,0.844181478023529,5,8,5,0.6330011888177633,0.00032958431178675896,0.002428764736907403
42,93,S,K,3.2570626735687256,0.33075278997421265,0.6742439270019531,7,11,10,0.6319938997661982,0.009214003420126165,0.028316877938261303
1,31,L,V,1.856151819229126,0.27176469564437866,0.9852017164230347,7,8,7,0.6319161479561095,3.0423167241854674e-06,0.00010425004954110287
63,95,K,H,1.5672755241394043,1.5488855838775635,0.6729521155357361,3,5,4,0.6312570991273563,0.008422056252979501,0.025921777805346928
106,117,N,G,0.5085336565971375,1.6839995384216309,0.8723660707473755,5,8,5,0.6281937633664635,0.00032958431178675896,0.002428764736907403
27,88,G,E,1.8898515701293945,0.5249159336090088,0.9018312692642212,4,7,5,0.6278307085409613,0.0050673587937214186,0.017539544676991824
23,79,G,L,1.829126238822937,0.28705692291259766,0.9067408442497253,8,15,8,0.6269714874019685,0.0008157211716722285,0.004367507100444831
84,141,A,H,2.166801929473877,0.31886565685272217,0.8923652768135071,6,9,7,0.6268494331200438,0.0007164655885456776,0.0042117598855055
131,134,V,G,0.30719128251075745,1.4899324178695679,0.9701790809631348,8,9,8,0.6263230486548663,1.1408687715695505e-06,5.3309687080565546e-05
8,72,A,G,2.915553092956543,0.16887475550174713,0.934711754322052,8,10,9,0.6258630432009936,4.7370855515170454e-05,0.000766885683662808
81,105,G,G,4.5534281730651855,0.2724091410636902,0.8032880425453186,4,8,4,0.6253309507542425,0.002224694104560623,0.009649727587835699
134,135,G,V,1.4899324178695679,0.5002601146697998,0.9279935956001282,5,8,5,0.623433625433124,0.00032958431178675896,0.002428764736907403
20,84,E,A,0.24994482100009918,2.166801929473877,0.8875904679298401,8,16,9,0.6233085254684055,0.01014331543905467,0.029665229733434547
78,144,N,H,1.0791797637939453,1.3774815797805786,0.6534711718559265,5,11,5,0.6199836683683381,0.0027190705722407614,0.01100474214327969
23,59,G,K,1.829126238822937,0.3213687539100647,0.8913875818252563,7,15,8,0.6171933965970238,0.013867259918427884,0.037663258218466056
18,113,V,A,0.8029184937477112,1.1140056848526,0.6827124357223511,8,9,15,0.6161351807939168,0.005355386822717675,0.018229595465671936
106,133,N,A,0.5085336565971375,1.595701813697815,0.8769873380661011,5,8,5,0.6147422505763207,0.00032958431178675896,0.002428764736907403
57,134,K,G,0.6708282232284546,1.4899324178695679,0.7894999980926514,5,7,8,0.6141933370334867,0.005635891731553578,0.018510212586186944
53,82,M,T,1.5679378509521484,0.4605938792228699,0.9287417531013489,5,8,7,0.6141613658202227,0.005635891731553578,0.018510212586186944
27,135,G,V,1.8898515701293945,0.5002601146697998,0.8997217416763306,4,7,5,0.6114747682830343,0.0050673587937214186,0.017539544676991824
21,104,V,L,6.134928226470947,0.2047811895608902,0.7790212631225586,4,9,4,0.610320031612001,0.004004449388209121,0.014996627220147728
56,144,P,H,0.626492440700531,1.3774815797805786,0.844044029712677,5,10,5,0.6101406206333274,0.0014831294030404154,0.007208780513252913
14,82,G,T,1.9377819299697876,0.4605938792228699,0.8298759460449219,5,8,7,0.6100827259691747,0.005635891731553578,0.018510212586186944
12,114,L,H,0.2002103626728058,1.7764171361923218,0.9176819920539856,12,12,17,0.6096366511170671,4.384904322032531e-05,0.0007640138237393792
71,78,D,N,0.36709263920783997,1.0791797637939453,0.8942147493362427,11,21,11,0.6073946372841712,0.004165659105930905,0.015131793817498658
18,84,V,A,0.8029184937477112,2.166801929473877,0.5446979403495789,6,9,9,0.6071670079718828,0.0068390122556587695,0.022178247964673613
10,18,T,V,1.0694541931152344,0.8029184937477112,0.6830869317054749,8,15,9,0.6040203362469689,0.0053553868227176745,0.018229595465671936
79,84,L,A,0.28705692291259766,2.166801929473877,0.8479846119880676,7,8,9,0.6039661765361862,0.00010153732066969,0.0014105454725181885
27,79,G,L,1.8898515701293945,0.28705692291259766,0.9065985083580017,7,7,8,0.6030369002230505,3.0423167241854674e-06,0.00010425004954110287
57,70,K,S,0.6708282232284546,1.161251425743103,0.7564152479171753,7,7,14,0.6029205616216992,0.0013051538746755654,0.00660935041077178
81,138,G,A,4.5534281730651855,0.22934630513191223,0.8395050764083862,4,8,4,0.5996488214913749,0.002224694104560623,0.009649727587835699
45,144,D,H,0.5862813591957092,1.3774815797805786,0.856793999671936,5,8,5,0.5991511248814895,0.00032958431178675896,0.002428764736907403
14,88,G,E,1.9377819299697876,0.5249159336090088,0.8496160507202148,4,8,5,0.598933459874997,0.00980513327565608,0.028757995167234315
82,144,T,H,0.4605938792228699,1.3774815797805786,0.9653347134590149,5,7,5,0.5983343340369931,0.00012359411692003462,0.001530780139272606
3,113,A,A,0.354469358921051,1.1140056848526,0.852885365486145,12,16,15,0.5970171707760605,0.0029570620329170947,0.011874452484335052
53,141,M,H,1.5679378509521484,0.31886565685272217,0.9345144629478455,7,8,7,0.5967402742796458,3.0423167241854674e-06,0.00010425004954110287
49,78,P,N,0.38125741481781006,1.0791797637939453,0.8619344234466553,11,21,11,0.5966568914780387,0.004165659105930905,0.015131793817498658
23,129,G,Q,1.829126238822937,0.3750442862510681,0.795112669467926,7,15,7,0.5947340686837403,0.0024471635150166856,0.010331351252643724
23,127,G,A,1.829126238822937,0.7423709034919739,0.5102903246879578,9,15,10,0.594633872797293,0.0018732569199271332,0.008753218472173268
59,84,K,A,0.3213687539100647,2.166801929473877,0.8411298394203186,6,8,9,0.5931732610163967,0.002561250392173641,0.010768774976851019
88,95,E,H,0.5249159336090088,1.5488855838775635,0.9397118091583252,4,5,4,0.5922536829532019,0.0001589067217543302,0.001675447317150732
63,89,K,L,1.5672755241394043,0.7050305604934692,0.8050974607467651,4,5,5,0.5915393538309611,0.000770991872215454,0.00422709159553051
21,83,V,F,6.134928226470947,0.0747179239988327,0.886472225189209,6,9,6,0.5867822532405164,0.00011408687715695504,0.001530780139272606
134,141,G,H,1.4899324178695679,0.31886565685272217,0.9418801069259644,7,8,7,0.5862917857420001,3.0423167241854674e-06,0.00010425004954110287
14,135,G,V,1.9377819299697876,0.5002601146697998,0.8515926599502563,4,8,5,0.5860583234156933,0.00980513327565608,0.028757995167234315
1,82,L,T,1.856151819229126,0.4605938792228699,0.8133808970451355,5,8,7,0.5852262755804376,0.005635891731553578,0.018510212586186944
8,9,A,V,2.915553092956543,0.1468571573495865,0.937093198299408,8,10,9,0.5851262489784318,4.7370855515170454e-05,0.000766885683662808
79,134,L,G,0.28705692291259766,1.4899324178695679,0.9347189664840698,8,8,8,0.5833203289204126,1.2676319684106116e-07,1.2410720647234744e-05
27,141,G,H,1.8898515701293945,0.31886565685272217,0.8877531886100769,6,7,7,0.5823942204298692,6.4268940798418e-05,0.00099351084826136
63,70,K,S,1.5672755241394043,1.161251425743103,0.554596483707428,5,5,14,0.5822063489827216,0.011782639146376634,0.03252391842187651
106,144,N,H,0.5085336565971375,1.3774815797805786,0.8934690952301025,5,8,5,0.5818972507993996,0.00032958431178675896,0.002428764736907403
82,134,T,G,0.4605938792228699,1.4899324178695679,0.9018833041191101,5,7,8,0.5813755091659825,0.005635891731553578,0.018510212586186944
95,135,H,V,1.5488855838775635,0.5002601146697998,0.9423887133598328,4,4,5,0.5798240469989409,0.0001589067217543302,0.001675447317150732
23,31,G,V,1.829126238822937,0.27176469564437866,0.9087443351745605,7,15,7,0.5786168843816359,0.0024471635150166856,0.010331351252643724
53,57,M,K,1.5679378509521484,0.6708282232284546,0.7182547450065613,5,8,7,0.5732084825230215,0.005635891731553578,0.018510212586186944
84,140,A,A,2.166801929473877,0.2746090888977051,0.9544834494590759,5,9,5,0.5729272543759394,0.0007415647015202077,0.0042117598855055
27,59,G,K,1.8898515701293945,0.3213687539100647,0.8662822842597961,6,7,8,0.5705348792139984,0.0002479488130211156,0.002428764736907403
14,18,G,V,1.9377819299697876,0.8029184937477112,0.5409386157989502,6,8,9,0.5702210708187108,0.002561250392173641,0.010768774976851019
59,134,K,G,0.3213687539100647,1.4899324178695679,0.9097548127174377,7,8,8,0.5685131283089428,2.3451191415596314e-05,0.00045919666867814073
53,79,M,L,1.5679378509521484,0.28705692291259766,0.8868485689163208,8,8,8,0.5677493737441907,1.2676319684106116e-07,1.2410720647234744e-05
81,104,G,L,4.5534281730651855,0.2047811895608902,0.8395050168037415,4,8,4,0.566625493681929,0.002224694104560623,0.009649727587835699
53,59,M,K,1.5679378509521484,0.3213687539100647,0.8830007910728455,7,8,8,0.5660546551539629,2.3451191415596314e-05,0.00045919666867814073
102,103,R,L,1.0505837202072144,0.878337025642395,0.6971526145935059,6,14,6,0.5659536739809219,0.0040786058583611425,0.015027980777471724
7,75,A,H,2.432854413986206,0.2363891452550888,0.6895843148231506,11,22,11,0.5643565757161906,0.008331318211861812,0.02579697379730193
70,144,S,H,1.161251425743103,1.3774815797805786,0.5711846947669983,5,14,5,0.5621427468827132,0.011782639146376634,0.03252391842187651
142,144,K,H,0.5989682078361511,1.3774815797805786,0.793091356754303,5,10,5,0.5605728013663152,0.0014831294030404154,0.007208780513252913
21,136,V,A,6.134928226470947,0.12236680090427399,0.8308600783348083,5,9,5,0.5601811077961905,0.0007415647015202077,0.0042117598855055
92,140,D,A,1.906291127204895,0.2746090888977051,0.9878107309341431,5,5,5,0.5561472911606516,5.8854341390492675e-06,0.0001359601462834771
102,118,R,K,1.0505837202072144,0.4196438491344452,0.8375477194786072,9,14,11,0.5561159160165281,0.0034208702100562626,0.01327039491877241
31,84,V,A,0.27176469564437866,2.166801929473877,0.8568608164787292,6,7,9,0.5556783847622754,0.0007164655885456776,0.0042117598855055
78,95,N,H,1.0791797637939453,1.5488855838775635,0.6102555394172668,4,11,4,0.5514762762584657,0.010487843635785794,0.030242644929618357
11,118,A,K,1.0952095985412598,0.4196438491344452,0.7523483633995056,11,20,11,0.5504304127014075,0.001983647193300431,0.009206272493501281
92,131,D,V,1.906291127204895,0.30719128251075745,0.9225689172744751,5,5,9,0.549366148348299,0.0007415647015202076,0.0042117598855055
19,21,D,V,0.09900836646556854,6.134928226470947,0.7349903583526611,8,17,9,0.5493449603180168,0.01808773032838419,0.04574215558768785
84,115,A,H,2.166801929473877,0.5686140656471252,0.5469504594802856,7,9,13,0.5482737136686505,0.014207734842256294,0.038385154530112285
114,131,H,V,1.7764171361923218,0.30719128251075745,0.7416234612464905,9,17,9,0.5478483787467128,0.0012058486885589464,0.006276518523787396
21,76,V,L,6.134928226470947,0.16455955803394318,0.7790212035179138,4,9,4,0.5471093244384122,0.004004449388209121,0.014996627220147728
91,140,C,A,1.7844549417495728,0.2746090888977051,0.9999867677688599,5,5,5,0.5447139777099385,5.8854341390492675e-06,0.0001359601462834771
17,102,N,R,0.3561483919620514,1.0505837202072144,0.8236541748046875,11,15,14,0.5437135057029212,0.003094830626565608,0.012096904204032267
45,70,D,S,0.5862813591957092,1.161251425743103,0.6882898211479187,8,8,14,0.5419338513658439,0.00038066988011370667,0.0026895437954486544
59,114,K,H,0.3213687539100647,1.7764171361923218,0.7479536533355713,8,8,17,0.5392718475457233,0.003081613315206196,0.012091215230695165
23,109,G,V,1.829126238822937,0.3053969144821167,0.7950188517570496,7,15,7,0.5366147627398374,0.0024471635150166856,0.010331351252643724
124,126,V,A,2.2127232551574707,0.3740072548389435,0.6516621112823486,7,18,7,0.5353737354042738,0.012102335928809787,0.03313235976248385
45,95,D,H,0.5862813591957092,1.5488855838775635,0.8034199476242065,4,8,4,0.5351356215842726,0.002224694104560623,0.009649727587835699
41,70,E,S,0.29625871777534485,1.161251425743103,0.7937797904014587,13,21,14,0.5336197231076423,0.008112072995760184,0.025659110729510968
17,78,N,N,0.3561483919620514,1.0791797637939453,0.8261333107948303,10,15,11,0.533368111706974,0.000583579178152859,0.003908269698898451
92,93,D,K,1.906291127204895,0.33075278997421265,0.8619124889373779,5,5,10,0.5325661566788514,0.0014831294030404154,0.007208780513252913
59,117,K,G,0.3213687539100647,1.6839995384216309,0.930303156375885,5,8,5,0.5325511447612393,0.00032958431178675896,0.002428764736907403
31,134,V,G,0.27176469564437866,1.4899324178695679,0.9251541495323181,7,7,8,0.5316489149525361,3.0423167241854674e-06,0.00010425004954110287
27,31,G,V,1.8898515701293945,0.27176469564437866,0.877813458442688,6,7,7,0.5316425058610412,6.4268940798418e-05,0.00099351084826136
91,93,C,K,1.7844549417495728,0.33075278997421265,0.888592004776001,5,5,10,0.531215785819414,0.0014831294030404154,0.007208780513252913
31,53,V,M,0.27176469564437866,1.5679378509521484,0.8999285101890564,7,7,8,0.5305178230560643,3.0423167241854674e-06,0.00010425004954110287
91,131,C,V,1.7844549417495728,0.30719128251075745,0.9200770854949951,5,5,9,0.5300849463796837,0.0007415647015202076,0.0042117598855055
81,119,G,E,4.5534281730651855,0.0832943469285965,0.8216221332550049,8,8,20,0.5290541612543266,0.015968359906068475,0.04198330968542172
21,24,V,E,6.134928226470947,0.10821672528982162,0.8310045599937439,5,9,5,0.5268892811520494,0.0007415647015202077,0.0042117598855055
52,124,V,V,0.14186829328536987,2.2127232551574707,0.8420133590698242,12,12,18,0.5255188641044627,0.00013154712966097597,0.0016003603614403827
95,106,H,N,1.5488855838775635,0.5085336565971375,0.8466454744338989,4,4,8,0.525205964594885,0.002224694104560623,0.009649727587835699
117,141,G,H,1.6839995384216309,0.31886565685272217,0.9168828129768372,5,5,7,0.522820621296673,0.00012359411692003462,0.001530780139272606
79,117,L,G,0.28705692291259766,1.6839995384216309,0.9650669097900391,5,8,5,0.5221273477285256,0.00032958431178675896,0.002428764736907403
59,133,K,A,0.3213687539100647,1.595701813697815,0.9344655871391296,5,8,5,0.5207209201492844,0.00032958431178675896,0.002428764736907403
1,72,L,G,1.856151819229126,0.16887475550174713,0.9740205407142639,8,8,9,0.5203744794662388,1.1408687715695505e-06,5.3309687080565546e-05
102,132,R,V,1.0505837202072144,0.9221996068954468,0.678822934627533,5,14,5,0.519934129470564,0.011782639146376634,0.03252391842187651
82,95,T,H,0.4605938792228699,1.5488855838775635,0.8800787925720215,4,7,4,0.5195757158486844,0.0011123470522803114,0.005849067617179183
92,129,D,Q,1.906291127204895,0.3750442862510681,0.786065936088562,5,5,7,0.5172004406947467,0.00012359411692003462,0.001530780139272606
14,107,G,V,1.9377819299697876,0.4305296540260315,0.6668436527252197,6,8,11,0.5147366623496749,0.011984826445338125,0.03298634858215988
133,141,A,H,1.595701813697815,0.31886565685272217,0.9217305183410645,5,5,7,0.5116202544331001,0.00012359411692003462,0.001530780139272606
79,133,L,A,0.28705692291259766,1.595701813697815,0.9701546430587769,5,8,5,0.5109340757343349,0.00032958431178675896,0.002428764736907403
109,117,V,G,0.3053969144821167,1.6839995384216309,0.9155685901641846,5,7,5,0.5109262443963453,0.00012359411692003462,0.001530780139272606
81,136,G,A,4.5534281730651855,0.12236680090427399,0.8791074752807617,5,8,5,0.5106308400283637,0.00032958431178675896,0.002428764736907403
20,70,E,S,0.24994482100009918,1.161251425743103,0.8466184735298157,12,16,14,0.5080846191882226,0.000752764534540879,0.00422709159553051
76,81,L,G,0.16455955803394318,4.5534281730651855,0.8395050764083862,4,4,8,0.5079402948133839,0.002224694104560623,0.009649727587835699
56,95,P,H,0.626492440700531,1.5488855838775635,0.7377032041549683,4,10,4,0.5079345969754054,0.006674082313681869,0.021746297285740047
93,102,K,R,0.33075278997421265,1.0505837202072144,0.8610772490501404,9,10,14,0.5075854986866505,0.000789927616836743,0.004307934126275683
91,129,C,Q,1.7844549417495728,0.3750442862510681,0.7956383228302002,5,5,7,0.5064933909232114,0.00012359411692003462,0.001530780139272606
63,88,K,E,1.5672755241394043,0.5249159336090088,0.7986486554145813,4,5,5,0.506327898110784,0.000770991872215454,0.00422709159553051
78,132,N,V,1.0791797637939453,0.9221996068954468,0.6512776613235474,5,11,5,0.5055796265703493,0.0027190705722407614,0.01100474214327969
84,109,A,V,2.166801929473877,0.3053969144821167,0.7301411628723145,6,9,7,0.501944681541513,0.0007164655885456776,0.0042117598855055
95,142,H,K,1.5488855838775635,0.5989682078361511,0.74480801820755,4,4,10,0.5014347603121607,0.006674082313681868,0.021746297285740047
31,117,V,G,0.27176469564437866,1.6839995384216309,0.951644241809845,5,7,5,0.500963571793882,0.00012359411692003462,0.001530780139272606
70,106,S,N,1.161251425743103,0.5085336565971375,0.6831579208374023,8,14,8,0.5009597671842633,0.00038066988011370667,0.0026895437954486544
45,63,D,K,0.5862813591957092,1.5672755241394043,0.747399091720581,4,8,5,0.5007682932714363,0.00980513327565608,0.028757995167234315
109,133,V,A,0.3053969144821167,1.595701813697815,0.9204938411712646,5,7,5,0.5000265888668723,0.00012359411692003462,0.001530780139272606
72,84,G,A,0.16887475550174713,2.166801929473877,0.9141837358474731,7,9,9,0.49940914536095277,0.0004223694604310748,0.002943700343623
54,126,G,A,2.031978130340576,0.3740072548389435,0.6333692073822021,7,17,7,0.4986404438272966,0.007395871956494871,0.023722172631953323
70,103,S,L,1.161251425743103,0.878337025642395,0.5839876532554626,6,14,6,0.4984303568603115,0.0040786058583611425,0.015027980777471724
69,102,F,R,0.8390132188796997,1.0505837202072144,0.6814924478530884,5,5,14,0.49788013896677635,0.011782639146376634,0.03252391842187651
1,109,L,V,1.856151819229126,0.3053969144821167,0.848914623260498,5,8,7,0.49735570564245873,0.005635891731553578,0.018510212586186944
23,72,G,G,1.829126238822937,0.16887475550174713,0.9332130551338196,8,15,9,0.49492999148296807,0.0053553868227176745,0.018229595465671936
53,140,M,A,1.5679378509521484,0.2746090888977051,0.9687200784683228,5,8,5,0.49463426350029926,0.00032958431178675896,0.002428764736907403
14,129,G,Q,1.9377819299697876,0.3750442862510681,0.7454578280448914,5,8,7,0.4945165455962861,0.005635891731553578,0.018510212586186944
63,135,K,V,1.5672755241394043,0.5002601146697998,0.7968290448188782,4,5,5,0.4931673421019052,0.000770991872215454,0.00422709159553051
23,140,G,A,1.829126238822937,0.2746090888977051,0.8907344937324524,5,15,5,0.4912375807077702,0.01767395871956495,0.04480598993718845
79,114,L,H,0.28705692291259766,1.7764171361923218,0.7207934856414795,8,8,17,0.49116351872754327,0.003081613315206196,0.012091215230695165
114,141,H,H,1.7764171361923218,0.31886565685272217,0.7221681475639343,7,17,7,0.4908465089304025,0.007395871956494871,0.023722172631953323
31,133,V,A,0.27176469564437866,1.595701813697815,0.9567034244537354,5,7,5,0.49024563595458526,0.00012359411692003462,0.001530780139272606
1,9,L,V,1.856151819229126,0.1468571573495865,0.9798995852470398,8,8,9,0.48819647558363655,1.1408687715695505e-06,5.3309687080565546e-05
11,45,A,D,1.0952095985412598,0.5862813591957092,0.6351069211959839,8,20,8,0.48563196934663233,0.01596835990606847,0.04198330968542172
109,124,V,V,0.3053969144821167,2.2127232551574707,0.6535049676895142,7,7,18,0.48514972874883505,0.012102335928809788,0.03313235976248385
69,78,F,N,0.8390132188796997,1.0791797637939453,0.653601348400116,5,5,11,0.48395865081302814,0.0027190705722407614,0.01100474214327969
14,59,G,K,1.9377819299697876,0.3213687539100647,0.7876133918762207,5,8,8,0.48365021683169984,0.013493308487746755,0.03679342558039278
19,81,D,G,0.09900836646556854,4.5534281730651855,0.7492571473121643,8,17,8,0.48245731899242483,0.003081613315206196,0.012091215230695165
24,81,E,G,0.10821672528982162,4.5534281730651855,0.8785402774810791,5,5,8,0.47989048114427085,0.00032958431178675896,0.002428764736907403
27,72,G,G,1.8898515701293945,0.16887475550174713,0.9383739829063416,7,7,9,0.4787438408853141,1.3690425258834604e-05,0.0002872195385565164
140,144,A,H,0.2746090888977051,1.3774815797805786,0.9991958141326904,5,5,5,0.47820595420540885,5.8854341390492675e-06,0.0001359601462834771
11,93,A,K,1.0952095985412598,0.33075278997421265,0.7624422907829285,10,20,10,0.47788332764952157,0.004165659105930906,0.015131793817498658
63,106,K,N,1.5672755241394043,0.5085336565971375,0.7641778588294983,4,5,8,0.47685409391266764,0.00980513327565608,0.028757995167234315
8,119,A,E,2.915553092956543,0.0832943469285965,0.8470515608787537,10,10,20,0.4763046782079352,0.004165659105930906,0.015131793817498658
10,49,T,P,1.0694541931152344,0.38125741481781006,0.6322484612464905,14,15,21,0.4748091137242648,0.0040495881091712205,0.015027980777471724
84,105,A,G,2.166801929473877,0.2724091410636902,0.881851851940155,4,9,4,0.47355956757608053,0.004004449388209121,0.014996627220147728
107,117,V,G,0.4305296540260315,1.6839995384216309,0.7122808694839478,5,11,5,0.47194112010708805,0.0027190705722407614,0.01100474214327969
12,78,L,N,0.2002103626728058,1.0791797637939453,0.9404563307762146,11,12,11,0.4717622614128969,1.4172282876640374e-07,1.3244641903301353e-05
11,75,A,H,1.0952095985412598,0.2363891452550888,0.857043445110321,11,20,11,0.470608333194842,0.001983647193300431,0.009206272493501281
12,23,L,G,0.2002103626728058,1.829126238822937,0.746451199054718,10,12,15,0.47041488880334414,0.0027115474520804116,0.01100474214327969
27,105,G,G,1.8898515701293945,0.2724091410636902,0.9355997443199158,4,7,4,0.46921654741764535,0.0011123470522803114,0.005849067617179183
1,140,L,A,1.856151819229126,0.2746090888977051,0.844258725643158,5,8,5,0.4690334094704186,0.00032958431178675896,0.002428764736907403
93,144,K,H,0.33075278997421265,1.3774815797805786,0.892655611038208,5,10,5,0.468859388692819,0.0014831294030404154,0.007208780513252913
78,93,N,K,1.0791797637939453,0.33075278997421265,0.8210283517837524,8,11,10,0.46807513221940167,0.0007318921184569007,0.0042117598855055
63,82,K,T,1.5672755241394043,0.4605938792228699,0.7856317162513733,4,5,7,0.4665619349357787,0.0050673587937214186,0.017539544676991824
53,72,M,G,1.5679378509521484,0.16887475550174713,0.9457949995994568,8,8,9,0.4644110685152072,1.1408687715695505e-06,5.3309687080565546e-05
131,144,V,H,0.30719128251075745,1.3774815797805786,0.9152336120605469,5,9,5,0.46327975734712185,0.0007415647015202077,0.0042117598855055
134,140,G,A,1.4899324178695679,0.2746090888977051,0.9293228983879089,5,8,5,0.4625635381973569,0.00032958431178675896,0.002428764736907403
72,134,G,G,0.16887475550174713,1.4899324178695679,0.9661850333213806,8,9,8,0.46247122570381904,1.1408687715695505e-06,5.3309687080565546e-05
9,84,V,A,0.1468571573495865,2.166801929473877,0.9075068235397339,7,9,9,0.46231511420908616,0.0004223694604310748,0.002943700343623
107,133,V,A,0.4305296540260315,1.595701813697815,0.716099202632904,5,11,5,0.4618645335773901,0.0027190705722407614,0.01100474214327969
9,23,V,G,0.1468571573495865,1.829126238822937,0.9327648878097534,8,9,15,0.4613179438687599,0.005355386822717675,0.018229595465671936
53,129,M,Q,1.5679378509521484,0.3750442862510681,0.7708080410957336,5,8,7,0.4599556469410141,0.005635891731553578,0.018510212586186944
70,132,S,V,1.161251425743103,0.9221996068954468,0.5689226388931274,5,14,5,0.4581343251043514,0.011782639146376634,0.03252391842187651
89,102,L,R,0.7050305604934692,1.0505837202072144,0.6814878582954407,5,5,14,0.4563955979451763,0.011782639146376634,0.03252391842187651
11,106,A,N,1.0952095985412598,0.5085336565971375,0.6399818062782288,8,20,8,0.45575858566277244,0.01596835990606847,0.04198330968542172
27,140,G,A,1.8898515701293945,0.2746090888977051,0.9031355977058411,4,7,5,0.454760568727185,0.0050673587937214186,0.017539544676991824
63,131,K,V,1.5672755241394043,0.30719128251075745,0.8414232730865479,5,5,9,0.454313517584555,0.0007415647015202076,0.0042117598855055
91,105,C,G,1.7844549417495728,0.2724091410636902,0.9309176802635193,4,5,4,0.4536630925722073,0.0001589067217543302,0.001675447317150732
82,102,T,R,0.4605938792228699,1.0505837202072144,0.7221413254737854,7,7,14,0.4536570249489978,0.0013051538746755654,0.00660935041077178
92,138,D,A,1.906291127204895,0.22934630513191223,0.9805176258087158,4,5,4,0.45316298715424913,0.0001589067217543302,0.001675447317150732
92,141,D,H,1.906291127204895,0.31886565685272217,0.8313213586807251,4,5,7,0.4530289586327061,0.0050673587937214186,0.017539544676991824
117,131,G,V,1.6839995384216309,0.30719128251075745,0.8073253631591797,5,5,9,0.4518435049491941,0.0007415647015202076,0.0042117598855055
31,114,V,H,0.27176469564437866,1.7764171361923218,0.7187400460243225,7,7,17,0.45099514433970544,0.007395871956494871,0.023722172631953323
70,129,S,Q,1.161251425743103,0.3750442862510681,0.7526781558990479,7,14,7,0.4485849986977921,0.0013051538746755656,0.00660935041077178
70,82,S,T,1.161251425743103,0.4605938792228699,0.6783034801483154,7,14,7,0.44799924660610574,0.0013051538746755656,0.00660935041077178
9,27,V,G,0.1468571573495865,1.8898515701293945,0.9399679899215698,7,9,7,0.4472038130983388,1.3690425258834604e-05,0.0002872195385565164
84,138,A,A,2.166801929473877,0.22934630513191223,0.9034509062767029,4,9,4,0.44516250482256015,0.004004449388209121,0.014996627220147728
129,144,Q,H,0.3750442862510681,1.3774815797805786,0.7949743270874023,5,7,5,0.4446325985471525,0.00012359411692003462,0.001530780139272606
12,102,L,R,0.2002103626728058,1.0505837202072144,0.8981053829193115,11,12,14,0.4445087338137976,4.449388209121246e-05,0.000766885683662808
78,89,N,L,1.0791797637939453,0.7050305604934692,0.6536672115325928,5,11,5,0.4436817736638095,0.0027190705722407614,0.01100474214327969
131,133,V,A,0.30719128251075745,1.595701813697815,0.8115401864051819,5,9,5,0.4421344576964694,0.0007415647015202077,0.0042117598855055
69,70,F,S,0.8390132188796997,1.161251425743103,0.5715687274932861,5,5,14,0.4390156582854069,0.011782639146376634,0.03252391842187651
1,129,L,Q,1.856151819229126,0.3750442862510681,0.6717297434806824,5,8,7,0.43612062204615965,0.005635891731553578,0.018510212586186944
92,105,D,G,1.906291127204895,0.2724091410636902,0.8653151392936707,4,5,4,0.4358512466361661,0.0001589067217543302,0.001675447317150732
27,109,G,V,1.8898515701293945,0.3053969144821167,0.735005259513855,5,7,7,0.4345108612994851,0.0022684274074707893,0.009777540829134186
23,119,G,E,1.829126238822937,0.0832943469285965,0.885159432888031,13,15,20,0.43388683980436243,0.01565668778513969,0.04198330968542172
8,105,A,G,2.915553092956543,0.2724091410636902,0.6960368752479553,4,10,4,0.43357287384742965,0.006674082313681869,0.021746297285740047
14,140,G,A,1.9377819299697876,0.2746090888977051,0.8483395576477051,4,8,5,0.43255183792829377,0.00980513327565608,0.028757995167234315
78,103,N,L,1.0791797637939453,0.878337025642395,0.5706448554992676,5,11,6,0.432322080939864,0.013177034311628307,0.03597872884347936
9,134,V,G,0.1468571573495865,1.4899324178695679,0.9662046432495117,8,9,8,0.4312794086307699,1.1408687715695505e-06,5.3309687080565546e-05
91,141,C,H,1.7844549417495728,0.31886565685272217,0.8177546262741089,4,5,7,0.43115975344631335,0.0050673587937214186,0.017539544676991824
95,131,H,V,1.5488855838775635,0.30719128251075745,0.8941250443458557,4,4,9,0.4310929402665847,0.004004449388209121,0.014996627220147728
9,53,V,M,0.1468571573495865,1.5679378509521484,0.9398862719535828,8,9,8,0.430374019992934,1.1408687715695505e-06,5.3309687080565546e-05
129,134,Q,G,0.3750442862510681,1.4899324178695679,0.7393368482589722,5,7,8,0.4300618640348057,0.005635891731553578,0.018510212586186944
92,104,D,L,1.906291127204895,0.2047811895608902,0.980517566204071,4,5,4,0.428206801604143,0.0001589067217543302,0.001675447317150732
79,92,L,D,0.28705692291259766,1.906291127204895,0.7437095046043396,5,8,5,0.428100738728876,0.00032958431178675896,0.002428764736907403
81,83,G,F,4.5534281730651855,0.0747179239988327,0.8149125576019287,5,8,6,0.42790195925653207,0.0017873610754589621,0.008409186351609584
95,140,H,A,1.5488855838775635,0.2746090888977051,0.9379895329475403,4,4,5,0.4275861734822696,0.0001589067217543302,0.001675447317150732
11,116,A,F,1.0952095985412598,0.18758507072925568,0.7732864618301392,15,20,16,0.4220441909142266,0.0005835791781528592,0.003908269698898451
70,109,S,V,1.161251425743103,0.3053969144821167,0.7837489247322083,7,14,7,0.42150568612411954,0.0013051538746755656,0.00660935041077178
84,104,A,L,2.166801929473877,0.2047811895608902,0.9034509658813477,4,9,4,0.4206469679817715,0.004004449388209121,0.014996627220147728
91,138,C,A,1.7844549417495728,0.22934630513191223,0.9397646188735962,4,5,4,0.42021959140807796,0.0001589067217543302,0.001675447317150732
79,91,L,C,0.28705692291259766,1.7844549417495728,0.7533309459686279,5,8,5,0.4195528093397402,0.00032958431178675896,0.002428764736907403
95,138,H,A,1.5488855838775635,0.22934630513191223,1.0,4,4,4,0.41659502716430197,3.178134435086604e-05,0.0006050226007506286
72,114,G,H,0.16887475550174713,1.7764171361923218,0.7585633397102356,9,9,17,0.4154767192641954,0.0012058486885589464,0.006276518523787396
59,92,K,D,0.3213687539100647,1.906291127204895,0.7589284181594849,4,8,5,0.4151985152193265,0.00980513327565608,0.028757995167234315
14,138,G,A,1.9377819299697876,0.22934630513191223,0.884945273399353,4,8,4,0.41235691094459914,0.002224694104560623,0.009649727587835699
92,118,D,K,1.906291127204895,0.4196438491344452,0.5890234112739563,5,5,11,0.40995068873120927,0.0027190705722407614,0.01100474214327969
91,118,C,K,1.7844549417495728,0.4196438491344452,0.6061060428619385,5,5,11,0.408136896428941,0.0027190705722407614,0.01100474214327969
49,113,P,A,0.38125741481781006,1.1140056848526,0.5304638147354126,14,21,15,0.4065833962277195,0.0040495881091712205,0.015027980777471724
105,144,G,H,0.2724091410636902,1.3774815797805786,0.946490466594696,4,4,5,0.4052551300027563,0.0001589067217543302,0.001675447317150732
92,115,D,H,1.906291127204895,0.5686140656471252,0.498636394739151,5,5,13,0.40397213163723317,0.007574553736956407,0.024107247994687903
95,141,H,H,1.5488855838775635,0.31886565685272217,0.8204612135887146,4,4,7,0.4030232825146904,0.0011123470522803112,0.005849067617179183
70,131,S,V,1.161251425743103,0.30719128251075745,0.6746158003807068,9,14,9,0.4029248773390021,9.930518611661913e-05,0.0014105454725181885
70,89,S,L,1.161251425743103,0.7050305604934692,0.5714441537857056,5,14,5,0.40235084242205094,0.011782639146376634,0.03252391842187651
53,105,M,G,1.5679378509521484,0.2724091410636902,0.8797117471694946,4,8,4,0.4018594548179473,0.002224694104560623,0.009649727587835699
105,134,G,G,0.2724091410636902,1.4899324178695679,0.9017956256866455,4,4,8,0.4015695614974119,0.002224694104560623,0.009649727587835699
59,70,K,S,0.3213687539100647,1.161251425743103,0.6871370673179626,8,8,14,0.40055955052342584,0.00038066988011370667,0.0026895437954486544
93,95,K,H,0.33075278997421265,1.5488855838775635,0.797494649887085,4,10,4,0.39897689296575034,0.006674082313681869,0.021746297285740047
59,91,K,C,0.3213687539100647,1.7844549417495728,0.7537059187889099,4,8,5,0.3989468883969192,0.00980513327565608,0.028757995167234315
109,134,V,G,0.3053969144821167,1.4899324178695679,0.7583475112915039,5,7,8,0.39805940799213685,0.005635891731553578,0.018510212586186944
95,129,H,Q,1.5488855838775635,0.3750442862510681,0.7465724349021912,4,4,7,0.3977236671424149,0.0011123470522803112,0.005849067617179183
91,104,C,L,1.7844549417495728,0.2047811895608902,0.9397645592689514,4,5,4,0.39707763395217033,0.0001589067217543302,0.001675447317150732
91,115,C,H,1.7844549417495728,0.5686140656471252,0.5041128993034363,5,5,13,0.3951422081036748,0.007574553736956407,0.024107247994687903
88,102,E,R,0.5249159336090088,1.0505837202072144,0.6815035939216614,5,5,14,0.3938151155220934,0.011782639146376634,0.03252391842187651
95,104,H,L,1.5488855838775635,0.2047811895608902,1.0,4,4,4,0.39365270343574565,3.178134435086604e-05,0.0006050226007506286
102,129,R,Q,1.0505837202072144,0.3750442862510681,0.6943651437759399,7,14,7,0.3936185424477671,0.0013051538746755656,0.00660935041077178
1,105,L,G,1.856151819229126,0.2724091410636902,0.7877045273780823,4,8,4,0.39150694140953507,0.002224694104560623,0.009649727587835699
53,138,M,A,1.5679378509521484,0.22934630513191223,0.9316360950469971,4,8,4,0.39049469774638845,0.002224694104560623,0.009649727587835699
14,104,G,L,1.9377819299697876,0.2047811895608902,0.8849453330039978,4,8,4,0.3896480109519114,0.002224694104560623,0.009649727587835699
78,116,N,F,1.0791797637939453,0.18758507072925568,0.8314612507820129,10,11,16,0.3895853069894805,0.0014702326256226725,0.007208780513252913
31,92,V,D,0.27176469564437866,1.906291127204895,0.7732781171798706,4,7,5,0.3890320585861105,0.0050673587937214186,0.017539544676991824
102,126,R,A,1.0505837202072144,0.3740072548389435,0.686718225479126,7,14,7,0.3887451174276789,0.0013051538746755656,0.00660935041077178
9,114,V,H,0.1468571573495865,1.7764171361923218,0.7583566904067993,9,9,17,0.38734107924580485,0.0012058486885589464,0.006276518523787396
11,12,A,L,1.0952095985412598,0.2002103626728058,0.7633021473884583,11,20,12,0.38572942565551854,0.013984712712768044,0.03788217320076248
84,119,A,E,2.166801929473877,0.0832943469285965,0.8264004588127136,9,9,20,0.3846804863492517,0.008331318211861812,0.02579697379730193
102,135,R,V,1.0505837202072144,0.5002601146697998,0.6814054250717163,5,14,5,0.3843995575159842,0.011782639146376634,0.03252391842187651
76,92,L,D,0.16455955803394318,1.906291127204895,0.9805176258087158,4,4,5,0.3838575730394457,0.0001589067217543302,0.001675447317150732
78,88,N,E,1.0791797637939453,0.5249159336090088,0.6536145806312561,5,11,5,0.38280493314234404,0.0027190705722407614,0.01100474214327969
84,136,A,A,2.166801929473877,0.12236680090427399,0.9547478556632996,5,9,5,0.3825552101986347,0.0007415647015202077,0.0042117598855055
59,63,K,K,0.3213687539100647,1.5672755241394043,0.7704278826713562,4,8,5,0.38217742583251896,0.00980513327565608,0.028757995167234315
11,131,A,V,1.0952095985412598,0.30719128251075745,0.6561928987503052,9,20,9,0.38061385246484264,0.00833131821186181,0.02579697379730193
63,105,K,G,1.5672755241394043,0.2724091410636902,0.8263111710548401,4,5,4,0.3773859061604402,0.0001589067217543302,0.001675447317150732
76,84,L,A,0.16455955803394318,2.166801929473877,0.9034509062767029,4,4,9,0.3770806609392927,0.004004449388209121,0.014996627220147728
70,79,S,L,1.161251425743103,0.28705692291259766,0.6838716268539429,8,14,8,0.3767736200421129,0.00038066988011370667,0.0026895437954486544
72,92,G,D,0.16887475550174713,1.906291127204895,0.8526815176010132,5,9,5,0.3764678111678759,0.0007415647015202077,0.0042117598855055
141,144,H,H,0.31886565685272217,1.3774815797805786,0.810038149356842,4,7,5,0.375241432134744,0.0050673587937214186,0.017539544676991824
70,141,S,H,1.161251425743103,0.31886565685272217,0.6805427074432373,7,14,7,0.37398433805774983,0.0013051538746755656,0.00660935041077178
78,135,N,V,1.0791797637939453,0.5002601146697998,0.6535027027130127,5,11,5,0.3736424777641548,0.0027190705722407614,0.01100474214327969
31,91,V,C,0.27176469564437866,1.7844549417495728,0.7651073932647705,4,7,5,0.37241764495524404,0.0050673587937214186,0.017539544676991824
92,136,D,A,1.906291127204895,0.12236680090427399,0.9903646111488342,5,5,5,0.3722078679098618,5.8854341390492675e-06,0.0001359601462834771
53,109,M,V,1.5679378509521484,0.3053969144821167,0.6899135708808899,5,8,7,0.3714971206779341,0.005635891731553578,0.018510212586186944
72,91,G,C,0.16887475550174713,1.7844549417495728,0.8641104102134705,5,9,5,0.3691207135144446,0.0007415647015202077,0.0042117598855055
53,104,M,L,1.5679378509521484,0.2047811895608902,0.9316360950469971,4,8,4,0.3689897464488083,0.002224694104560623,0.009649727587835699
11,119,A,E,1.0952095985412598,0.0832943469285965,0.886835515499115,17,20,20,0.3684085614353322,0.002347532366393904,0.010097336129258118
79,144,L,H,0.28705692291259766,1.3774815797805786,0.7528700828552246,5,8,5,0.36839266287305367,0.00032958431178675896,0.002428764736907403
63,140,K,A,1.5672755241394043,0.2746090888977051,0.799773097038269,4,5,5,0.36673761745405514,0.000770991872215454,0.00422709159553051
18,91,V,C,0.8029184937477112,1.7844549417495728,0.43668287992477417,4,9,5,0.3653534631739684,0.017055988134964777,0.04427665652650775
75,117,H,G,0.2363891452550888,1.6839995384216309,0.7429912090301514,5,11,5,0.3647811970294992,0.0027190705722407614,0.01100474214327969
59,95,K,H,0.3213687539100647,1.5488855838775635,0.7396690249443054,4,8,4,0.36476021598116654,0.002224694104560623,0.009649727587835699
91,136,C,A,1.7844549417495728,0.12236680090427399,0.9999253749847412,5,5,5,0.36359357934059267,5.8854341390492675e-06,0.0001359601462834771
4,10,E,T,0.1873978227376938,1.0694541931152344,0.8505884408950806,8,9,15,0.3633637511331239,0.005355386822717675,0.018229595465671936
138,144,A,H,0.22934630513191223,1.3774815797805786,0.9233348369598389,4,4,5,0.36274925928528273,0.0001589067217543302,0.001675447317150732
1,138,L,A,1.856151819229126,0.22934630513191223,0.7917234897613525,4,8,4,0.3610644169828865,0.002224694104560623,0.009649727587835699
118,144,K,H,0.4196438491344452,1.3774815797805786,0.6085427403450012,5,11,5,0.3600297894070871,0.0027190705722407614,0.01100474214327969
24,84,E,A,0.10821672528982162,2.166801929473877,0.9545233845710754,5,5,9,0.3596726318768728,0.0007415647015202076,0.0042117598855055
11,52,A,V,1.0952095985412598,0.14186829328536987,0.844073474407196,11,20,12,0.35905909736300745,0.013984712712768044,0.03788217320076248
11,59,A,K,1.0952095985412598,0.3213687539100647,0.634100615978241,8,20,8,0.3589776247971282,0.01596835990606847,0.04198330968542172
72,117,G,G,0.16887475550174713,1.6839995384216309,0.8635606169700623,5,9,5,0.3583523016821758,0.0007415647015202077,0.0042117598855055
75,133,H,A,0.2363891452550888,1.595701813697815,0.7469773888587952,5,11,5,0.3569941586383571,0.0027190705722407614,0.01100474214327969
76,91,L,C,0.16455955803394318,1.7844549417495728,0.939764678478241,4,4,5,0.3559524659002563,0.0001589067217543302,0.001675447317150732
102,116,R,F,1.0505837202072144,0.18758507072925568,0.7386795878410339,11,14,16,0.3538872832831761,0.008247376029020013,0.02579697379730193
8,83,A,F,2.915553092956543,0.0747179239988327,0.8418030738830566,5,10,6,0.3536999546432164,0.0074726904537805545,0.02389401554899119
76,95,L,H,0.16455955803394318,1.5488855838775635,1.0,4,4,4,0.35288220927266317,3.178134435086604e-05,0.0006050226007506286
42,138,S,A,3.2570626735687256,0.22934630513191223,0.5826840996742249,4,11,4,0.35200646321179585,0.010487843635785794,0.030242644929618357
52,70,V,S,0.14186829328536987,1.161251425743103,0.8668342232704163,9,12,14,0.3518372774430538,0.010655962341409942,0.030684394579307706
18,92,V,D,0.8029184937477112,1.906291127204895,0.4059095084667206,4,9,5,0.3510088831051984,0.017055988134964777,0.04427665652650775
72,133,G,A,0.16887475550174713,1.595701813697815,0.8681246638298035,5,9,5,0.35067463248250164,0.0007415647015202077,0.0042117598855055
14,76,G,L,1.9377819299697876,0.16455955803394318,0.8849453330039978,4,8,4,0.34929228160591796,0.002224694104560623,0.009649727587835699
24,92,E,D,0.10821672528982162,1.906291127204895,0.9880837202072144,5,5,5,0.34922037198815575,5.8854341390492675e-06,0.0001359601462834771
59,144,K,H,0.3213687539100647,1.3774815797805786,0.7487823367118835,4,8,5,0.3482241238384605,0.00980513327565608,0.028757995167234315
70,88,S,E,1.161251425743103,0.5249159336090088,0.5715738534927368,5,14,5,0.34725170078770123,0.011782639146376634,0.03252391842187651
115,144,H,H,0.5686140656471252,1.3774815797805786,0.5035152435302734,5,13,5,0.34675947912263966,0.007574553736956407,0.024107247994687903
31,70,V,S,0.27176469564437866,1.161251425743103,0.681022584438324,7,7,14,0.34550329263336416,0.0013051538746755654,0.00660935041077178
63,72,K,G,1.5672755241394043,0.16887475550174713,0.8624148368835449,5,5,9,0.34525126729967315,0.0007415647015202076,0.0042117598855055
9,92,V,D,0.1468571573495865,1.906291127204895,0.8379879593849182,5,9,5,0.3450197611210068,0.0007415647015202077,0.0042117598855055
31,95,V,H,0.27176469564437866,1.5488855838775635,0.7573722004890442,4,7,4,0.34345835593985574,0.0011123470522803114,0.005849067617179183
104,144,L,H,0.2047811895608902,1.3774815797805786,0.9233348369598389,4,4,5,0.3427722782937771,0.0001589067217543302,0.001675447317150732
134,138,G,A,1.4899324178695679,0.22934630513191223,0.8380951285362244,4,8,4,0.34243726034038247,0.002224694104560623,0.009649727587835699
24,91,E,C,0.10821672528982162,1.7844549417495728,0.9999942183494568,5,5,5,0.3419491241773183,5.8854341390492675e-06,0.0001359601462834771
9,117,V,G,0.1468571573495865,1.6839995384216309,0.88209068775177,5,9,5,0.3413467715830898,0.0007415647015202077,0.0042117598855055
1,104,L,L,1.856151819229126,0.2047811895608902,0.7917235493659973,4,8,4,0.3411802477042499,0.002224694104560623,0.009649727587835699
63,129,K,Q,1.5672755241394043,0.3750442862510681,0.6361645460128784,4,5,7,0.3409117366360781,0.0050673587937214186,0.017539544676991824
4,113,E,A,0.1873978227376938,1.1140056848526,0.7797483205795288,8,9,15,0.3399688933109473,0.005355386822717675,0.018229595465671936
70,135,S,V,1.161251425743103,0.5002601146697998,0.5715221166610718,5,14,5,0.33896755456403055,0.011782639146376634,0.03252391842187651
9,91,V,C,0.1468571573495865,1.7844549417495728,0.8507989048957825,5,9,5,0.33891539262866643,0.0007415647015202077,0.0042117598855055
1,119,L,E,1.856151819229126,0.0832943469285965,0.8199756145477295,8,8,20,0.33710597034246736,0.015968359906068475,0.04198330968542172
10,116,T,F,1.0694541931152344,0.18758507072925568,0.673305094242096,12,15,16,0.33593498605804484,0.0029570620329170947,0.011874452484335052
23,116,G,F,1.829126238822937,0.18758507072925568,0.5132225155830383,12,15,16,0.33488044083638463,0.0029570620329170947,0.011874452484335052
9,133,V,A,0.1468571573495865,1.595701813697815,0.8867262005805969,5,9,5,0.3340234741040692,0.0007415647015202077,0.0042117598855055
42,104,S,L,3.2570626735687256,0.2047811895608902,0.5826841592788696,4,11,4,0.33262113325737913,0.010487843635785794,0.030242644929618357
53,76,M,L,1.5679378509521484,0.16455955803394318,0.9316361546516418,4,8,4,0.33077360861488203,0.002224694104560623,0.009649727587835699
53,136,M,A,1.5679378509521484,0.12236680090427399,0.9697252511978149,5,8,5,0.330528528007355,0.00032958431178675896,0.002428764736907403
79,95,L,H,0.28705692291259766,1.5488855838775635,0.7056069374084473,4,8,4,0.32886303633160385,0.002224694104560623,0.009649727587835699
23,136,G,A,1.829126238822937,0.12236680090427399,0.8906711339950562,5,15,5,0.32789518553138347,0.01767395871956495,0.04480598993718845
14,119,G,E,1.9377819299697876,0.0832943469285965,0.7774707078933716,8,8,20,0.32658425710155436,0.015968359906068475,0.04198330968542172
18,144,V,H,0.8029184937477112,1.3774815797805786,0.4439879059791565,4,9,5,0.3263685557969171,0.017055988134964777,0.04427665652650775
11,79,A,L,1.0952095985412598,0.28705692291259766,0.6094536185264587,8,20,8,0.32608592437548733,0.01596835990606847,0.04198330968542172
31,144,V,H,0.27176469564437866,1.3774815797805786,0.7592469453811646,4,7,5,0.32469904481123985,0.0050673587937214186,0.017539544676991824
72,144,G,H,0.16887475550174713,1.3774815797805786,0.8636997938156128,5,9,5,0.3241545352454747,0.0007415647015202077,0.0042117598855055
104,134,L,G,0.2047811895608902,1.4899324178695679,0.8380951881408691,4,4,8,0.32357890538122025,0.002224694104560623,0.009649727587835699
63,79,K,L,1.5672755241394043,0.28705692291259766,0.6813318133354187,4,5,8,0.31942867124307656,0.00980513327565608,0.028757995167234315
136,144,A,H,0.12236680090427399,1.3774815797805786,0.9983488917350769,5,5,5,0.31894886638569536,5.8854341390492675e-06,0.0001359601462834771
9,63,V,K,0.1468571573495865,1.5672755241394043,0.8477569818496704,5,9,5,0.3164868204181148,0.0007415647015202077,0.0042117598855055
14,83,G,F,1.9377819299697876,0.0747179239988327,0.9175160527229309,5,8,6,0.31428969525147527,0.0017873610754589621,0.008409186351609584
1,136,L,A,1.856151819229126,0.12236680090427399,0.8441222906112671,5,8,5,0.3130458416436282,0.00032958431178675896,0.002428764736907403
70,119,S,E,1.161251425743103,0.0832943469285965,0.7989243865013123,13,14,20,0.31203401837177536,0.0033617599802249418,0.013065743737190341
1,19,L,D,1.856151819229126,0.09900836646556854,0.7560165524482727,8,8,17,0.3108113082711766,0.003081613315206196,0.012091215230695165
24,53,E,M,0.10821672528982162,1.5679378509521484,0.9688354730606079,5,5,8,0.3105458053388992,0.00032958431178675896,0.002428764736907403
83,84,F,A,0.0747179239988327,2.166801929473877,0.8519095182418823,5,6,9,0.3085795184928746,0.003878953823336471,0.01490678345767137
23,24,G,E,1.829126238822937,0.10821672528982162,0.8907402157783508,5,15,5,0.308378515872838,0.01767395871956495,0.04480598993718845
134,136,G,A,1.4899324178695679,0.12236680090427399,0.9274998307228088,5,8,5,0.3081718365685106,0.00032958431178675896,0.002428764736907403
95,118,H,K,1.5488855838775635,0.4196438491344452,0.5465007424354553,4,4,11,0.30796360502111264,0.010487843635785794,0.030242644929618357
108,124,L,V,0.09006821364164352,2.2127232551574707,0.6279781460762024,10,11,18,0.30762569173743404,0.0070941487781454905,0.022933285238233004
76,144,L,H,0.16455955803394318,1.3774815797805786,0.9233348369598389,4,4,5,0.3072714547265284,0.0001589067217543302,0.001675447317150732
1,76,L,L,1.856151819229126,0.16455955803394318,0.7917235493659973,4,8,4,0.3058443102746835,0.002224694104560623,0.009649727587835699
70,72,S,G,1.161251425743103,0.16887475550174713,0.6896648406982422,9,14,9,0.30541023195106126,9.930518611661913e-05,0.0014105454725181885
39,70,F,S,0.06853007525205612,1.161251425743103,0.8926999568939209,9,9,14,0.30420660821789663,9.930518611661913e-05,0.0014105454725181885
18,63,V,K,0.8029184937477112,1.5672755241394043,0.3876131474971771,4,9,5,0.30392431363327194,0.017055988134964777,0.04427665652650775
27,136,G,A,1.8898515701293945,0.12236680090427399,0.8985111713409424,4,7,5,0.3020144141811597,0.0050673587937214186,0.017539544676991824
12,92,L,D,0.2002103626728058,1.906291127204895,0.6274494528770447,5,12,5,0.30163425046234144,0.004661263838127021,0.016696095077210604
17,63,N,K,0.3561483919620514,1.5672755241394043,0.5187283158302307,5,15,5,0.30157278361944206,0.01767395871956495,0.04480598993718845
53,119,M,E,1.5679378509521484,0.0832943469285965,0.7958093881607056,8,8,20,0.3006991773254494,0.015968359906068475,0.04198330968542172
24,144,E,H,0.10821672528982162,1.3774815797805786,0.9991233944892883,5,5,5,0.3001741168957283,5.8854341390492675e-06,0.0001359601462834771
14,39,G,F,1.9377819299697876,0.06853007525205612,0.7541699409484863,7,8,9,0.29981454398344193,0.00010153732066969,0.0014105454725181885
63,83,K,F,1.5672755241394043,0.0747179239988327,0.9711201786994934,5,5,6,0.29916423577874907,3.531260483429561e-05,0.0006258854848746178
119,134,E,G,0.0832943469285965,1.4899324178695679,0.8122085332870483,8,20,8,0.29916417976967863,0.01596835990606847,0.04198330968542172
42,76,S,L,3.2570626735687256,0.16455955803394318,0.5826840996742249,4,11,4,0.29817163028075405,0.010487843635785794,0.030242644929618357
9,144,V,H,0.1468571573495865,1.3774815797805786,0.8508626818656921,5,9,5,0.2977926364296687,0.0007415647015202077,0.0042117598855055
12,63,L,K,0.2002103626728058,1.5672755241394043,0.6805065870285034,5,12,5,0.2966281101541119,0.004661263838127021,0.016696095077210604
1,24,L,E,1.856151819229126,0.10821672528982162,0.8442564010620117,5,8,5,0.2944369587833049,0.00032958431178675896,0.002428764736907403
95,105,H,G,1.5488855838775635,0.2724091410636902,0.75,3,4,4,0.2933063994338352,0.003464166534244398,0.013413044082074516
12,91,L,C,0.2002103626728058,1.7844549417495728,0.6292296648025513,5,12,5,0.2926639824861023,0.004661263838127021,0.016696095077210604
83,92,F,D,0.0747179239988327,1.906291127204895,0.8600221276283264,5,6,5,0.2921919577357983,3.531260483429561e-05,0.0006258854848746178
24,134,E,G,0.10821672528982162,1.4899324178695679,0.9291505813598633,5,5,8,0.29032243737686847,0.00032958431178675896,0.002428764736907403
14,136,G,A,1.9377819299697876,0.12236680090427399,0.8526800870895386,4,8,5,0.2902210530942056,0.00980513327565608,0.028757995167234315
76,134,L,G,0.16455955803394318,1.4899324178695679,0.8380951881408691,4,4,8,0.2900659337745233,0.002224694104560623,0.009649727587835699
72,95,G,H,0.16887475550174713,1.5488855838775635,0.8084772825241089,4,9,4,0.2890136769982621,0.004004449388209121,0.014996627220147728
95,136,H,A,1.5488855838775635,0.12236680090427399,0.9438673257827759,4,4,5,0.2872175431375933,0.0001589067217543302,0.001675447317150732
83,91,F,C,0.0747179239988327,1.7844549417495728,0.871092677116394,5,6,5,0.2863394428790833,3.531260483429561e-05,0.0006258854848746178
9,70,V,S,0.1468571573495865,1.161251425743103,0.69260573387146,9,9,14,0.2860202431282221,9.930518611661913e-05,0.0014105454725181885
24,27,E,G,0.10821672528982162,1.8898515701293945,0.902678370475769,4,5,7,0.28533340353819114,0.0050673587937214186,0.017539544676991824
102,140,R,A,1.0505837202072144,0.2746090888977051,0.6815435886383057,5,14,5,0.2848593266106988,0.011782639146376634,0.03252391842187651
11,72,A,G,1.0952095985412598,0.16887475550174713,0.6599546074867249,9,20,9,0.28382134418354793,0.00833131821186181,0.02579697379730193
78,140,N,A,1.0791797637939453,0.2746090888977051,0.6536642909049988,5,11,5,0.2769001112903436,0.0027190705722407614,0.01100474214327969
19,27,D,G,0.09900836646556854,1.8898515701293945,0.7053012251853943,7,17,7,0.2768978051115195,0.007395871956494871,0.023722172631953323
39,84,F,A,0.06853007525205612,2.166801929473877,0.698708713054657,6,9,9,0.27486083425740093,0.0068390122556587695,0.022178247964673613
74,92,K,D,0.5406562685966492,1.906291127204895,0.34457525610923767,5,15,5,0.27220954013528853,0.01767395871956495,0.04480598993718845
14,24,G,E,1.9377819299697876,0.10821672528982162,0.8487919569015503,4,8,5,0.27168110759482145,0.00980513327565608,0.028757995167234315
10,108,T,L,1.0694541931152344,0.09006821364164352,0.8240759372711182,9,15,11,0.269493519928251,0.007676806757911366,0.024394922275124967
24,95,E,H,0.10821672528982162,1.5488855838775635,0.9385993480682373,4,5,4,0.2685935935320212,0.0001589067217543302,0.001675447317150732
74,91,K,C,0.5406562685966492,1.7844549417495728,0.3508912920951843,5,15,5,0.26819459727841943,0.01767395871956495,0.04480598993718845
53,83,M,F,1.5679378509521484,0.0747179239988327,0.8687028884887695,5,8,6,0.26767000522023227,0.0017873610754589621,0.008409186351609584
19,134,D,G,0.09900836646556854,1.4899324178695679,0.726605236530304,8,17,8,0.26763355800168376,0.003081613315206196,0.012091215230695165
1,83,L,F,1.856151819229126,0.0747179239988327,0.7915616035461426,5,8,6,0.2653722379340435,0.0017873610754589621,0.008409186351609584
9,95,V,H,0.1468571573495865,1.5488855838775635,0.7924855947494507,4,9,4,0.26418438413719414,0.004004449388209121,0.014996627220147728
9,11,V,A,0.1468571573495865,1.0952095985412598,0.6570121645927429,9,9,20,0.2634933081326451,0.008331318211861812,0.02579697379730193
19,53,D,M,0.09900836646556854,1.5679378509521484,0.6966197490692139,8,17,8,0.2632200481297573,0.003081613315206196,0.012091215230695165
12,144,L,H,0.2002103626728058,1.3774815797805786,0.6269645094871521,5,12,5,0.2562082754878826,0.004661263838127021,0.016696095077210604
52,117,V,G,0.14186829328536987,1.6839995384216309,0.6718425154685974,5,12,5,0.25553192056109564,0.004661263838127021,0.016696095077210604
83,134,F,G,0.0747179239988327,1.4899324178695679,0.8471552729606628,5,6,8,0.2544546096166555,0.0017873610754589621,0.008409186351609584
83,144,F,H,0.0747179239988327,1.3774815797805786,0.8705430030822754,5,6,5,0.25141845247718375,3.531260483429561e-05,0.0006258854848746178
70,140,S,A,1.161251425743103,0.2746090888977051,0.5715879201889038,5,14,5,0.2511699304321984,0.011782639146376634,0.03252391842187651
27,83,G,F,1.8898515701293945,0.0747179239988327,0.8234279155731201,4,7,6,0.25020614572604805,0.013814019375754636,0.03756828458299712
52,133,V,A,0.14186829328536987,1.595701813697815,0.6754516363143921,5,12,5,0.25007876683925695,0.004661263838127021,0.016696095077210604
83,114,F,H,0.0747179239988327,1.7764171361923218,0.6859533786773682,6,6,17,0.24432852377826553,0.016808799901124705,0.044080221455316156
63,136,K,A,1.5672755241394043,0.12236680090427399,0.7957842350006104,4,5,5,0.24358937932224353,0.000770991872215454,0.00422709159553051
63,138,K,A,1.5672755241394043,0.22934630513191223,0.6729521155357361,3,5,4,0.24290837034229834,0.008422056252979501,0.025921777805346928
74,144,K,H,0.5406562685966492,1.3774815797805786,0.35122790932655334,5,15,5,0.23586123031213949,0.01767395871956495,0.04480598993718845
12,95,L,H,0.2002103626728058,1.5488855838775635,0.6035708785057068,4,12,4,0.23493069379926512,0.01573176545367869,0.04198330968542172
10,119,T,E,1.0694541931152344,0.0832943469285965,0.6057295799255371,14,15,20,0.23297048207188664,0.0014702326256226727,0.007208780513252913
78,105,N,G,1.0791797637939453,0.2724091410636902,0.6127193570137024,4,11,4,0.23220837245744932,0.010487843635785794,0.030242644929618357
66,70,L,S,0.1487451195716858,1.161251425743103,0.7133728265762329,5,5,14,0.23070928577802957,0.011782639146376634,0.03252391842187651
24,63,E,K,0.10821672528982162,1.5672755241394043,0.7993789315223694,4,5,5,0.2301076759432661,0.000770991872215454,0.00422709159553051
66,113,L,A,0.1487451195716858,1.1140056848526,0.7261810898780823,5,5,15,0.23002446073655233,0.017673958719564953,0.04480598993718845
63,104,K,L,1.5672755241394043,0.2047811895608902,0.6729521155357361,3,5,4,0.22953115240788655,0.008422056252979501,0.025921777805346928
83,95,F,H,0.0747179239988327,1.5488855838775635,0.8160333633422852,4,6,4,0.22447920868797785,0.00047672016526299066,0.003256267942240666
25,113,A,A,0.21384969353675842,1.1140056848526,0.5886955857276917,5,5,15,0.2235902278925589,0.017673958719564953,0.04480598993718845
39,92,F,D,0.06853007525205612,1.906291127204895,0.6516684889793396,5,9,5,0.22140394470395855,0.0007415647015202077,0.0042117598855055
39,91,F,C,0.06853007525205612,1.7844549417495728,0.6600334048271179,5,9,5,0.21696152703913546,0.0007415647015202077,0.0042117598855055
78,138,N,A,1.0791797637939453,0.22934630513191223,0.6102555394172668,4,11,4,0.21220862899374207,0.010487843635785794,0.030242644929618357
10,93,T,K,1.0694541931152344,0.33075278997421265,0.3736608624458313,8,15,10,0.21206511058419444,0.019283906433879842,0.048469083087659987
63,76,K,L,1.5672755241394043,0.16455955803394318,0.6729521155357361,3,5,4,0.20575867878376267,0.008422056252979501,0.025921777805346928
10,39,T,F,1.0694541931152344,0.06853007525205612,0.6514378786087036,8,15,9,0.20328852316568471,0.0053553868227176745,0.018229595465671936
78,104,N,L,1.0791797637939453,0.2047811895608902,0.6102555394172668,4,11,4,0.20052207791437113,0.010487843635785794,0.030242644929618357
83,102,F,R,0.0747179239988327,1.0505837202072144,0.6965917944908142,6,6,14,0.19080984651963537,0.0040786058583611425,0.015027980777471724
39,144,F,H,0.06853007525205612,1.3774815797805786,0.6596100330352783,5,9,5,0.19049964580380446,0.0007415647015202077,0.0042117598855055
102,136,R,A,1.0505837202072144,0.12236680090427399,0.68133145570755,5,14,5,0.19009451943263475,0.011782639146376634,0.03252391842187651
78,136,N,A,1.0791797637939453,0.12236680090427399,0.6534217596054077,5,11,5,0.1847720648423452,0.0027190705722407614,0.01100474214327969
76,78,L,N,0.16455955803394318,1.0791797637939453,0.6102555990219116,4,4,11,0.17975408311968505,0.010487843635785794,0.030242644929618357
24,102,E,R,0.10821672528982162,1.0505837202072144,0.6815313696861267,5,5,14,0.1788184793255894,0.011782639146376634,0.03252391842187651
24,78,E,N,0.10821672528982162,1.0791797637939453,0.6536486744880676,5,5,11,0.17382110036933887,0.0027190705722407614,0.01100474214327969
39,95,F,H,0.06853007525205612,1.5488855838775635,0.6183673143386841,4,9,4,0.17010408107913813,0.004004449388209121,0.014996627220147728
70,83,S,F,1.161251425743103,0.0747179239988327,0.5835016965866089,6,14,6,0.16803987419075936,0.0040786058583611425,0.015027980777471724
70,136,S,A,1.161251425743103,0.12236680090427399,0.5714773535728455,5,14,5,0.16763240574816085,0.011782639146376634,0.03252391842187651
39,113,F,A,0.06853007525205612,1.1140056848526,0.5215464234352112,8,9,15,0.1661098685662526,0.005355386822717675,0.018229595465671936
24,70,E,S,0.10821672528982162,1.161251425743103,0.5715846419334412,5,5,14,0.15767211553435917,0.011782639146376634,0.03252391842187651
39,63,F,K,0.06853007525205612,1.5672755241394043,0.5283786058425903,4,9,5,0.14620978520400474,0.017055988134964777,0.04427665652650775
78,83,N,F,1.0791797637939453,0.0747179239988327,0.5694457292556763,5,11,6,0.14556710881808485,0.013177034311628307,0.03597872884347936
