site,wt_aa,focal_taxon,baseline_lrt,p_value,intrinsic_plasticity,max_shift
1,M,chlTan_Cos7,0.01416857447475195,0.4526250726333885,1.0992592573165894,3.0598785877227783
2,A,chlTan_Cos7,0.6732079982757568,0.2059676918529525,2.8084840774536133,6.980598449707031
3,K,chlTan_Cos7,0.5030702948570251,0.23907707945326578,2.2677905559539795,7.434565544128418
4,R,chlTan_Cos7,0.07093781977891922,0.3949880891077345,1.0832105875015259,3.60310697555542
5,K,chlTan_Cos7,0.18094326555728912,0.3352819315727532,2.080937147140503,6.679849624633789
6,E,chlTan_Cos7,0.13384424149990082,0.35723951406955384,4.08828592300415,11.673741340637207
7,E,chlTan_Cos7,0.13384424149990082,0.35723951406955384,4.08828592300415,11.673741340637207
8,N,chlTan_Cos7,0.14202351868152618,0.35313879528023817,1.4363871812820435,4.34074592590332
9,F,chlTan_Cos7,0.0175667442381382,0.44727875349431834,1.633882999420166,6.250620365142822
10,S,chlTan_Cos7,0.2367483377456665,0.31328228213238896,2.572817087173462,9.082454681396484
11,S,chlTan_Cos7,0.1774190217256546,0.336800369731672,0.8626446723937988,3.320112705230713
12,P,chlTan_Cos7,0.21065275371074677,0.3231281313937867,2.05229115486145,5.812902450561523
13,K,chlTan_Cos7,0.5030702948570251,0.23907707945326578,2.2677905559539795,7.434565544128418
14,N,chlTan_Cos7,0.14202351868152618,0.35313879528023817,1.4363871812820435,4.34074592590332
15,A,chlTan_Cos7,0.6732079982757568,0.2059676918529525,2.8084840774536133,6.980598449707031
16,K,chlTan_Cos7,0.4044811427593231,0.26239201756500163,1.6580082178115845,5.699573516845703
17,R,chlTan_Cos7,0.05013880506157875,0.4114109592291755,1.361182451248169,5.157276630401611
18,P,chlTan_Cos7,0.09911399334669113,0.3764477391867046,2.0582761764526367,5.50127649307251
19,R,chlTan_Cos7,0.07093781977891922,0.3949880891077345,1.0832105875015259,3.60310697555542
20,Q,chlTan_Cos7,0.09966262429952621,0.37611743713515466,2.1897895336151123,4.7665114402771
21,E,chlTan_Cos7,0.13384424149990082,0.35723951406955384,4.08828592300415,11.673741340637207
22,E,chlTan_Cos7,0.13384424149990082,0.35723951406955384,4.08828592300415,11.673741340637207
23,L,chlTan_Cos7,0.20317547023296356,0.3260849076023603,4.405862331390381,12.9570951461792
24,E,chlTan_Cos7,0.24553965032100677,0.3101167035133503,2.2024595737457275,5.202166557312012
25,D,chlTan_Cos7,0.1700807362794876,0.3400200323848001,1.3083466291427612,3.288975715637207
26,F,chlTan_Cos7,0.1998996138572693,0.327400943509478,2.4315834045410156,8.074372291564941
27,D,chlTan_Cos7,0.10730991512537003,0.37161389654737453,0.701317548751831,2.05454683303833
28,K,chlTan_Cos7,0.7625882029533386,0.19125988146253048,2.7473747730255127,9.095399856567383
29,D,chlTan_Cos7,0.1700807362794876,0.3400200323848001,1.3083466291427612,3.288975715637207
30,G,chlTan_Cos7,0.18868303298950195,0.33200749266221286,1.6657119989395142,3.647254705429077
31,D,chlTan_Cos7,0.44103285670280457,0.25331218013660406,1.008018136024475,2.8168134689331055
32,E,chlTan_Cos7,0.13384424149990082,0.35723951406955384,4.08828592300415,11.673741340637207
33,D,chlTan_Cos7,0.43432730436325073,0.2549366046429808,1.0602765083312988,2.9052212238311768
34,E,chlTan_Cos7,0.13384424149990082,0.35723951406955384,4.08828592300415,11.673741340637207
35,C,chlTan_Cos7,0.030501628294587135,0.4306784473282091,1.9589157104492188,4.122984409332275
36,A,chlTan_Cos7,0.5339142084121704,0.23248293886438598,0.9461430907249451,2.3686108589172363
37,A,chlTan_Cos7,0.897189199924469,0.17176825482542735,0.5646228194236755,1.565514087677002
38,A,chlTan_Cos7,1.9869571924209595,0.07932969779293884,0.7226872444152832,2.3545145988464355
39,A,chlTan_Cos7,3.5830376148223877,0.029186160753449812,0.7287010550498962,1.9731028079986572
40,A,chlTan_Cos7,0.30821532011032104,0.2893887032783061,0.7133851051330566,2.505558967590332
41,K,chlTan_Cos7,0.11662893742322922,0.36635991760763026,0.5088346004486084,2.7540061473846436
42,G,chlTan_Cos7,0.18868303298950195,0.33200749266221286,1.6657119989395142,3.647254705429077
43,T,chlTan_Cos7,0.03865371271967888,0.4220681429837035,1.2869248390197754,4.137179374694824
44,S,chlTan_Cos7,2.6540184020996094,0.051644249881870025,0.9446640014648438,3.418276309967041
45,T,chlTan_Cos7,0.11439524590969086,0.3675973226937755,0.7293649911880493,2.4993221759796143
46,L,chlTan_Cos7,0.20317547023296356,0.3260849076023603,4.405862331390381,12.9570951461792
47,T,chlTan_Cos7,0.03865371271967888,0.4220681429837035,1.2869248390197754,4.137179374694824
48,A,chlTan_Cos7,0.4254024922847748,0.25712677082882707,2.047212839126587,4.8028411865234375
49,A,chlTan_Cos7,0.22168244421482086,0.31888047983287904,1.9400006532669067,4.154086589813232
50,E,chlTan_Cos7,0.13384424149990082,0.35723951406955384,4.08828592300415,11.673741340637207
51,V,chlTan_Cos7,0.46003320813179016,0.24880422686113113,2.8155486583709717,9.103076934814453
52,G,chlTan_Cos7,0.13820314407348633,0.3550369524352519,1.6086716651916504,4.0099358558654785
53,I,chlTan_Cos7,0.6002556681632996,0.21924024686053134,1.737093448638916,5.578696250915527
54,I,chlTan_Cos7,0.24416501820087433,0.31060698549265353,1.6159638166427612,4.288524627685547
55,E,chlTan_Cos7,0.13641296327114105,0.3559366891189932,3.3171920776367188,8.147903442382812
56,S,chlTan_Cos7,0.303428053855896,0.290870638719797,1.3790392875671387,3.3870620727539062
57,I,chlTan_Cos7,0.20926688611507416,0.32367130943138445,1.008995771408081,2.4322328567504883
58,H,chlTan_Cos7,0.6492101550102234,0.21019760566652845,0.6166148781776428,1.7016887664794922
59,L,chlTan_Cos7,0.22917552292346954,0.3160679203879896,3.2040622234344482,10.412540435791016
60,K,chlTan_Cos7,0.9452210068702698,0.165469369727123,2.694265842437744,9.645729064941406
61,N,chlTan_Cos7,0.22272183001041412,0.31848690030850035,1.5633751153945923,3.967582941055298
62,F,chlTan_Cos7,0.05568138137459755,0.4067283524856818,2.5457327365875244,7.694180011749268
63,M,chlTan_Cos7,0.01416857447475195,0.4526250726333885,1.0992592573165894,3.0598785877227783
64,C,chlTan_Cos7,0.030501628294587135,0.4306784473282091,1.9589157104492188,4.122984409332275
65,H,chlTan_Cos7,0.16455814242362976,0.3424970756636845,1.029892921447754,2.898937463760376
66,S,chlTan_Cos7,0.05796466022729874,0.40487114393893353,1.3701505661010742,4.676166534423828
67,M,chlTan_Cos7,0.01416857447475195,0.4526250726333885,1.0992592573165894,3.0598785877227783
68,L,chlTan_Cos7,0.12460237741470337,0.36204773652709543,3.7168731689453125,10.80111026763916
69,G,chlTan_Cos7,0.13820314407348633,0.3550369524352519,1.6086716651916504,4.0099358558654785
70,P,chlTan_Cos7,0.12210845202207565,0.3633794296665476,1.552650809288025,4.453673839569092
71,F,chlTan_Cos7,0.05143173784017563,0.4102952054979659,3.0728254318237305,9.530101776123047
72,K,chlTan_Cos7,0.18094326555728912,0.3352819315727532,2.080937147140503,6.679849624633789
73,F,chlTan_Cos7,0.05143173784017563,0.4102952054979659,3.0728254318237305,9.530101776123047
74,G,chlTan_Cos7,0.1378495991230011,0.3552141149046983,1.5703949928283691,3.4641973972320557
75,S,chlTan_Cos7,0.20830421149730682,0.324049902362364,2.252894163131714,7.299965858459473
76,N,chlTan_Cos7,0.14202351868152618,0.35313879528023817,1.4363871812820435,4.34074592590332
77,V,chlTan_Cos7,0.479362815618515,0.24435553839471702,2.091806173324585,5.786595344543457
78,N,chlTan_Cos7,0.22272183001041412,0.31848690030850035,1.5633751153945923,3.967582941055298
79,F,chlTan_Cos7,0.05143173784017563,0.4102952054979659,3.0728254318237305,9.530101776123047
80,V,chlTan_Cos7,0.46003320813179016,0.24880422686113113,2.8155486583709717,9.103076934814453
81,V,chlTan_Cos7,0.46003320813179016,0.24880422686113113,2.8155486583709717,9.103076934814453
82,G,chlTan_Cos7,0.251987099647522,0.30783968100143133,2.24861478805542,4.885561943054199
83,N,chlTan_Cos7,0.22272183001041412,0.31848690030850035,1.5633751153945923,3.967582941055298
84,N,chlTan_Cos7,0.14202351868152618,0.35313879528023817,1.4363871812820435,4.34074592590332
85,G,chlTan_Cos7,0.13820314407348633,0.3550369524352519,1.6086716651916504,4.0099358558654785
86,S,chlTan_Cos7,0.303428053855896,0.290870638719797,1.3790392875671387,3.3870620727539062
87,G,chlTan_Cos7,0.15362486243247986,0.34754755076992266,2.7420766353607178,6.112197399139404
88,K,chlTan_Cos7,0.18094326555728912,0.3352819315727532,2.080937147140503,6.679849624633789
89,S,chlTan_Cos7,0.3048042356967926,0.29044307729470326,1.2753372192382812,3.2154085636138916
90,A,chlTan_Cos7,0.4254024922847748,0.25712677082882707,2.047212839126587,4.8028411865234375
91,V,chlTan_Cos7,0.6284440755844116,0.21396330607702668,1.9433350563049316,5.602860927581787
92,L,chlTan_Cos7,0.22054551541805267,0.3193122885078435,3.012129068374634,9.170615196228027
93,T,chlTan_Cos7,0.05196274816989899,0.4098412378363502,1.4422707557678223,4.267279624938965
94,A,chlTan_Cos7,0.20449185371398926,0.3255596609731134,1.7415642738342285,5.654973030090332
95,L,chlTan_Cos7,0.22054551541805267,0.3193122885078435,3.012129068374634,9.170615196228027
96,I,chlTan_Cos7,0.6002556681632996,0.21924024686053134,1.737093448638916,5.578696250915527
97,V,chlTan_Cos7,0.7718697190284729,0.18981963029107052,2.933678388595581,9.383872985839844
98,G,chlTan_Cos7,0.18868303298950195,0.33200749266221286,1.6657119989395142,3.647254705429077
99,L,chlTan_Cos7,0.12460237741470337,0.36204773652709543,3.7168731689453125,10.80111026763916
100,G,chlTan_Cos7,0.18868303298950195,0.33200749266221286,1.6657119989395142,3.647254705429077
101,G,chlTan_Cos7,0.13820314407348633,0.3550369524352519,1.6086716651916504,4.0099358558654785
102,R,chlTan_Cos7,0.05929509550333023,0.4038067796846398,1.1557044982910156,4.339958190917969
103,A,chlTan_Cos7,0.10109643638134003,0.37525890698454434,1.272147297859192,2.964580535888672
104,V,chlTan_Cos7,0.46003320813179016,0.24880422686113113,2.8155486583709717,9.103076934814453
105,A,chlTan_Cos7,0.20449185371398926,0.3255596609731134,1.7415642738342285,5.654973030090332
106,T,chlTan_Cos7,0.03865371271967888,0.4220681429837035,1.2869248390197754,4.137179374694824
107,N,chlTan_Cos7,0.14202351868152618,0.35313879528023817,1.4363871812820435,4.34074592590332
108,R,chlTan_Cos7,0.07093781977891922,0.3949880891077345,1.0832105875015259,3.60310697555542
109,G,chlTan_Cos7,0.13820314407348633,0.3550369524352519,1.6086716651916504,4.0099358558654785
110,S,chlTan_Cos7,0.17059718072414398,0.33979080938499284,2.2367615699768066,8.22824478149414
111,S,chlTan_Cos7,0.20830421149730682,0.324049902362364,2.252894163131714,7.299965858459473
112,L,chlTan_Cos7,0.21951909363269806,0.31970329470726266,3.8170928955078125,12.976123809814453
113,K,chlTan_Cos7,0.5030702948570251,0.23907707945326578,2.2677905559539795,7.434565544128418
114,G,chlTan_Cos7,0.5156391263008118,0.23635392907928027,1.2488933801651,3.040752410888672
115,F,chlTan_Cos7,0.05143173784017563,0.4102952054979659,3.0728254318237305,9.530101776123047
116,V,chlTan_Cos7,0.12098043411970139,0.3639867764522272,2.042587995529175,5.207888603210449
117,K,chlTan_Cos7,0.7439064979553223,0.19420617701123455,2.4368350505828857,9.087347030639648
118,D,chlTan_Cos7,0.1700807362794876,0.3400200323848001,1.3083466291427612,3.288975715637207
119,G,chlTan_Cos7,0.13820314407348633,0.3550369524352519,1.6086716651916504,4.0099358558654785
120,Q,chlTan_Cos7,0.19822829961776733,0.32807736403069726,2.7884480953216553,6.380636692047119
121,N,chlTan_Cos7,0.6880372762680054,0.20341638958351976,1.4582821130752563,4.808510780334473
122,S,chlTan_Cos7,0.20830421149730682,0.324049902362364,2.252894163131714,7.299965858459473
123,A,chlTan_Cos7,0.23783548176288605,0.3128869166627329,1.7781908512115479,3.9452409744262695
124,D,chlTan_Cos7,0.1700807362794876,0.3400200323848001,1.3083466291427612,3.288975715637207
125,I,chlTan_Cos7,0.2672094702720642,0.3026049278421346,1.5570818185806274,3.832516670227051
126,S,chlTan_Cos7,0.1988261640071869,0.3278350027641861,2.0140414237976074,5.8059539794921875
127,I,chlTan_Cos7,0.3921285569667816,0.26559132933405905,0.6762219667434692,2.4193265438079834
128,T,chlTan_Cos7,0.05196274816989899,0.4098412378363502,1.4422707557678223,4.267279624938965
129,L,chlTan_Cos7,0.10274234414100647,0.3742816035335199,3.504345178604126,11.176169395446777
130,R,chlTan_Cos7,0.039805877953767776,0.4209303056131808,1.7090154886245728,5.79440450668335
131,N,chlTan_Cos7,0.22272183001041412,0.31848690030850035,1.5633751153945923,3.967582941055298
132,R,chlTan_Cos7,0.05847790092229843,0.4044590285953534,1.119673490524292,4.172186374664307
133,G,chlTan_Cos7,0.13820314407348633,0.3550369524352519,1.6086716651916504,4.0099358558654785
134,D,chlTan_Cos7,0.1700807362794876,0.3400200323848001,1.3083466291427612,3.288975715637207
135,D,chlTan_Cos7,0.1700807362794876,0.3400200323848001,1.3083466291427612,3.288975715637207
136,A,chlTan_Cos7,0.6732079982757568,0.2059676918529525,2.8084840774536133,6.980598449707031
137,F,chlTan_Cos7,0.05143173784017563,0.4102952054979659,3.0728254318237305,9.530101776123047
138,K,chlTan_Cos7,0.5030702948570251,0.23907707945326578,2.2677905559539795,7.434565544128418
139,A,chlTan_Cos7,0.6732079982757568,0.2059676918529525,2.8084840774536133,6.980598449707031
140,S,chlTan_Cos7,1.7680423259735107,0.09181227114319238,0.573133111000061,1.5632898807525635
141,V,chlTan_Cos7,0.12098043411970139,0.3639867764522272,2.042587995529175,5.207888603210449
142,Y,chlTan_Cos7,0.05201229080557823,0.4097990078738435,2.6962106227874756,5.997811794281006
143,G,chlTan_Cos7,0.18868303298950195,0.33200749266221286,1.6657119989395142,3.647254705429077
144,N,chlTan_Cos7,0.22272183001041412,0.31848690030850035,1.5633751153945923,3.967582941055298
145,S,chlTan_Cos7,0.20830421149730682,0.324049902362364,2.252894163131714,7.299965858459473
146,I,chlTan_Cos7,0.6002556681632996,0.21924024686053134,1.737093448638916,5.578696250915527
147,L,chlTan_Cos7,0.8637832403182983,0.17634106993711002,1.3390153646469116,3.805023670196533
148,I,chlTan_Cos7,0.3927111029624939,0.2654388812485293,0.45876026153564453,1.5300118923187256
149,Q,chlTan_Cos7,0.3800857663154602,0.26877866962398733,1.2901318073272705,3.323831081390381
150,Q,chlTan_Cos7,0.08989574015140533,0.38215487113661056,2.158859968185425,4.572910785675049
151,H,chlTan_Cos7,0.15093761682510376,0.34882047181633097,1.251014232635498,3.1644115447998047
152,I,chlTan_Cos7,0.2672094702720642,0.3026049278421346,1.5570818185806274,3.832516670227051
153,S,chlTan_Cos7,0.5358632802963257,0.23207609586829336,1.1008036136627197,3.5181775093078613
154,I,chlTan_Cos7,0.9582025408744812,0.16382008108532353,1.5246329307556152,5.528709411621094
155,D,chlTan_Cos7,0.1700807362794876,0.3400200323848001,1.3083466291427612,3.288975715637207
156,G,chlTan_Cos7,0.13820314407348633,0.3550369524352519,1.6086716651916504,4.0099358558654785
157,S,chlTan_Cos7,0.303428053855896,0.290870638719797,1.3790392875671387,3.3870620727539062
158,R,chlTan_Cos7,0.051562558859586716,0.41018313697816683,1.4439712762832642,4.710656642913818
159,S,chlTan_Cos7,0.20830421149730682,0.324049902362364,2.252894163131714,7.299965858459473
160,Y,chlTan_Cos7,0.023615382611751556,0.4389337980417792,1.7013007402420044,4.11460018157959
161,K,chlTan_Cos7,0.5030702948570251,0.23907707945326578,2.2677905559539795,7.434565544128418
162,L,chlTan_Cos7,0.12460237741470337,0.36204773652709543,3.7168731689453125,10.80111026763916
163,K,chlTan_Cos7,0.5030702948570251,0.23907707945326578,2.2677905559539795,7.434565544128418
164,S,chlTan_Cos7,0.303428053855896,0.290870638719797,1.3790392875671387,3.3870620727539062
165,A,chlTan_Cos7,1.1350454092025757,0.14335084854551172,1.5959943532943726,4.581394195556641
166,T,chlTan_Cos7,0.15510116517543793,0.3468537005206466,0.5947017669677734,1.7269591093063354
167,G,chlTan_Cos7,0.22354857623577118,0.3181746410902999,2.548666000366211,5.456954002380371
168,S,chlTan_Cos7,0.198313370347023,0.3280428514967991,1.8327915668487549,7.319479942321777
169,V,chlTan_Cos7,0.12098043411970139,0.3639867764522272,2.042587995529175,5.207888603210449
170,V,chlTan_Cos7,0.46003320813179016,0.24880422686113113,2.8155486583709717,9.103076934814453
171,S,chlTan_Cos7,0.17061747610569,0.3397818096123356,2.2363440990448,8.226788520812988
172,T,chlTan_Cos7,0.028527285903692245,0.4329375612261501,1.0326735973358154,3.2507994174957275
173,K,chlTan_Cos7,1.1692625284194946,0.13977641143738964,1.022671103477478,3.432380199432373
174,K,chlTan_Cos7,0.5030702948570251,0.23907707945326578,2.2677905559539795,7.434565544128418
175,E,chlTan_Cos7,0.13384424149990082,0.35723951406955384,4.08828592300415,11.673741340637207
176,E,chlTan_Cos7,0.13641296327114105,0.3559366891189932,3.3171920776367188,8.147903442382812
177,L,chlTan_Cos7,0.12660053372383118,0.36099154683748935,3.5721781253814697,10.9111909866333
178,I,chlTan_Cos7,0.24416501820087433,0.31060698549265353,1.6159638166427612,4.288524627685547
179,A,chlTan_Cos7,0.4254024922847748,0.25712677082882707,2.047212839126587,4.8028411865234375
180,I,chlTan_Cos7,0.24416501820087433,0.31060698549265353,1.6159638166427612,4.288524627685547
181,L,chlTan_Cos7,0.12460237741470337,0.36204773652709543,3.7168731689453125,10.80111026763916
182,D,chlTan_Cos7,0.1700807362794876,0.3400200323848001,1.3083466291427612,3.288975715637207
183,H,chlTan_Cos7,0.11120684444904327,0.36938716091225327,1.1743667125701904,2.9687438011169434
184,F,chlTan_Cos7,0.05143173784017563,0.4102952054979659,3.0728254318237305,9.530101776123047
185,N,chlTan_Cos7,0.22272183001041412,0.31848690030850035,1.5633751153945923,3.967582941055298
186,I,chlTan_Cos7,0.2672094702720642,0.3026049278421346,1.5570818185806274,3.832516670227051
187,Q,chlTan_Cos7,0.19822829961776733,0.32807736403069726,2.7884480953216553,6.380636692047119
188,V,chlTan_Cos7,0.12098043411970139,0.3639867764522272,2.042587995529175,5.207888603210449
189,D,chlTan_Cos7,0.1700807362794876,0.3400200323848001,1.3083466291427612,3.288975715637207
190,N,chlTan_Cos7,0.14202351868152618,0.35313879528023817,1.4363871812820435,4.34074592590332
191,P,chlTan_Cos7,0.09911399334669113,0.3764477391867046,2.0582761764526367,5.50127649307251
192,V,chlTan_Cos7,0.46003320813179016,0.24880422686113113,2.8155486583709717,9.103076934814453
193,S,chlTan_Cos7,0.10530310124158859,0.3727780983654543,2.1710071563720703,8.110325813293457
194,V,chlTan_Cos7,0.46003320813179016,0.24880422686113113,2.8155486583709717,9.103076934814453
195,L,chlTan_Cos7,0.21951909363269806,0.31970329470726266,3.8170928955078125,12.976123809814453
196,T,chlTan_Cos7,0.05196274816989899,0.4098412378363502,1.4422707557678223,4.267279624938965
197,Q,chlTan_Cos7,0.09966262429952621,0.37611743713515466,2.1897895336151123,4.7665114402771
198,E,chlTan_Cos7,0.13384424149990082,0.35723951406955384,4.08828592300415,11.673741340637207
199,M,chlTan_Cos7,0.01416857447475195,0.4526250726333885,1.0992592573165894,3.0598785877227783
200,S,chlTan_Cos7,0.5358632802963257,0.23207609586829336,1.1008036136627197,3.5181775093078613
201,K,chlTan_Cos7,0.18094326555728912,0.3352819315727532,2.080937147140503,6.679849624633789
202,Q,chlTan_Cos7,0.19822829961776733,0.32807736403069726,2.7884480953216553,6.380636692047119
203,F,chlTan_Cos7,0.05568138137459755,0.4067283524856818,2.5457327365875244,7.694180011749268
204,L,chlTan_Cos7,0.21951909363269806,0.31970329470726266,3.8170928955078125,12.976123809814453
205,Q,chlTan_Cos7,0.19822829961776733,0.32807736403069726,2.7884480953216553,6.380636692047119
206,S,chlTan_Cos7,0.20830421149730682,0.324049902362364,2.252894163131714,7.299965858459473
207,K,chlTan_Cos7,0.5030702948570251,0.23907707945326578,2.2677905559539795,7.434565544128418
208,N,chlTan_Cos7,0.14202351868152618,0.35313879528023817,1.4363871812820435,4.34074592590332
209,E,chlTan_Cos7,0.13384424149990082,0.35723951406955384,4.08828592300415,11.673741340637207
210,G,chlTan_Cos7,0.08328275382518768,0.3864485253805807,1.5899311304092407,3.6972994804382324
211,D,chlTan_Cos7,1.7134953737258911,0.09526624548159292,1.9406232833862305,3.961421012878418
212,K,chlTan_Cos7,0.5030702948570251,0.23907707945326578,2.2677905559539795,7.434565544128418
213,Y,chlTan_Cos7,0.08381427824497223,0.3860967283467315,2.3076069355010986,5.591024875640869
214,K,chlTan_Cos7,0.5030702948570251,0.23907707945326578,2.2677905559539795,7.434565544128418
215,F,chlTan_Cos7,0.05568138137459755,0.4067283524856818,2.5457327365875244,7.694180011749268
216,F,chlTan_Cos7,0.05568138137459755,0.4067283524856818,2.5457327365875244,7.694180011749268
217,M,chlTan_Cos7,0.01416857447475195,0.4526250726333885,1.0992592573165894,3.0598785877227783
218,K,chlTan_Cos7,0.5030702948570251,0.23907707945326578,2.2677905559539795,7.434565544128418
219,A,chlTan_Cos7,0.1833679974079132,0.3342473359969518,1.4249805212020874,3.243029832839966
220,T,chlTan_Cos7,0.06139225885272026,0.4021543992115048,1.5438152551651,4.258479595184326
221,Q,chlTan_Cos7,0.09966262429952621,0.37611743713515466,2.1897895336151123,4.7665114402771
222,L,chlTan_Cos7,0.12460237741470337,0.36204773652709543,3.7168731689453125,10.80111026763916
223,E,chlTan_Cos7,0.13384424149990082,0.35723951406955384,4.08828592300415,11.673741340637207
224,Q,chlTan_Cos7,0.19822829961776733,0.32807736403069726,2.7884480953216553,6.380636692047119
225,M,chlTan_Cos7,0.01416857447475195,0.4526250726333885,1.0992592573165894,3.0598785877227783
226,K,chlTan_Cos7,0.18094326555728912,0.3352819315727532,2.080937147140503,6.679849624633789
227,E,chlTan_Cos7,0.13384424149990082,0.35723951406955384,4.08828592300415,11.673741340637207
228,D,chlTan_Cos7,0.1700807362794876,0.3400200323848001,1.3083466291427612,3.288975715637207
229,Y,chlTan_Cos7,0.05201229080557823,0.4097990078738435,2.6962106227874756,5.997811794281006
230,S,chlTan_Cos7,0.13927637040615082,0.3545007301465853,2.1671500205993652,6.250269412994385
231,Y,chlTan_Cos7,0.08381427824497223,0.3860967283467315,2.3076069355010986,5.591024875640869
232,I,chlTan_Cos7,0.24416501820087433,0.31060698549265353,1.6159638166427612,4.288524627685547
233,M,chlTan_Cos7,0.01416857447475195,0.4526250726333885,1.0992592573165894,3.0598785877227783
234,E,chlTan_Cos7,0.13384424149990082,0.35723951406955384,4.08828592300415,11.673741340637207
235,T,chlTan_Cos7,0.061759382486343384,0.4018682340290899,1.512143611907959,4.005326747894287
236,K,chlTan_Cos7,0.5030702948570251,0.23907707945326578,2.2677905559539795,7.434565544128418
237,E,chlTan_Cos7,0.13384424149990082,0.35723951406955384,4.08828592300415,11.673741340637207
238,R,chlTan_Cos7,0.060957953333854675,0.40249410641795097,1.0806984901428223,3.9046428203582764
239,T,chlTan_Cos7,0.05196274816989899,0.4098412378363502,1.4422707557678223,4.267279624938965
240,K,chlTan_Cos7,0.18094326555728912,0.3352819315727532,2.080937147140503,6.679849624633789
241,E,chlTan_Cos7,0.13641296327114105,0.3559366891189932,3.3171920776367188,8.147903442382812
242,Q,chlTan_Cos7,0.19822829961776733,0.32807736403069726,2.7884480953216553,6.380636692047119
243,I,chlTan_Cos7,0.6002556681632996,0.21924024686053134,1.737093448638916,5.578696250915527
244,H,chlTan_Cos7,1.5463627576828003,0.10683660030281257,0.2697727382183075,0.7514654397964478
245,Q,chlTan_Cos7,0.08984975516796112,0.3821841238717826,2.158743143081665,4.572961807250977
246,G,chlTan_Cos7,0.13820314407348633,0.3550369524352519,1.6086716651916504,4.0099358558654785
247,E,chlTan_Cos7,0.13384424149990082,0.35723951406955384,4.08828592300415,11.673741340637207
248,E,chlTan_Cos7,0.13641296327114105,0.3559366891189932,3.3171920776367188,8.147903442382812
249,R,chlTan_Cos7,0.06074368953704834,0.40266217333410537,1.5781288146972656,5.9440741539001465
250,L,chlTan_Cos7,0.12460237741470337,0.36204773652709543,3.7168731689453125,10.80111026763916
251,T,chlTan_Cos7,0.03865371271967888,0.4220681429837035,1.2869248390197754,4.137179374694824
252,E,chlTan_Cos7,0.1413632333278656,0.3534647587701921,4.087471008300781,11.207477569580078
253,L,chlTan_Cos7,0.06886902451515198,0.39649532591381575,2.84838604927063,9.422779083251953
254,K,chlTan_Cos7,0.18094326555728912,0.3352819315727532,2.080937147140503,6.679849624633789
255,R,chlTan_Cos7,0.09098313748836517,0.38146550044297245,1.8666194677352905,5.793455600738525
256,Q,chlTan_Cos7,0.19822829961776733,0.32807736403069726,2.7884480953216553,6.380636692047119
257,C,chlTan_Cos7,0.1063762828707695,0.3721540076551919,3.945221424102783,7.258769512176514
258,V,chlTan_Cos7,1.1248142719268799,0.14444208664363922,0.6647329926490784,1.8600633144378662
259,E,chlTan_Cos7,0.13641296327114105,0.3559366891189932,3.3171920776367188,8.147903442382812
260,K,chlTan_Cos7,0.5030702948570251,0.23907707945326578,2.2677905559539795,7.434565544128418
261,E,chlTan_Cos7,0.13641296327114105,0.3559366891189932,3.3171920776367188,8.147903442382812
262,E,chlTan_Cos7,0.13384424149990082,0.35723951406955384,4.08828592300415,11.673741340637207
263,R,chlTan_Cos7,0.0653875321149826,0.39908744082305986,1.2046374082565308,4.0266923904418945
264,F,chlTan_Cos7,0.05143173784017563,0.4102952054979659,3.0728254318237305,9.530101776123047
265,Q,chlTan_Cos7,0.09966262429952621,0.37611743713515466,2.1897895336151123,4.7665114402771
266,S,chlTan_Cos7,1.770914912223816,0.09163444598525414,0.5494309067726135,1.545526385307312
267,I,chlTan_Cos7,0.24416501820087433,0.31060698549265353,1.6159638166427612,4.288524627685547
268,A,chlTan_Cos7,0.20449185371398926,0.3255596609731134,1.7415642738342285,5.654973030090332
269,G,chlTan_Cos7,0.18868303298950195,0.33200749266221286,1.6657119989395142,3.647254705429077
270,L,chlTan_Cos7,0.21951909363269806,0.31970329470726266,3.8170928955078125,12.976123809814453
271,S,chlTan_Cos7,0.303428053855896,0.290870638719797,1.3790392875671387,3.3870620727539062
272,T,chlTan_Cos7,0.05196274816989899,0.4098412378363502,1.4422707557678223,4.267279624938965
273,M,chlTan_Cos7,0.01416857447475195,0.4526250726333885,1.0992592573165894,3.0598785877227783
274,K,chlTan_Cos7,0.18094326555728912,0.3352819315727532,2.080937147140503,6.679849624633789
275,T,chlTan_Cos7,0.26473212242126465,0.3034438017260599,0.7311439514160156,2.1246461868286133
276,N,chlTan_Cos7,0.13244041800498962,0.3579575144309798,0.6017614603042603,1.8040820360183716
277,L,chlTan_Cos7,0.17461934685707092,0.33801932974319543,3.6933794021606445,12.506119728088379
278,E,chlTan_Cos7,0.13641296327114105,0.3559366891189932,3.3171920776367188,8.147903442382812
279,S,chlTan_Cos7,3.291377067565918,0.03482229461963457,0.656950056552887,1.5965733528137207
280,L,chlTan_Cos7,0.20317547023296356,0.3260849076023603,4.405862331390381,12.9570951461792
281,K,chlTan_Cos7,0.5030702948570251,0.23907707945326578,2.2677905559539795,7.434565544128418
282,H,chlTan_Cos7,0.11120684444904327,0.36938716091225327,1.1743667125701904,2.9687438011169434
283,E,chlTan_Cos7,0.13384424149990082,0.35723951406955384,4.08828592300415,11.673741340637207
284,M,chlTan_Cos7,0.01416857447475195,0.4526250726333885,1.0992592573165894,3.0598785877227783
285,A,chlTan_Cos7,0.20449185371398926,0.3255596609731134,1.7415642738342285,5.654973030090332
286,W,chlTan_Cos7,0.1432698518037796,0.35252586768807737,1.775127649307251,4.0093793869018555
287,A,chlTan_Cos7,0.4254024922847748,0.25712677082882707,2.047212839126587,4.8028411865234375
288,V,chlTan_Cos7,0.12098043411970139,0.3639867764522272,2.042587995529175,5.207888603210449
289,V,chlTan_Cos7,0.479362815618515,0.24435553839471702,2.091806173324585,5.786595344543457
290,N,chlTan_Cos7,0.14202351868152618,0.35313879528023817,1.4363871812820435,4.34074592590332
291,E,chlTan_Cos7,0.13384424149990082,0.35723951406955384,4.08828592300415,11.673741340637207
292,I,chlTan_Cos7,0.1964014321565628,0.328820660654558,0.8716738820075989,2.000053644180298
293,E,chlTan_Cos7,0.13384424149990082,0.35723951406955384,4.08828592300415,11.673741340637207
294,K,chlTan_Cos7,0.5030702948570251,0.23907707945326578,2.2677905559539795,7.434565544128418
295,Q,chlTan_Cos7,0.09009011089801788,0.3820313147668529,2.1596879959106445,4.575285911560059
296,L,chlTan_Cos7,0.20317547023296356,0.3260849076023603,4.405862331390381,12.9570951461792
297,N,chlTan_Cos7,0.14202351868152618,0.35313879528023817,1.4363871812820435,4.34074592590332
298,A,chlTan_Cos7,0.1248314306139946,0.3619261817895811,1.4030826091766357,4.694634914398193
299,I,chlTan_Cos7,0.2672094702720642,0.3026049278421346,1.5570818185806274,3.832516670227051
300,R,chlTan_Cos7,0.07093781977891922,0.3949880891077345,1.0832105875015259,3.60310697555542
301,D,chlTan_Cos7,0.1700807362794876,0.3400200323848001,1.3083466291427612,3.288975715637207
302,N,chlTan_Cos7,0.14202351868152618,0.35313879528023817,1.4363871812820435,4.34074592590332
303,I,chlTan_Cos7,0.16693080961704254,0.3414270122329547,1.1814216375350952,2.943838119506836
304,K,chlTan_Cos7,0.5030702948570251,0.23907707945326578,2.2677905559539795,7.434565544128418
305,I,chlTan_Cos7,0.24416501820087433,0.31060698549265353,1.6159638166427612,4.288524627685547
306,G,chlTan_Cos7,0.13820314407348633,0.3550369524352519,1.6086716651916504,4.0099358558654785
307,E,chlTan_Cos7,0.13384424149990082,0.35723951406955384,4.08828592300415,11.673741340637207
308,D,chlTan_Cos7,0.1700807362794876,0.3400200323848001,1.3083466291427612,3.288975715637207
309,R,chlTan_Cos7,0.0653875321149826,0.39908744082305986,1.2046374082565308,4.0266923904418945
310,A,chlTan_Cos7,0.20449185371398926,0.3255596609731134,1.7415642738342285,5.654973030090332
311,A,chlTan_Cos7,0.20449185371398926,0.3255596609731134,1.7415642738342285,5.654973030090332
312,R,chlTan_Cos7,0.07093781977891922,0.3949880891077345,1.0832105875015259,3.60310697555542
313,L,chlTan_Cos7,0.12460237741470337,0.36204773652709543,3.7168731689453125,10.80111026763916
314,D,chlTan_Cos7,1.7134953737258911,0.09526624548159292,1.9406232833862305,3.961421012878418
315,R,chlTan_Cos7,0.039805877953767776,0.4209303056131808,1.7090154886245728,5.79440450668335
316,K,chlTan_Cos7,0.5030702948570251,0.23907707945326578,2.2677905559539795,7.434565544128418
317,M,chlTan_Cos7,0.06959015876054764,0.3959672226722313,0.9993188977241516,2.769606113433838
318,E,chlTan_Cos7,0.13384424149990082,0.35723951406955384,4.08828592300415,11.673741340637207
319,E,chlTan_Cos7,0.14044472575187683,0.35391964721794944,4.128678321838379,11.47969913482666
320,Q,chlTan_Cos7,0.11455406248569489,0.36750890006920045,2.3151814937591553,5.37786340713501
321,Q,chlTan_Cos7,0.19822829961776733,0.32807736403069726,2.7884480953216553,6.380636692047119
322,V,chlTan_Cos7,0.479362815618515,0.24435553839471702,2.091806173324585,5.786595344543457
323,R,chlTan_Cos7,0.07093781977891922,0.3949880891077345,1.0832105875015259,3.60310697555542
324,L,chlTan_Cos7,0.12460237741470337,0.36204773652709543,3.7168731689453125,10.80111026763916
325,N,chlTan_Cos7,0.6425378918647766,0.21139664060593655,0.9198599457740784,2.5963969230651855
326,E,chlTan_Cos7,0.1412094086408615,0.3535408222403599,4.088166236877441,11.2091064453125
327,A,chlTan_Cos7,0.4254024922847748,0.25712677082882707,2.047212839126587,4.8028411865234375
328,E,chlTan_Cos7,0.13384424149990082,0.35723951406955384,4.08828592300415,11.673741340637207
329,Q,chlTan_Cos7,0.09966262429952621,0.37611743713515466,2.1897895336151123,4.7665114402771
330,K,chlTan_Cos7,0.18094326555728912,0.3352819315727532,2.080937147140503,6.679849624633789
331,Y,chlTan_Cos7,0.08381427824497223,0.3860967283467315,2.3076069355010986,5.591024875640869
332,K,chlTan_Cos7,0.18094326555728912,0.3352819315727532,2.080937147140503,6.679849624633789
333,D,chlTan_Cos7,0.1700807362794876,0.3400200323848001,1.3083466291427612,3.288975715637207
334,I,chlTan_Cos7,0.24416501820087433,0.31060698549265353,1.6159638166427612,4.288524627685547
335,Q,chlTan_Cos7,0.09966262429952621,0.37611743713515466,2.1897895336151123,4.7665114402771
336,D,chlTan_Cos7,1.7134953737258911,0.09526624548159292,1.9406232833862305,3.961421012878418
337,K,chlTan_Cos7,0.5030702948570251,0.23907707945326578,2.2677905559539795,7.434565544128418
338,L,chlTan_Cos7,0.08206070214509964,0.3872619968638925,2.6472268104553223,8.959029197692871
339,E,chlTan_Cos7,0.14050203561782837,0.3538912151112015,4.127763748168945,11.475743293762207
340,K,chlTan_Cos7,0.18094326555728912,0.3352819315727532,2.080937147140503,6.679849624633789
341,I,chlTan_Cos7,0.24416501820087433,0.31060698549265353,1.6159638166427612,4.288524627685547
342,S,chlTan_Cos7,0.3041245639324188,0.29065408461300896,1.2056297063827515,3.05094838142395
343,E,chlTan_Cos7,0.13384424149990082,0.35723951406955384,4.08828592300415,11.673741340637207
344,E,chlTan_Cos7,0.13641296327114105,0.3559366891189932,3.3171920776367188,8.147903442382812
345,T,chlTan_Cos7,0.023779001086950302,0.4387242812446442,0.843350887298584,2.6780266761779785
346,N,chlTan_Cos7,0.4328227639198303,0.2553035508489071,0.8157113790512085,2.3636820316314697
347,A,chlTan_Cos7,0.4254024922847748,0.25712677082882707,2.047212839126587,4.8028411865234375
348,R,chlTan_Cos7,0.062394022941589355,0.40137566716017065,1.110941767692566,3.679975986480713
349,A,chlTan_Cos7,0.4254024922847748,0.25712677082882707,2.047212839126587,4.8028411865234375
350,P,chlTan_Cos7,0.06266158819198608,0.4011687980222009,1.9894112348556519,5.63883638381958
351,E,chlTan_Cos7,0.13384424149990082,0.35723951406955384,4.08828592300415,11.673741340637207
352,C,chlTan_Cos7,0.030501628294587135,0.4306784473282091,1.9589157104492188,4.122984409332275
353,M,chlTan_Cos7,0.01416857447475195,0.4526250726333885,1.0992592573165894,3.0598785877227783
354,A,chlTan_Cos7,0.23200221359729767,0.31502158758727977,1.4846338033676147,3.7585642337799072
355,L,chlTan_Cos7,0.21164241433143616,0.322741565502922,4.35574197769165,12.946795463562012
356,K,chlTan_Cos7,0.9452210068702698,0.165469369727123,2.694265842437744,9.645729064941406
357,A,chlTan_Cos7,0.4254024922847748,0.25712677082882707,2.047212839126587,4.8028411865234375
358,D,chlTan_Cos7,0.1700807362794876,0.3400200323848001,1.3083466291427612,3.288975715637207
359,V,chlTan_Cos7,0.45568394660949707,0.24982401245552482,0.6761200428009033,2.049712657928467
360,V,chlTan_Cos7,0.6917679905891418,0.2027818359254358,1.11748206615448,5.111750602722168
361,A,chlTan_Cos7,0.12731672823429108,0.360615266350848,1.4121463298797607,4.73759126663208
362,K,chlTan_Cos7,0.18094326555728912,0.3352819315727532,2.080937147140503,6.679849624633789
363,K,chlTan_Cos7,0.5030702948570251,0.23907707945326578,2.2677905559539795,7.434565544128418
364,R,chlTan_Cos7,0.6487399339675903,0.2102817732779716,1.9520665407180786,4.916996002197266
365,A,chlTan_Cos7,3.4009108543395996,0.0325802141619762,1.7424930334091187,5.599194049835205
366,Y,chlTan_Cos7,0.017931129783391953,0.4467379908378853,1.2232086658477783,3.0340325832366943
367,N,chlTan_Cos7,0.14202351868152618,0.35313879528023817,1.4363871812820435,4.34074592590332
368,E,chlTan_Cos7,0.13384424149990082,0.35723951406955384,4.08828592300415,11.673741340637207
369,A,chlTan_Cos7,0.20449185371398926,0.3255596609731134,1.7415642738342285,5.654973030090332
370,E,chlTan_Cos7,0.13641296327114105,0.3559366891189932,3.3171920776367188,8.147903442382812
371,V,chlTan_Cos7,0.46003320813179016,0.24880422686113113,2.8155486583709717,9.103076934814453
372,L,chlTan_Cos7,0.21951909363269806,0.31970329470726266,3.8170928955078125,12.976123809814453
373,Y,chlTan_Cos7,0.05201229080557823,0.4097990078738435,2.6962106227874756,5.997811794281006
374,N,chlTan_Cos7,0.22272183001041412,0.31848690030850035,1.5633751153945923,3.967582941055298
375,R,chlTan_Cos7,0.062394022941589355,0.40137566716017065,1.110941767692566,3.679975986480713
376,S,chlTan_Cos7,0.372789204120636,0.270743912295773,2.8956081867218018,9.426423072814941
377,L,chlTan_Cos7,0.21951909363269806,0.31970329470726266,3.8170928955078125,12.976123809814453
378,N,chlTan_Cos7,0.09250342100858688,0.38050918824884183,0.8725787997245789,2.6487300395965576
379,E,chlTan_Cos7,0.13384424149990082,0.35723951406955384,4.08828592300415,11.673741340637207
380,Y,chlTan_Cos7,0.05201229080557823,0.4097990078738435,2.6962106227874756,5.997811794281006
381,K,chlTan_Cos7,0.5030702948570251,0.23907707945326578,2.2677905559539795,7.434565544128418
382,A,chlTan_Cos7,0.2832892835140228,0.297276681954766,2.0265696048736572,4.539622783660889
383,L,chlTan_Cos7,0.03838369622826576,0.4223373404562202,2.536304473876953,8.925031661987305
384,K,chlTan_Cos7,0.18094326555728912,0.3352819315727532,2.080937147140503,6.679849624633789
385,K,chlTan_Cos7,0.5030702948570251,0.23907707945326578,2.2677905559539795,7.434565544128418
386,D,chlTan_Cos7,0.1700807362794876,0.3400200323848001,1.3083466291427612,3.288975715637207
387,D,chlTan_Cos7,0.1700807362794876,0.3400200323848001,1.3083466291427612,3.288975715637207
388,E,chlTan_Cos7,0.13641296327114105,0.3559366891189932,3.3171920776367188,8.147903442382812
389,Q,chlTan_Cos7,0.19822829961776733,0.32807736403069726,2.7884480953216553,6.380636692047119
390,L,chlTan_Cos7,0.11207316815853119,0.36889804824961464,3.6092605590820312,10.655731201171875
391,C,chlTan_Cos7,0.030501628294587135,0.4306784473282091,1.9589157104492188,4.122984409332275
392,K,chlTan_Cos7,0.5030702948570251,0.23907707945326578,2.2677905559539795,7.434565544128418
393,R,chlTan_Cos7,0.05161421000957489,0.41013893091494547,1.6800824403762817,5.452073097229004
394,I,chlTan_Cos7,0.24416501820087433,0.31060698549265353,1.6159638166427612,4.288524627685547
395,E,chlTan_Cos7,0.13384424149990082,0.35723951406955384,4.08828592300415,11.673741340637207
396,E,chlTan_Cos7,0.1361684799194336,0.3560600851267844,3.7635622024536133,9.89963150024414
397,L,chlTan_Cos7,0.22835789620876312,0.31637205291698384,3.9802849292755127,11.727384567260742
398,K,chlTan_Cos7,0.7640811800956726,0.1910271689179867,2.7441115379333496,9.09508991241455
399,K,chlTan_Cos7,0.5030702948570251,0.23907707945326578,2.2677905559539795,7.434565544128418
400,S,chlTan_Cos7,0.3048042356967926,0.29044307729470326,1.2753372192382812,3.2154085636138916
401,T,chlTan_Cos7,0.03865371271967888,0.4220681429837035,1.2869248390197754,4.137179374694824
402,D,chlTan_Cos7,1.7134953737258911,0.09526624548159292,1.9406232833862305,3.961421012878418
403,Q,chlTan_Cos7,0.09966262429952621,0.37611743713515466,2.1897895336151123,4.7665114402771
404,S,chlTan_Cos7,0.20830421149730682,0.324049902362364,2.252894163131714,7.299965858459473
405,L,chlTan_Cos7,0.20317547023296356,0.3260849076023603,4.405862331390381,12.9570951461792
406,E,chlTan_Cos7,0.13384424149990082,0.35723951406955384,4.08828592300415,11.673741340637207
407,P,chlTan_Cos7,0.21065275371074677,0.3231281313937867,2.05229115486145,5.812902450561523
408,E,chlTan_Cos7,0.13384424149990082,0.35723951406955384,4.08828592300415,11.673741340637207
409,R,chlTan_Cos7,0.06074368953704834,0.40266217333410537,1.5781288146972656,5.9440741539001465
410,L,chlTan_Cos7,0.20317547023296356,0.3260849076023603,4.405862331390381,12.9570951461792
411,E,chlTan_Cos7,0.13384424149990082,0.35723951406955384,4.08828592300415,11.673741340637207
412,R,chlTan_Cos7,0.05929509550333023,0.4038067796846398,1.1557044982910156,4.339958190917969
413,Q,chlTan_Cos7,0.09966262429952621,0.37611743713515466,2.1897895336151123,4.7665114402771
414,K,chlTan_Cos7,0.5030702948570251,0.23907707945326578,2.2677905559539795,7.434565544128418
415,K,chlTan_Cos7,0.5030702948570251,0.23907707945326578,2.2677905559539795,7.434565544128418
416,I,chlTan_Cos7,2.4075725078582764,0.06037474030992198,0.8112192749977112,3.680373430252075
417,S,chlTan_Cos7,0.20830421149730682,0.324049902362364,2.252894163131714,7.299965858459473
418,W,chlTan_Cos7,0.1432698518037796,0.35252586768807737,1.775127649307251,4.0093793869018555
419,L,chlTan_Cos7,0.21951909363269806,0.31970329470726266,3.8170928955078125,12.976123809814453
420,K,chlTan_Cos7,0.5030702948570251,0.23907707945326578,2.2677905559539795,7.434565544128418
421,E,chlTan_Cos7,0.13641296327114105,0.3559366891189932,3.3171920776367188,8.147903442382812
422,R,chlTan_Cos7,0.34121623635292053,0.27956401358456817,0.8804858326911926,2.326615571975708
423,V,chlTan_Cos7,0.48313868045806885,0.24350202626559841,1.6168508529663086,4.315073013305664
424,K,chlTan_Cos7,0.26279863715171814,0.3041019700724425,1.8925162553787231,6.675692558288574
425,A,chlTan_Cos7,0.1642923504114151,0.3426175052780237,1.586571216583252,5.374151706695557
426,L,chlTan_Cos7,0.28311893343925476,0.2973321031182818,1.5798064470291138,5.915772438049316
427,R,chlTan_Cos7,0.8723526000976562,0.1751524159270661,0.5869085192680359,1.6570501327514648
428,N,chlTan_Cos7,0.09268123656511307,0.38039789823293363,0.9801571369171143,2.95798397064209
429,Q,chlTan_Cos7,0.09966262429952621,0.37611743713515466,2.1897895336151123,4.7665114402771
430,E,chlTan_Cos7,0.13384424149990082,0.35723951406955384,4.08828592300415,11.673741340637207
431,N,chlTan_Cos7,0.14202351868152618,0.35313879528023817,1.4363871812820435,4.34074592590332
432,S,chlTan_Cos7,0.13927637040615082,0.3545007301465853,2.1671500205993652,6.250269412994385
433,V,chlTan_Cos7,1.1707282066345215,0.1396258320889864,1.307762622833252,3.5445923805236816
434,N,chlTan_Cos7,0.8291594982147217,0.18125784074306212,0.7501586079597473,2.150249481201172
435,Q,chlTan_Cos7,0.08986195921897888,0.38217635963202773,2.158123731613159,4.571561813354492
436,E,chlTan_Cos7,0.13641296327114105,0.3559366891189932,3.3171920776367188,8.147903442382812
437,I,chlTan_Cos7,0.910283625125885,0.17001958791528793,0.6804541945457458,2.1463141441345215
438,E,chlTan_Cos7,0.13384424149990082,0.35723951406955384,4.08828592300415,11.673741340637207
439,Q,chlTan_Cos7,0.19822829961776733,0.32807736403069726,2.7884480953216553,6.380636692047119
440,F,chlTan_Cos7,0.05143173784017563,0.4102952054979659,3.0728254318237305,9.530101776123047
441,Q,chlTan_Cos7,0.19822829961776733,0.32807736403069726,2.7884480953216553,6.380636692047119
442,Q,chlTan_Cos7,0.09966262429952621,0.37611743713515466,2.1897895336151123,4.7665114402771
443,A,chlTan_Cos7,0.6732079982757568,0.2059676918529525,2.8084840774536133,6.980598449707031
444,I,chlTan_Cos7,0.6002556681632996,0.21924024686053134,1.737093448638916,5.578696250915527
445,E,chlTan_Cos7,0.13384424149990082,0.35723951406955384,4.08828592300415,11.673741340637207
446,K,chlTan_Cos7,0.18094326555728912,0.3352819315727532,2.080937147140503,6.679849624633789
447,D,chlTan_Cos7,1.7134953737258911,0.09526624548159292,1.9406232833862305,3.961421012878418
448,K,chlTan_Cos7,1.0962797403335571,0.14754199892357425,0.8698566555976868,3.726555824279785
449,E,chlTan_Cos7,0.13384424149990082,0.35723951406955384,4.08828592300415,11.673741340637207
450,E,chlTan_Cos7,0.14044472575187683,0.35391964721794944,4.128678321838379,11.47969913482666
451,Y,chlTan_Cos7,0.4137519598007202,0.2600356378011156,0.6180298924446106,1.5909396409988403
452,G,chlTan_Cos7,2.2035114765167236,0.06884837580647875,1.187325119972229,3.331054449081421
453,K,chlTan_Cos7,0.761741042137146,0.19139210830301578,2.7456541061401367,9.092551231384277
454,I,chlTan_Cos7,0.24416501820087433,0.31060698549265353,1.6159638166427612,4.288524627685547
455,K,chlTan_Cos7,0.18094326555728912,0.3352819315727532,2.080937147140503,6.679849624633789
456,R,chlTan_Cos7,0.10377921164035797,0.3736703599542939,0.9937353730201721,3.0811855792999268
457,E,chlTan_Cos7,0.13384424149990082,0.35723951406955384,4.08828592300415,11.673741340637207
458,E,chlTan_Cos7,0.13505682349205017,0.3566227549660336,3.7761948108673096,9.93669605255127
459,S,chlTan_Cos7,0.4793519973754883,0.24435799093384208,1.1280423402786255,3.5059854984283447
460,D,chlTan_Cos7,0.17137005925178528,0.33944852605504205,1.05147385597229,2.680122137069702
461,V,chlTan_Cos7,1.2188901901245117,0.1347892813224734,1.1667391061782837,4.324535846710205
462,K,chlTan_Cos7,0.18094326555728912,0.3352819315727532,2.080937147140503,6.679849624633789
463,H,chlTan_Cos7,0.11120684444904327,0.36938716091225327,1.1743667125701904,2.9687438011169434
464,A,chlTan_Cos7,0.345157265663147,0.27843368504874255,1.198677897453308,3.2346749305725098
465,L,chlTan_Cos7,0.12660053372383118,0.36099154683748935,3.5721781253814697,10.9111909866333
466,S,chlTan_Cos7,1.9274743795394897,0.08251751275789658,0.5550054907798767,1.3638592958450317
467,Y,chlTan_Cos7,0.02217062935233116,0.4408170398909372,1.2509088516235352,3.0953311920166016
468,N,chlTan_Cos7,0.14202351868152618,0.35313879528023817,1.4363871812820435,4.34074592590332
469,Q,chlTan_Cos7,0.29857221245765686,0.2923894514157902,1.5628257989883423,3.3760108947753906
470,R,chlTan_Cos7,0.9794761538505554,0.16116408478043667,1.7648303508758545,4.360708236694336
471,Q,chlTan_Cos7,0.08984975516796112,0.3821841238717826,2.158743143081665,4.572961807250977
472,L,chlTan_Cos7,0.12660053372383118,0.36099154683748935,3.5721781253814697,10.9111909866333
473,K,chlTan_Cos7,0.5030702948570251,0.23907707945326578,2.2677905559539795,7.434565544128418
474,E,chlTan_Cos7,0.13384424149990082,0.35723951406955384,4.08828592300415,11.673741340637207
475,L,chlTan_Cos7,0.20317547023296356,0.3260849076023603,4.405862331390381,12.9570951461792
476,K,chlTan_Cos7,0.5030702948570251,0.23907707945326578,2.2677905559539795,7.434565544128418
477,D,chlTan_Cos7,0.1700807362794876,0.3400200323848001,1.3083466291427612,3.288975715637207
478,S,chlTan_Cos7,0.303428053855896,0.290870638719797,1.3790392875671387,3.3870620727539062
479,K,chlTan_Cos7,0.5030702948570251,0.23907707945326578,2.2677905559539795,7.434565544128418
480,T,chlTan_Cos7,0.03865371271967888,0.4220681429837035,1.2869248390197754,4.137179374694824
481,D,chlTan_Cos7,0.1700807362794876,0.3400200323848001,1.3083466291427612,3.288975715637207
482,R,chlTan_Cos7,0.05161421000957489,0.41013893091494547,1.6800824403762817,5.452073097229004
483,L,chlTan_Cos7,0.22054551541805267,0.3193122885078435,3.012129068374634,9.170615196228027
484,K,chlTan_Cos7,0.5030702948570251,0.23907707945326578,2.2677905559539795,7.434565544128418
485,R,chlTan_Cos7,0.07093781977891922,0.3949880891077345,1.0832105875015259,3.60310697555542
486,F,chlTan_Cos7,0.05143173784017563,0.4102952054979659,3.0728254318237305,9.530101776123047
487,G,chlTan_Cos7,0.2907419204711914,0.29487274103271666,2.6342766284942627,5.514944076538086
488,P,chlTan_Cos7,0.21065275371074677,0.3231281313937867,2.05229115486145,5.812902450561523
489,N,chlTan_Cos7,2.0637218952178955,0.07542067401294017,0.5886110663414001,1.5262341499328613
490,V,chlTan_Cos7,0.46003320813179016,0.24880422686113113,2.8155486583709717,9.103076934814453
491,P,chlTan_Cos7,0.09911399334669113,0.3764477391867046,2.0582761764526367,5.50127649307251
492,A,chlTan_Cos7,0.20449185371398926,0.3255596609731134,1.7415642738342285,5.654973030090332
493,L,chlTan_Cos7,0.12460237741470337,0.36204773652709543,3.7168731689453125,10.80111026763916
494,L,chlTan_Cos7,0.12460237741470337,0.36204773652709543,3.7168731689453125,10.80111026763916
495,E,chlTan_Cos7,0.69583660364151,0.20209310101913702,2.8080801963806152,8.827661514282227
496,A,chlTan_Cos7,0.6732079982757568,0.2059676918529525,2.8084840774536133,6.980598449707031
497,I,chlTan_Cos7,0.6002556681632996,0.21924024686053134,1.737093448638916,5.578696250915527
498,D,chlTan_Cos7,0.1700807362794876,0.3400200323848001,1.3083466291427612,3.288975715637207
499,D,chlTan_Cos7,0.1700807362794876,0.3400200323848001,1.3083466291427612,3.288975715637207
500,A,chlTan_Cos7,0.20449185371398926,0.3255596609731134,1.7415642738342285,5.654973030090332
501,Y,chlTan_Cos7,0.05201229080557823,0.4097990078738435,2.6962106227874756,5.997811794281006
502,R,chlTan_Cos7,0.07093781977891922,0.3949880891077345,1.0832105875015259,3.60310697555542
503,Q,chlTan_Cos7,0.22734148800373077,0.3167510600583658,1.0044623613357544,2.3638358116149902
504,G,chlTan_Cos7,0.13820314407348633,0.3550369524352519,1.6086716651916504,4.0099358558654785
505,L,chlTan_Cos7,0.813814640045166,0.18349742459107593,0.3811721205711365,1.1243959665298462
506,F,chlTan_Cos7,0.05143173784017563,0.4102952054979659,3.0728254318237305,9.530101776123047
507,T,chlTan_Cos7,0.09200716018676758,0.3808204042055782,0.7093074917793274,1.7101633548736572
508,Y,chlTan_Cos7,0.23811037838459015,0.31278712125658276,2.0971157550811768,5.015594005584717
509,K,chlTan_Cos7,0.761741042137146,0.19139210830301578,2.7456541061401367,9.092551231384277
510,P,chlTan_Cos7,0.21065275371074677,0.3231281313937867,2.05229115486145,5.812902450561523
511,V,chlTan_Cos7,0.6284440755844116,0.21396330607702668,1.9433350563049316,5.602860927581787
512,G,chlTan_Cos7,0.2907419204711914,0.29487274103271666,2.6342766284942627,5.514944076538086
513,P,chlTan_Cos7,0.21065275371074677,0.3231281313937867,2.05229115486145,5.812902450561523
514,L,chlTan_Cos7,0.21951909363269806,0.31970329470726266,3.8170928955078125,12.976123809814453
515,G,chlTan_Cos7,0.13820314407348633,0.3550369524352519,1.6086716651916504,4.0099358558654785
516,A,chlTan_Cos7,0.20449185371398926,0.3255596609731134,1.7415642738342285,5.654973030090332
517,C,chlTan_Cos7,0.11520708352327347,0.36714604063351824,4.743992328643799,8.804548263549805
518,I,chlTan_Cos7,0.24416501820087433,0.31060698549265353,1.6159638166427612,4.288524627685547
519,H,chlTan_Cos7,0.11120684444904327,0.36938716091225327,1.1743667125701904,2.9687438011169434
520,L,chlTan_Cos7,0.12460237741470337,0.36204773652709543,3.7168731689453125,10.80111026763916
521,R,chlTan_Cos7,0.06074368953704834,0.40266217333410537,1.5781288146972656,5.9440741539001465
522,D,chlTan_Cos7,1.7134953737258911,0.09526624548159292,1.9406232833862305,3.961421012878418
523,P,chlTan_Cos7,0.07051753252744675,0.3952923693653956,2.1251449584960938,6.1324896812438965
524,E,chlTan_Cos7,0.13384424149990082,0.35723951406955384,4.08828592300415,11.673741340637207
525,L,chlTan_Cos7,0.12460237741470337,0.36204773652709543,3.7168731689453125,10.80111026763916
526,A,chlTan_Cos7,0.20449185371398926,0.3255596609731134,1.7415642738342285,5.654973030090332
527,L,chlTan_Cos7,0.20317547023296356,0.3260849076023603,4.405862331390381,12.9570951461792
528,A,chlTan_Cos7,0.1272871494293213,0.36063078307076324,1.4123057126998901,4.738186836242676
529,I,chlTan_Cos7,0.24416501820087433,0.31060698549265353,1.6159638166427612,4.288524627685547
530,E,chlTan_Cos7,0.14044472575187683,0.35391964721794944,4.128678321838379,11.47969913482666
531,S,chlTan_Cos7,0.20830421149730682,0.324049902362364,2.252894163131714,7.299965858459473
532,C,chlTan_Cos7,0.11520708352327347,0.36714604063351824,4.743992328643799,8.804548263549805
533,L,chlTan_Cos7,0.04746737703680992,0.41376516521110057,2.7892653942108154,9.64902400970459
534,K,chlTan_Cos7,0.5030702948570251,0.23907707945326578,2.2677905559539795,7.434565544128418
535,G,chlTan_Cos7,0.10443167388439178,0.37328745313561623,2.3625853061676025,5.410846710205078
536,L,chlTan_Cos7,0.046059537678956985,0.41503380405476614,2.935189962387085,8.378168106079102
537,L,chlTan_Cos7,0.12660053372383118,0.36099154683748935,3.5721781253814697,10.9111909866333
538,Q,chlTan_Cos7,0.19822829961776733,0.32807736403069726,2.7884480953216553,6.380636692047119
539,A,chlTan_Cos7,0.6732079982757568,0.2059676918529525,2.8084840774536133,6.980598449707031
540,Y,chlTan_Cos7,0.05201229080557823,0.4097990078738435,2.6962106227874756,5.997811794281006
541,C,chlTan_Cos7,0.030501628294587135,0.4306784473282091,1.9589157104492188,4.122984409332275
542,C,chlTan_Cos7,0.11520708352327347,0.36714604063351824,4.743992328643799,8.804548263549805
543,H,chlTan_Cos7,0.11120684444904327,0.36938716091225327,1.1743667125701904,2.9687438011169434
544,N,chlTan_Cos7,0.14202351868152618,0.35313879528023817,1.4363871812820435,4.34074592590332
545,H,chlTan_Cos7,0.11120684444904327,0.36938716091225327,1.1743667125701904,2.9687438011169434
546,A,chlTan_Cos7,0.20449185371398926,0.3255596609731134,1.7415642738342285,5.654973030090332
547,D,chlTan_Cos7,0.1700807362794876,0.3400200323848001,1.3083466291427612,3.288975715637207
548,E,chlTan_Cos7,0.13384424149990082,0.35723951406955384,4.08828592300415,11.673741340637207
549,R,chlTan_Cos7,0.10374056547880173,0.37369308163828197,0.3915231227874756,1.1963438987731934
550,V,chlTan_Cos7,0.5132423043251038,0.23686932291632046,2.0343544483184814,5.178902626037598
551,L,chlTan_Cos7,0.11218123883008957,0.3688371809092078,3.611652135848999,10.666171073913574
552,Q,chlTan_Cos7,0.29459765553474426,0.293644598550837,1.5708791017532349,3.3819503784179688
553,A,chlTan_Cos7,0.4254024922847748,0.25712677082882707,2.047212839126587,4.8028411865234375
554,L,chlTan_Cos7,0.22054551541805267,0.3193122885078435,3.012129068374634,9.170615196228027
555,M,chlTan_Cos7,0.01416857447475195,0.4526250726333885,1.0992592573165894,3.0598785877227783
556,K,chlTan_Cos7,0.5030702948570251,0.23907707945326578,2.2677905559539795,7.434565544128418
557,R,chlTan_Cos7,1.3668135404586792,0.12118005843153835,1.2674174308776855,3.8338260650634766
558,F,chlTan_Cos7,0.05143173784017563,0.4102952054979659,3.0728254318237305,9.530101776123047
559,Y,chlTan_Cos7,0.05201229080557823,0.4097990078738435,2.6962106227874756,5.997811794281006
560,L,chlTan_Cos7,0.21951909363269806,0.31970329470726266,3.8170928955078125,12.976123809814453
561,P,chlTan_Cos7,0.09911399334669113,0.3764477391867046,2.0582761764526367,5.50127649307251
562,G,chlTan_Cos7,0.15362486243247986,0.34754755076992266,2.7420766353607178,6.112197399139404
563,T,chlTan_Cos7,0.023070933297276497,0.4396363789081398,0.9670990109443665,3.3266122341156006
564,S,chlTan_Cos7,0.13927637040615082,0.3545007301465853,2.1671500205993652,6.250269412994385
565,R,chlTan_Cos7,0.06074368953704834,0.40266217333410537,1.5781288146972656,5.9440741539001465
566,P,chlTan_Cos7,0.06266158819198608,0.4011687980222009,1.9894112348556519,5.63883638381958
567,Q,chlTan_Cos7,1.5364588499069214,0.10757283441347597,1.0147333145141602,2.4655990600585938
568,I,chlTan_Cos7,0.6002556681632996,0.21924024686053134,1.737093448638916,5.578696250915527
569,I,chlTan_Cos7,0.6002556681632996,0.21924024686053134,1.737093448638916,5.578696250915527
570,V,chlTan_Cos7,0.46003320813179016,0.24880422686113113,2.8155486583709717,9.103076934814453
571,S,chlTan_Cos7,0.20830421149730682,0.324049902362364,2.252894163131714,7.299965858459473
572,E,chlTan_Cos7,0.12882675230503082,0.35982580855440166,3.0893585681915283,7.921785831451416
573,F,chlTan_Cos7,0.05143173784017563,0.4102952054979659,3.0728254318237305,9.530101776123047
574,R,chlTan_Cos7,0.03421279415488243,0.4266274563001429,0.948086678981781,3.846662759780884
575,N,chlTan_Cos7,0.14202351868152618,0.35313879528023817,1.4363871812820435,4.34074592590332
576,E,chlTan_Cos7,0.13641296327114105,0.3559366891189932,3.3171920776367188,8.147903442382812
577,I,chlTan_Cos7,0.6002556681632996,0.21924024686053134,1.737093448638916,5.578696250915527
578,Y,chlTan_Cos7,0.05201229080557823,0.4097990078738435,2.6962106227874756,5.997811794281006
579,D,chlTan_Cos7,0.1700807362794876,0.3400200323848001,1.3083466291427612,3.288975715637207
580,V,chlTan_Cos7,0.6284440755844116,0.21396330607702668,1.9433350563049316,5.602860927581787
581,R,chlTan_Cos7,0.07093781977891922,0.3949880891077345,1.0832105875015259,3.60310697555542
582,H,chlTan_Cos7,0.2821449339389801,0.2976493925746011,1.9693456888198853,4.419992923736572
583,R,chlTan_Cos7,0.07093781977891922,0.3949880891077345,1.0832105875015259,3.60310697555542
584,A,chlTan_Cos7,0.20449185371398926,0.3255596609731134,1.7415642738342285,5.654973030090332
585,A,chlTan_Cos7,0.20449185371398926,0.3255596609731134,1.7415642738342285,5.654973030090332
586,Y,chlTan_Cos7,0.05201229080557823,0.4097990078738435,2.6962106227874756,5.997811794281006
587,H,chlTan_Cos7,0.16315998136997223,0.34313185327436346,1.0248879194259644,2.8892364501953125
588,P,chlTan_Cos7,0.0627322867512703,0.40111421557276844,1.9900063276290894,5.640599727630615
589,E,chlTan_Cos7,0.8610582947731018,0.17672135235956254,1.9663108587265015,4.766818046569824
590,F,chlTan_Cos7,0.02196921408176422,0.44108451341052335,1.9723460674285889,7.237501621246338
591,P,chlTan_Cos7,0.09911399334669113,0.3764477391867046,2.0582761764526367,5.50127649307251
592,T,chlTan_Cos7,0.05196274816989899,0.4098412378363502,1.4422707557678223,4.267279624938965
593,V,chlTan_Cos7,0.46003320813179016,0.24880422686113113,2.8155486583709717,9.103076934814453
594,L,chlTan_Cos7,0.13455422222614288,0.3568780117922595,3.4846954345703125,10.834794998168945
595,T,chlTan_Cos7,0.05196274816989899,0.4098412378363502,1.4422707557678223,4.267279624938965
596,A,chlTan_Cos7,0.20449185371398926,0.3255596609731134,1.7415642738342285,5.654973030090332
597,L,chlTan_Cos7,0.21951909363269806,0.31970329470726266,3.8170928955078125,12.976123809814453
598,E,chlTan_Cos7,0.13384424149990082,0.35723951406955384,4.08828592300415,11.673741340637207
599,I,chlTan_Cos7,0.6002556681632996,0.21924024686053134,1.737093448638916,5.578696250915527
600,D,chlTan_Cos7,0.1700807362794876,0.3400200323848001,1.3083466291427612,3.288975715637207
601,N,chlTan_Cos7,0.09293503314256668,0.38023925560823124,0.981522798538208,2.960951089859009
602,A,chlTan_Cos7,0.17283442616462708,0.3388024758173316,1.6999083757400513,3.938429355621338
603,V,chlTan_Cos7,0.8534018993377686,0.17779586749353615,2.5781548023223877,8.177379608154297
604,V,chlTan_Cos7,0.12098043411970139,0.3639867764522272,2.042587995529175,5.207888603210449
605,A,chlTan_Cos7,0.4254024922847748,0.25712677082882707,2.047212839126587,4.8028411865234375
606,N,chlTan_Cos7,0.14202351868152618,0.35313879528023817,1.4363871812820435,4.34074592590332
607,S,chlTan_Cos7,0.5358632802963257,0.23207609586829336,1.1008036136627197,3.5181775093078613
608,L,chlTan_Cos7,0.09624192863702774,0.3781934730422425,3.0082621574401855,9.930805206298828
609,I,chlTan_Cos7,0.24416501820087433,0.31060698549265353,1.6159638166427612,4.288524627685547
610,D,chlTan_Cos7,1.7134953737258911,0.09526624548159292,1.9406232833862305,3.961421012878418
611,M,chlTan_Cos7,0.01416857447475195,0.4526250726333885,1.0992592573165894,3.0598785877227783
612,R,chlTan_Cos7,0.07093781977891922,0.3949880891077345,1.0832105875015259,3.60310697555542
613,G,chlTan_Cos7,0.2907419204711914,0.29487274103271666,2.6342766284942627,5.514944076538086
614,I,chlTan_Cos7,0.6002556681632996,0.21924024686053134,1.737093448638916,5.578696250915527
615,E,chlTan_Cos7,0.13641296327114105,0.3559366891189932,3.3171920776367188,8.147903442382812
616,T,chlTan_Cos7,0.05196274816989899,0.4098412378363502,1.4422707557678223,4.267279624938965
617,V,chlTan_Cos7,0.12098043411970139,0.3639867764522272,2.042587995529175,5.207888603210449
618,L,chlTan_Cos7,0.13213220238685608,0.3581157309166991,3.1879913806915283,10.279546737670898
619,L,chlTan_Cos7,0.22917552292346954,0.3160679203879896,3.2040622234344482,10.412540435791016
620,I,chlTan_Cos7,0.2672094702720642,0.3026049278421346,1.5570818185806274,3.832516670227051
621,K,chlTan_Cos7,0.5030702948570251,0.23907707945326578,2.2677905559539795,7.434565544128418
622,N,chlTan_Cos7,0.14202351868152618,0.35313879528023817,1.4363871812820435,4.34074592590332
623,N,chlTan_Cos7,0.09267006814479828,0.38040488481447604,0.9801318645477295,2.957974910736084
624,S,chlTan_Cos7,0.11269097030162811,0.3685505297289424,2.1639559268951416,8.084155082702637
625,V,chlTan_Cos7,0.6284440755844116,0.21396330607702668,1.9433350563049316,5.602860927581787
626,A,chlTan_Cos7,0.20449185371398926,0.3255596609731134,1.7415642738342285,5.654973030090332
627,R,chlTan_Cos7,0.0653875321149826,0.39908744082305986,1.2046374082565308,4.0266923904418945
628,A,chlTan_Cos7,3.731529712677002,0.02669723634203319,1.1519229412078857,3.5229392051696777
629,V,chlTan_Cos7,0.4862343668937683,0.2428059465205118,0.6205250024795532,2.3796279430389404
630,M,chlTan_Cos7,0.01416857447475195,0.4526250726333885,1.0992592573165894,3.0598785877227783
631,Q,chlTan_Cos7,0.19822829961776733,0.32807736403069726,2.7884480953216553,6.380636692047119
632,S,chlTan_Cos7,0.2894708812236786,0.29527990082986943,2.503976821899414,8.416275978088379
633,Q,chlTan_Cos7,0.09966262429952621,0.37611743713515466,2.1897895336151123,4.7665114402771
634,K,chlTan_Cos7,0.26269853115081787,0.30413612983650573,1.8922709226608276,6.675627708435059
635,P,chlTan_Cos7,0.09911399334669113,0.3764477391867046,2.0582761764526367,5.50127649307251
636,P,chlTan_Cos7,0.13968531787395477,0.3542970247390786,2.511474132537842,7.15754508972168
637,K,chlTan_Cos7,0.5030702948570251,0.23907707945326578,2.2677905559539795,7.434565544128418
638,N,chlTan_Cos7,0.14202351868152618,0.35313879528023817,1.4363871812820435,4.34074592590332
639,C,chlTan_Cos7,0.030501628294587135,0.4306784473282091,1.9589157104492188,4.122984409332275
640,R,chlTan_Cos7,0.07093781977891922,0.3949880891077345,1.0832105875015259,3.60310697555542
641,E,chlTan_Cos7,0.13384424149990082,0.35723951406955384,4.08828592300415,11.673741340637207
642,A,chlTan_Cos7,0.20449185371398926,0.3255596609731134,1.7415642738342285,5.654973030090332
643,F,chlTan_Cos7,0.05143173784017563,0.4102952054979659,3.0728254318237305,9.530101776123047
644,T,chlTan_Cos7,0.01670670695602894,0.4485781653337653,1.017568826675415,3.2820050716400146
645,A,chlTan_Cos7,0.20449185371398926,0.3255596609731134,1.7415642738342285,5.654973030090332
646,E,chlTan_Cos7,0.13749729096889496,0.35539091494674024,0.7599785327911377,2.5156409740448
647,G,chlTan_Cos7,0.17866016924381256,0.3362636035920601,1.6081088781356812,3.4657697677612305
648,D,chlTan_Cos7,0.1700807362794876,0.3400200323848001,1.3083466291427612,3.288975715637207
649,Q,chlTan_Cos7,0.09966262429952621,0.37611743713515466,2.1897895336151123,4.7665114402771
650,V,chlTan_Cos7,0.46003320813179016,0.24880422686113113,2.8155486583709717,9.103076934814453
651,F,chlTan_Cos7,0.05143173784017563,0.4102952054979659,3.0728254318237305,9.530101776123047
652,A,chlTan_Cos7,0.483479768037796,0.24342516913286172,1.2552469968795776,3.275507926940918
653,G,chlTan_Cos7,0.13820314407348633,0.3550369524352519,1.6086716651916504,4.0099358558654785
654,R,chlTan_Cos7,0.0653875321149826,0.39908744082305986,1.2046374082565308,4.0266923904418945
655,Y,chlTan_Cos7,0.05201229080557823,0.4097990078738435,2.6962106227874756,5.997811794281006
656,Y,chlTan_Cos7,0.05201229080557823,0.4097990078738435,2.6962106227874756,5.997811794281006
657,S,chlTan_Cos7,0.13927637040615082,0.3545007301465853,2.1671500205993652,6.250269412994385
658,S,chlTan_Cos7,0.20830421149730682,0.324049902362364,2.252894163131714,7.299965858459473
659,E,chlTan_Cos7,0.13384424149990082,0.35723951406955384,4.08828592300415,11.673741340637207
660,N,chlTan_Cos7,0.3254604935646057,0.28417221003524507,0.4376402795314789,1.2994341850280762
661,T,chlTan_Cos7,0.05196274816989899,0.4098412378363502,1.4422707557678223,4.267279624938965
662,R,chlTan_Cos7,0.07093781977891922,0.3949880891077345,1.0832105875015259,3.60310697555542
663,P,chlTan_Cos7,0.21065275371074677,0.3231281313937867,2.05229115486145,5.812902450561523
664,K,chlTan_Cos7,0.18094326555728912,0.3352819315727532,2.080937147140503,6.679849624633789
665,F,chlTan_Cos7,0.05568138137459755,0.4067283524856818,2.5457327365875244,7.694180011749268
666,L,chlTan_Cos7,0.06510476022958755,0.3993011735914648,2.6431901454925537,8.850288391113281
667,S,chlTan_Cos7,0.5358632802963257,0.23207609586829336,1.1008036136627197,3.5181775093078613
668,R,chlTan_Cos7,0.3412487804889679,0.27955464379321704,0.8805794715881348,2.3244094848632812
669,D,chlTan_Cos7,0.1700807362794876,0.3400200323848001,1.3083466291427612,3.288975715637207
670,V,chlTan_Cos7,0.12098043411970139,0.3639867764522272,2.042587995529175,5.207888603210449
671,D,chlTan_Cos7,0.1700807362794876,0.3400200323848001,1.3083466291427612,3.288975715637207
672,S,chlTan_Cos7,0.20830421149730682,0.324049902362364,2.252894163131714,7.299965858459473
673,E,chlTan_Cos7,0.13384424149990082,0.35723951406955384,4.08828592300415,11.673741340637207
674,I,chlTan_Cos7,0.6002556681632996,0.21924024686053134,1.737093448638916,5.578696250915527
675,S,chlTan_Cos7,0.303428053855896,0.290870638719797,1.3790392875671387,3.3870620727539062
676,D,chlTan_Cos7,1.7134953737258911,0.09526624548159292,1.9406232833862305,3.961421012878418
677,L,chlTan_Cos7,0.20317547023296356,0.3260849076023603,4.405862331390381,12.9570951461792
678,E,chlTan_Cos7,0.13641296327114105,0.3559366891189932,3.3171920776367188,8.147903442382812
679,N,chlTan_Cos7,0.4033426344394684,0.2626840053954803,0.5806124210357666,1.6743746995925903
680,E,chlTan_Cos7,0.13641296327114105,0.3559366891189932,3.3171920776367188,8.147903442382812
681,V,chlTan_Cos7,0.46003320813179016,0.24880422686113113,2.8155486583709717,9.103076934814453
682,E,chlTan_Cos7,0.12752090394496918,0.36050821337187455,1.0516750812530518,3.660871744155884
683,N,chlTan_Cos7,0.14202351868152618,0.35313879528023817,1.4363871812820435,4.34074592590332
684,K,chlTan_Cos7,0.18094326555728912,0.3352819315727532,2.080937147140503,6.679849624633789
685,M,chlTan_Cos7,1.651099681854248,0.09940466229371965,0.8986992835998535,2.6773605346679688
686,A,chlTan_Cos7,0.6732079982757568,0.2059676918529525,2.8084840774536133,6.980598449707031
687,Q,chlTan_Cos7,0.19822829961776733,0.32807736403069726,2.7884480953216553,6.380636692047119
688,I,chlTan_Cos7,0.6002556681632996,0.21924024686053134,1.737093448638916,5.578696250915527
689,L,chlTan_Cos7,0.21951909363269806,0.31970329470726266,3.8170928955078125,12.976123809814453
690,N,chlTan_Cos7,0.14202351868152618,0.35313879528023817,1.4363871812820435,4.34074592590332
691,L,chlTan_Cos7,0.12460237741470337,0.36204773652709543,3.7168731689453125,10.80111026763916
692,Q,chlTan_Cos7,0.19822829961776733,0.32807736403069726,2.7884480953216553,6.380636692047119
693,Q,chlTan_Cos7,0.09966262429952621,0.37611743713515466,2.1897895336151123,4.7665114402771
694,H,chlTan_Cos7,0.11120684444904327,0.36938716091225327,1.1743667125701904,2.9687438011169434
695,L,chlTan_Cos7,0.21951909363269806,0.31970329470726266,3.8170928955078125,12.976123809814453
696,S,chlTan_Cos7,0.20830421149730682,0.324049902362364,2.252894163131714,7.299965858459473
697,D,chlTan_Cos7,6.903186321258545,0.004302113280481921,1.1030073165893555,3.242713689804077
698,L,chlTan_Cos7,0.12460237741470337,0.36204773652709543,3.7168731689453125,10.80111026763916
699,E,chlTan_Cos7,0.13384424149990082,0.35723951406955384,4.08828592300415,11.673741340637207
700,K,chlTan_Cos7,0.5030702948570251,0.23907707945326578,2.2677905559539795,7.434565544128418
701,D,chlTan_Cos7,0.33462417125701904,0.28147440590393824,0.8730667233467102,2.3426403999328613
702,I,chlTan_Cos7,0.24416501820087433,0.31060698549265353,1.6159638166427612,4.288524627685547
703,K,chlTan_Cos7,0.5030702948570251,0.23907707945326578,2.2677905559539795,7.434565544128418
704,R,chlTan_Cos7,1.8608973026275635,0.08626063719747808,0.7431292533874512,2.8411777019500732
705,N,chlTan_Cos7,0.14202351868152618,0.35313879528023817,1.4363871812820435,4.34074592590332
706,E,chlTan_Cos7,0.1208493784070015,0.36405754491857634,3.2051146030426025,8.232285499572754
707,E,chlTan_Cos7,0.13384424149990082,0.35723951406955384,4.08828592300415,11.673741340637207
708,L,chlTan_Cos7,0.12460237741470337,0.36204773652709543,3.7168731689453125,10.80111026763916
709,L,chlTan_Cos7,0.12460237741470337,0.36204773652709543,3.7168731689453125,10.80111026763916
710,K,chlTan_Cos7,0.761741042137146,0.19139210830301578,2.7456541061401367,9.092551231384277
711,R,chlTan_Cos7,0.04429112374782562,0.41665645485931097,1.5921586751937866,5.755633354187012
712,C,chlTan_Cos7,0.11520708352327347,0.36714604063351824,4.743992328643799,8.804548263549805
713,Q,chlTan_Cos7,0.09966262429952621,0.37611743713515466,2.1897895336151123,4.7665114402771
714,L,chlTan_Cos7,0.22917552292346954,0.3160679203879896,3.2040622234344482,10.412540435791016
715,H,chlTan_Cos7,0.11120684444904327,0.36938716091225327,1.1743667125701904,2.9687438011169434
716,Y,chlTan_Cos7,0.05201229080557823,0.4097990078738435,2.6962106227874756,5.997811794281006
717,K,chlTan_Cos7,0.5030702948570251,0.23907707945326578,2.2677905559539795,7.434565544128418
718,E,chlTan_Cos7,0.13384424149990082,0.35723951406955384,4.08828592300415,11.673741340637207
719,L,chlTan_Cos7,0.19507266581058502,0.3293638973853288,3.791593074798584,11.090137481689453
720,E,chlTan_Cos7,0.9488229751586914,0.16500953995180856,0.9726559519767761,4.920042514801025
721,M,chlTan_Cos7,0.01416857447475195,0.4526250726333885,1.0992592573165894,3.0598785877227783
722,K,chlTan_Cos7,0.5030702948570251,0.23907707945326578,2.2677905559539795,7.434565544128418
723,I,chlTan_Cos7,0.6002556681632996,0.21924024686053134,1.737093448638916,5.578696250915527
724,R,chlTan_Cos7,0.07093781977891922,0.3949880891077345,1.0832105875015259,3.60310697555542
725,K,chlTan_Cos7,0.5030702948570251,0.23907707945326578,2.2677905559539795,7.434565544128418
726,S,chlTan_Cos7,1.330396294593811,0.12436736440496522,0.5058586001396179,1.2335113286972046
727,N,chlTan_Cos7,0.6470930576324463,0.21057695427748369,0.5480682253837585,1.394848346710205
728,S,chlTan_Cos7,0.20830421149730682,0.324049902362364,2.252894163131714,7.299965858459473
729,E,chlTan_Cos7,0.13384424149990082,0.35723951406955384,4.08828592300415,11.673741340637207
730,I,chlTan_Cos7,0.24416501820087433,0.31060698549265353,1.6159638166427612,4.288524627685547
731,R,chlTan_Cos7,0.06074368953704834,0.40266217333410537,1.5781288146972656,5.9440741539001465
732,E,chlTan_Cos7,0.13384424149990082,0.35723951406955384,4.08828592300415,11.673741340637207
733,L,chlTan_Cos7,0.12460237741470337,0.36204773652709543,3.7168731689453125,10.80111026763916
734,E,chlTan_Cos7,0.13013681769371033,0.35914511191133613,3.09869647026062,7.944788455963135
735,N,chlTan_Cos7,0.12647485733032227,0.361057699377211,1.1178903579711914,3.1502208709716797
736,I,chlTan_Cos7,0.6002556681632996,0.21924024686053134,1.737093448638916,5.578696250915527
737,E,chlTan_Cos7,0.13384424149990082,0.35723951406955384,4.08828592300415,11.673741340637207
738,E,chlTan_Cos7,0.13384424149990082,0.35723951406955384,4.08828592300415,11.673741340637207
739,H,chlTan_Cos7,0.2821449339389801,0.2976493925746011,1.9693456888198853,4.419992923736572
740,Q,chlTan_Cos7,0.19822829961776733,0.32807736403069726,2.7884480953216553,6.380636692047119
741,S,chlTan_Cos7,0.20830421149730682,0.324049902362364,2.252894163131714,7.299965858459473
742,V,chlTan_Cos7,0.42185789346694946,0.25800572221116924,1.6898390054702759,5.0978217124938965
743,D,chlTan_Cos7,0.1700807362794876,0.3400200323848001,1.3083466291427612,3.288975715637207
744,I,chlTan_Cos7,0.24416501820087433,0.31060698549265353,1.6159638166427612,4.288524627685547
745,A,chlTan_Cos7,0.4254024922847748,0.25712677082882707,2.047212839126587,4.8028411865234375
746,T,chlTan_Cos7,0.03865371271967888,0.4220681429837035,1.2869248390197754,4.137179374694824
747,L,chlTan_Cos7,0.20317547023296356,0.3260849076023603,4.405862331390381,12.9570951461792
748,E,chlTan_Cos7,0.13384424149990082,0.35723951406955384,4.08828592300415,11.673741340637207
749,D,chlTan_Cos7,0.1700807362794876,0.3400200323848001,1.3083466291427612,3.288975715637207
750,E,chlTan_Cos7,0.13384424149990082,0.35723951406955384,4.08828592300415,11.673741340637207
751,A,chlTan_Cos7,0.12220324575901031,0.3633285344713087,1.386095404624939,4.64912223815918
752,Q,chlTan_Cos7,0.09653123468160629,0.37801634009903656,2.2342450618743896,5.062498569488525
753,E,chlTan_Cos7,0.13384424149990082,0.35723951406955384,4.08828592300415,11.673741340637207
754,N,chlTan_Cos7,0.14202351868152618,0.35313879528023817,1.4363871812820435,4.34074592590332
755,K,chlTan_Cos7,0.5030702948570251,0.23907707945326578,2.2677905559539795,7.434565544128418
756,S,chlTan_Cos7,0.5358632802963257,0.23207609586829336,1.1008036136627197,3.5181775093078613
757,K,chlTan_Cos7,0.5030702948570251,0.23907707945326578,2.2677905559539795,7.434565544128418
758,M,chlTan_Cos7,0.01416857447475195,0.4526250726333885,1.0992592573165894,3.0598785877227783
759,K,chlTan_Cos7,0.5030702948570251,0.23907707945326578,2.2677905559539795,7.434565544128418
760,M,chlTan_Cos7,0.01416857447475195,0.4526250726333885,1.0992592573165894,3.0598785877227783
761,V,chlTan_Cos7,0.46003320813179016,0.24880422686113113,2.8155486583709717,9.103076934814453
762,E,chlTan_Cos7,0.13641296327114105,0.3559366891189932,3.3171920776367188,8.147903442382812
763,K,chlTan_Cos7,2.0900003910064697,0.07413301616247239,0.9862595796585083,5.441593170166016
764,H,chlTan_Cos7,0.11120684444904327,0.36938716091225327,1.1743667125701904,2.9687438011169434
765,M,chlTan_Cos7,0.01416857447475195,0.4526250726333885,1.0992592573165894,3.0598785877227783
766,E,chlTan_Cos7,0.13641296327114105,0.3559366891189932,3.3171920776367188,8.147903442382812
767,Q,chlTan_Cos7,0.09966262429952621,0.37611743713515466,2.1897895336151123,4.7665114402771
768,Q,chlTan_Cos7,0.09966262429952621,0.37611743713515466,2.1897895336151123,4.7665114402771
769,K,chlTan_Cos7,0.5030702948570251,0.23907707945326578,2.2677905559539795,7.434565544128418
770,E,chlTan_Cos7,0.13384424149990082,0.35723951406955384,4.08828592300415,11.673741340637207
771,N,chlTan_Cos7,0.8291594982147217,0.18125784074306212,0.7501586079597473,2.150249481201172
772,M,chlTan_Cos7,0.01416857447475195,0.4526250726333885,1.0992592573165894,3.0598785877227783
773,E,chlTan_Cos7,0.13641296327114105,0.3559366891189932,3.3171920776367188,8.147903442382812
774,H,chlTan_Cos7,0.3412061035633087,0.2795669310412173,0.6441372036933899,1.7038848400115967
775,L,chlTan_Cos7,0.12460237741470337,0.36204773652709543,3.7168731689453125,10.80111026763916
776,K,chlTan_Cos7,1.0962797403335571,0.14754199892357425,0.8698566555976868,3.726555824279785
777,S,chlTan_Cos7,1.9033961296081543,0.08384933810251073,0.7434123158454895,2.21142578125
778,L,chlTan_Cos7,0.12660053372383118,0.36099154683748935,3.5721781253814697,10.9111909866333
779,K,chlTan_Cos7,0.5030702948570251,0.23907707945326578,2.2677905559539795,7.434565544128418
780,I,chlTan_Cos7,0.6002556681632996,0.21924024686053134,1.737093448638916,5.578696250915527
781,E,chlTan_Cos7,0.13384424149990082,0.35723951406955384,4.08828592300415,11.673741340637207
782,A,chlTan_Cos7,0.4254024922847748,0.25712677082882707,2.047212839126587,4.8028411865234375
783,E,chlTan_Cos7,0.13384424149990082,0.35723951406955384,4.08828592300415,11.673741340637207
784,N,chlTan_Cos7,0.14202351868152618,0.35313879528023817,1.4363871812820435,4.34074592590332
785,K,chlTan_Cos7,0.18094326555728912,0.3352819315727532,2.080937147140503,6.679849624633789
786,Y,chlTan_Cos7,0.05201229080557823,0.4097990078738435,2.6962106227874756,5.997811794281006
787,D,chlTan_Cos7,0.1700807362794876,0.3400200323848001,1.3083466291427612,3.288975715637207
788,A,chlTan_Cos7,0.4254024922847748,0.25712677082882707,2.047212839126587,4.8028411865234375
789,I,chlTan_Cos7,0.24416501820087433,0.31060698549265353,1.6159638166427612,4.288524627685547
790,K,chlTan_Cos7,0.7625882029533386,0.19125988146253048,2.7473747730255127,9.095399856567383
791,L,chlTan_Cos7,0.48772457242012024,0.24247204004326434,1.8058961629867554,6.725152969360352
792,K,chlTan_Cos7,0.5030702948570251,0.23907707945326578,2.2677905559539795,7.434565544128418
793,I,chlTan_Cos7,0.24416501820087433,0.31060698549265353,1.6159638166427612,4.288524627685547
794,N,chlTan_Cos7,0.14202351868152618,0.35313879528023817,1.4363871812820435,4.34074592590332
795,Q,chlTan_Cos7,0.09966262429952621,0.37611743713515466,2.1897895336151123,4.7665114402771
796,L,chlTan_Cos7,0.1572805792093277,0.34583633149681003,3.5868120193481445,10.52324104309082
797,S,chlTan_Cos7,0.059591058641672134,0.40357173009208297,1.3922929763793945,4.78065299987793
798,E,chlTan_Cos7,0.13641296327114105,0.3559366891189932,3.3171920776367188,8.147903442382812
799,L,chlTan_Cos7,0.22917552292346954,0.3160679203879896,3.2040622234344482,10.412540435791016
800,A,chlTan_Cos7,0.11996261775493622,0.36453751856408334,1.2699568271636963,3.293461561203003
801,D,chlTan_Cos7,1.7134953737258911,0.09526624548159292,1.9406232833862305,3.961421012878418
802,P,chlTan_Cos7,0.09911399334669113,0.3764477391867046,2.0582761764526367,5.50127649307251
803,L,chlTan_Cos7,0.11211173236370087,0.36887632445395696,3.6104507446289062,10.663488388061523
804,K,chlTan_Cos7,0.18094326555728912,0.3352819315727532,2.080937147140503,6.679849624633789
805,D,chlTan_Cos7,0.1700807362794876,0.3400200323848001,1.3083466291427612,3.288975715637207
806,E,chlTan_Cos7,0.13384424149990082,0.35723951406955384,4.08828592300415,11.673741340637207
807,L,chlTan_Cos7,0.21951909363269806,0.31970329470726266,3.8170928955078125,12.976123809814453
808,N,chlTan_Cos7,0.10531707108020782,0.372769951910117,0.9995443224906921,2.929030179977417
809,L,chlTan_Cos7,0.12460237741470337,0.36204773652709543,3.7168731689453125,10.80111026763916
810,A,chlTan_Cos7,0.0941937118768692,0.3794559611005039,1.4102340936660767,4.763815402984619
811,D,chlTan_Cos7,0.17147080600261688,0.3394039751678869,1.0516386032104492,2.6801748275756836
812,S,chlTan_Cos7,0.21087148785591125,0.3230425983401341,2.090611696243286,7.232901573181152
813,E,chlTan_Cos7,0.13384424149990082,0.35723951406955384,4.08828592300415,11.673741340637207
814,V,chlTan_Cos7,0.10952644050121307,0.37034196094787103,1.237399935722351,3.222733736038208
815,D,chlTan_Cos7,0.1700807362794876,0.3400200323848001,1.3083466291427612,3.288975715637207
816,N,chlTan_Cos7,0.22272183001041412,0.31848690030850035,1.5633751153945923,3.967582941055298
817,Q,chlTan_Cos7,0.09966262429952621,0.37611743713515466,2.1897895336151123,4.7665114402771
818,K,chlTan_Cos7,0.5030702948570251,0.23907707945326578,2.2677905559539795,7.434565544128418
819,R,chlTan_Cos7,0.05161421000957489,0.41013893091494547,1.6800824403762817,5.452073097229004
820,G,chlTan_Cos7,0.15362486243247986,0.34754755076992266,2.7420766353607178,6.112197399139404
821,K,chlTan_Cos7,0.5030702948570251,0.23907707945326578,2.2677905559539795,7.434565544128418
822,R,chlTan_Cos7,0.05161421000957489,0.41013893091494547,1.6800824403762817,5.452073097229004
823,H,chlTan_Cos7,0.11120684444904327,0.36938716091225327,1.1743667125701904,2.9687438011169434
824,Y,chlTan_Cos7,0.05201229080557823,0.4097990078738435,2.6962106227874756,5.997811794281006
825,E,chlTan_Cos7,0.13384424149990082,0.35723951406955384,4.08828592300415,11.673741340637207
826,E,chlTan_Cos7,0.13384424149990082,0.35723951406955384,4.08828592300415,11.673741340637207
827,K,chlTan_Cos7,0.5030702948570251,0.23907707945326578,2.2677905559539795,7.434565544128418
828,Q,chlTan_Cos7,0.09005292505025864,0.3820549415849109,2.159605026245117,4.574453353881836
829,K,chlTan_Cos7,0.5030702948570251,0.23907707945326578,2.2677905559539795,7.434565544128418
830,E,chlTan_Cos7,0.14044472575187683,0.35391964721794944,4.128678321838379,11.47969913482666
831,H,chlTan_Cos7,0.2821449339389801,0.2976493925746011,1.9693456888198853,4.419992923736572
832,L,chlTan_Cos7,0.7781771421432495,0.18884960744481982,2.115802049636841,6.374819755554199
833,H,chlTan_Cos7,0.5352556705474854,0.2322028043574874,0.5761427879333496,1.5783038139343262
834,T,chlTan_Cos7,0.05014493688941002,0.41140563224279775,1.406511664390564,4.295187473297119
835,L,chlTan_Cos7,0.21951909363269806,0.31970329470726266,3.8170928955078125,12.976123809814453
836,N,chlTan_Cos7,0.14202351868152618,0.35313879528023817,1.4363871812820435,4.34074592590332
837,K,chlTan_Cos7,0.5030702948570251,0.23907707945326578,2.2677905559539795,7.434565544128418
838,K,chlTan_Cos7,0.18094326555728912,0.3352819315727532,2.080937147140503,6.679849624633789
839,K,chlTan_Cos7,0.5030702948570251,0.23907707945326578,2.2677905559539795,7.434565544128418
840,R,chlTan_Cos7,0.05161421000957489,0.41013893091494547,1.6800824403762817,5.452073097229004
841,E,chlTan_Cos7,0.13384424149990082,0.35723951406955384,4.08828592300415,11.673741340637207
842,L,chlTan_Cos7,0.12660053372383118,0.36099154683748935,3.5721781253814697,10.9111909866333
843,D,chlTan_Cos7,0.1700807362794876,0.3400200323848001,1.3083466291427612,3.288975715637207
844,M,chlTan_Cos7,0.01416857447475195,0.4526250726333885,1.0992592573165894,3.0598785877227783
845,K,chlTan_Cos7,0.5030702948570251,0.23907707945326578,2.2677905559539795,7.434565544128418
846,E,chlTan_Cos7,0.13641296327114105,0.3559366891189932,3.3171920776367188,8.147903442382812
847,K,chlTan_Cos7,0.7639135122299194,0.19105328355939266,2.7438864707946777,9.094282150268555
848,E,chlTan_Cos7,0.13384424149990082,0.35723951406955384,4.08828592300415,11.673741340637207
849,L,chlTan_Cos7,0.22917552292346954,0.3160679203879896,3.2040622234344482,10.412540435791016
850,E,chlTan_Cos7,0.301400363445282,0.2915029238407872,1.9230161905288696,4.534721851348877
851,E,chlTan_Cos7,0.6275970339775085,0.21411905497847444,2.4870598316192627,6.475381851196289
852,K,chlTan_Cos7,0.5030702948570251,0.23907707945326578,2.2677905559539795,7.434565544128418
853,M,chlTan_Cos7,0.01416857447475195,0.4526250726333885,1.0992592573165894,3.0598785877227783
854,S,chlTan_Cos7,0.23533092439174652,0.3137994473966334,1.3987321853637695,4.852845668792725
855,Q,chlTan_Cos7,0.09966262429952621,0.37611743713515466,2.1897895336151123,4.7665114402771
856,A,chlTan_Cos7,0.4254024922847748,0.25712677082882707,2.047212839126587,4.8028411865234375
857,R,chlTan_Cos7,0.07093781977891922,0.3949880891077345,1.0832105875015259,3.60310697555542
858,Q,chlTan_Cos7,0.09762271493673325,0.3773506690462358,2.247316360473633,4.555047988891602
859,I,chlTan_Cos7,0.2672094702720642,0.3026049278421346,1.5570818185806274,3.832516670227051
860,C,chlTan_Cos7,0.11520708352327347,0.36714604063351824,4.743992328643799,8.804548263549805
861,P,chlTan_Cos7,0.07063507288694382,0.3952071747349648,2.1116390228271484,6.102936744689941
862,E,chlTan_Cos7,0.13641296327114105,0.3559366891189932,3.3171920776367188,8.147903442382812
863,R,chlTan_Cos7,0.0653875321149826,0.39908744082305986,1.2046374082565308,4.0266923904418945
864,I,chlTan_Cos7,0.6002556681632996,0.21924024686053134,1.737093448638916,5.578696250915527
865,E,chlTan_Cos7,0.13384424149990082,0.35723951406955384,4.08828592300415,11.673741340637207
866,V,chlTan_Cos7,0.6284440755844116,0.21396330607702668,1.9433350563049316,5.602860927581787
867,E,chlTan_Cos7,0.13384424149990082,0.35723951406955384,4.08828592300415,11.673741340637207
868,K,chlTan_Cos7,0.5030702948570251,0.23907707945326578,2.2677905559539795,7.434565544128418
869,S,chlTan_Cos7,0.20830421149730682,0.324049902362364,2.252894163131714,7.299965858459473
870,A,chlTan_Cos7,0.4254024922847748,0.25712677082882707,2.047212839126587,4.8028411865234375
871,S,chlTan_Cos7,0.13927637040615082,0.3545007301465853,2.1671500205993652,6.250269412994385
872,I,chlTan_Cos7,0.597032368183136,0.21985627871916613,0.6572893261909485,2.292004108428955
873,L,chlTan_Cos7,0.12660053372383118,0.36099154683748935,3.5721781253814697,10.9111909866333
874,D,chlTan_Cos7,1.7134953737258911,0.09526624548159292,1.9406232833862305,3.961421012878418
875,K,chlTan_Cos7,0.5030702948570251,0.23907707945326578,2.2677905559539795,7.434565544128418
876,E,chlTan_Cos7,0.13384424149990082,0.35723951406955384,4.08828592300415,11.673741340637207
877,I,chlTan_Cos7,0.24416501820087433,0.31060698549265353,1.6159638166427612,4.288524627685547
878,N,chlTan_Cos7,0.8084537386894226,0.18428889926867115,1.0896672010421753,3.978957414627075
879,R,chlTan_Cos7,0.05161421000957489,0.41013893091494547,1.6800824403762817,5.452073097229004
880,L,chlTan_Cos7,0.21951909363269806,0.31970329470726266,3.8170928955078125,12.976123809814453
881,R,chlTan_Cos7,0.044471558183431625,0.41648936033013584,1.590306282043457,5.748154640197754
882,Q,chlTan_Cos7,0.1147589236497879,0.3673949425240999,2.3127684593200684,5.371876239776611
883,K,chlTan_Cos7,0.3730928301811218,0.27066160924417504,1.3901677131652832,3.828904390335083
884,I,chlTan_Cos7,0.6002556681632996,0.21924024686053134,1.737093448638916,5.578696250915527
885,Q,chlTan_Cos7,0.19822829961776733,0.32807736403069726,2.7884480953216553,6.380636692047119
886,A,chlTan_Cos7,0.4254024922847748,0.25712677082882707,2.047212839126587,4.8028411865234375
887,E,chlTan_Cos7,0.13384424149990082,0.35723951406955384,4.08828592300415,11.673741340637207
888,H,chlTan_Cos7,0.11120684444904327,0.36938716091225327,1.1743667125701904,2.9687438011169434
889,A,chlTan_Cos7,0.20449185371398926,0.3255596609731134,1.7415642738342285,5.654973030090332
890,S,chlTan_Cos7,0.303428053855896,0.290870638719797,1.3790392875671387,3.3870620727539062
891,H,chlTan_Cos7,0.11120684444904327,0.36938716091225327,1.1743667125701904,2.9687438011169434
892,G,chlTan_Cos7,0.13820314407348633,0.3550369524352519,1.6086716651916504,4.0099358558654785
893,D,chlTan_Cos7,0.1700807362794876,0.3400200323848001,1.3083466291427612,3.288975715637207
894,R,chlTan_Cos7,0.05161421000957489,0.41013893091494547,1.6800824403762817,5.452073097229004
895,E,chlTan_Cos7,0.13641296327114105,0.3559366891189932,3.3171920776367188,8.147903442382812
896,E,chlTan_Cos7,0.13384424149990082,0.35723951406955384,4.08828592300415,11.673741340637207
897,I,chlTan_Cos7,0.6002556681632996,0.21924024686053134,1.737093448638916,5.578696250915527
898,M,chlTan_Cos7,0.01416857447475195,0.4526250726333885,1.0992592573165894,3.0598785877227783
899,R,chlTan_Cos7,0.039805877953767776,0.4209303056131808,1.7090154886245728,5.79440450668335
900,Q,chlTan_Cos7,0.19822829961776733,0.32807736403069726,2.7884480953216553,6.380636692047119
901,Y,chlTan_Cos7,0.08381427824497223,0.3860967283467315,2.3076069355010986,5.591024875640869
902,Q,chlTan_Cos7,0.09966262429952621,0.37611743713515466,2.1897895336151123,4.7665114402771
903,E,chlTan_Cos7,0.13384424149990082,0.35723951406955384,4.08828592300415,11.673741340637207
904,A,chlTan_Cos7,0.4254024922847748,0.25712677082882707,2.047212839126587,4.8028411865234375
905,R,chlTan_Cos7,0.07093781977891922,0.3949880891077345,1.0832105875015259,3.60310697555542
906,E,chlTan_Cos7,0.13641296327114105,0.3559366891189932,3.3171920776367188,8.147903442382812
907,T,chlTan_Cos7,0.05014493688941002,0.41140563224279775,1.406511664390564,4.295187473297119
908,Y,chlTan_Cos7,0.05201229080557823,0.4097990078738435,2.6962106227874756,5.997811794281006
909,L,chlTan_Cos7,0.12460237741470337,0.36204773652709543,3.7168731689453125,10.80111026763916
910,D,chlTan_Cos7,0.1700807362794876,0.3400200323848001,1.3083466291427612,3.288975715637207
911,L,chlTan_Cos7,0.20974914729595184,0.32348204541685427,3.928039073944092,11.506441116333008
912,D,chlTan_Cos7,0.1700807362794876,0.3400200323848001,1.3083466291427612,3.288975715637207
913,N,chlTan_Cos7,1.1350497007369995,0.14335039301948363,0.5644834637641907,1.5445071458816528
914,K,chlTan_Cos7,0.5030702948570251,0.23907707945326578,2.2677905559539795,7.434565544128418
915,V,chlTan_Cos7,0.2621699273586273,0.30431664483914606,1.3889691829681396,3.732860565185547
916,R,chlTan_Cos7,0.039805877953767776,0.4209303056131808,1.7090154886245728,5.79440450668335
917,T,chlTan_Cos7,0.03865371271967888,0.4220681429837035,1.2869248390197754,4.137179374694824
918,L,chlTan_Cos7,0.21951909363269806,0.31970329470726266,3.8170928955078125,12.976123809814453
919,K,chlTan_Cos7,0.5030702948570251,0.23907707945326578,2.2677905559539795,7.434565544128418
920,K,chlTan_Cos7,0.18094326555728912,0.3352819315727532,2.080937147140503,6.679849624633789
921,F,chlTan_Cos7,0.05143173784017563,0.4102952054979659,3.0728254318237305,9.530101776123047
922,I,chlTan_Cos7,0.24416501820087433,0.31060698549265353,1.6159638166427612,4.288524627685547
923,K,chlTan_Cos7,0.5030702948570251,0.23907707945326578,2.2677905559539795,7.434565544128418
924,L,chlTan_Cos7,0.21951909363269806,0.31970329470726266,3.8170928955078125,12.976123809814453
925,L,chlTan_Cos7,0.1264839917421341,0.3610528900308104,3.2594594955444336,10.707441329956055
926,G,chlTan_Cos7,0.13820314407348633,0.3550369524352519,1.6086716651916504,4.0099358558654785
927,E,chlTan_Cos7,0.13384424149990082,0.35723951406955384,4.08828592300415,11.673741340637207
928,I,chlTan_Cos7,0.2672094702720642,0.3026049278421346,1.5570818185806274,3.832516670227051
929,M,chlTan_Cos7,0.01416857447475195,0.4526250726333885,1.0992592573165894,3.0598785877227783
930,D,chlTan_Cos7,4.068105220794678,0.02185013392230341,0.5697605013847351,1.533423900604248
931,H,chlTan_Cos7,0.2821449339389801,0.2976493925746011,1.9693456888198853,4.419992923736572
932,R,chlTan_Cos7,0.07093781977891922,0.3949880891077345,1.0832105875015259,3.60310697555542
933,F,chlTan_Cos7,0.05568138137459755,0.4067283524856818,2.5457327365875244,7.694180011749268
934,K,chlTan_Cos7,0.9510067105293274,0.1647315900702665,2.7658565044403076,9.74394416809082
935,T,chlTan_Cos7,0.05196274816989899,0.4098412378363502,1.4422707557678223,4.267279624938965
936,Y,chlTan_Cos7,0.023610908538103104,0.4389395376037288,1.704533576965332,4.120102882385254
937,Q,chlTan_Cos7,0.09006118029356003,0.382049695981628,2.159653902053833,4.574230670928955
938,Q,chlTan_Cos7,0.09966262429952621,0.37611743713515466,2.1897895336151123,4.7665114402771
939,F,chlTan_Cos7,0.05143173784017563,0.4102952054979659,3.0728254318237305,9.530101776123047
940,R,chlTan_Cos7,0.07093781977891922,0.3949880891077345,1.0832105875015259,3.60310697555542
941,R,chlTan_Cos7,0.039805877953767776,0.4209303056131808,1.7090154886245728,5.79440450668335
942,C,chlTan_Cos7,0.030501628294587135,0.4306784473282091,1.9589157104492188,4.122984409332275
943,L,chlTan_Cos7,0.20317547023296356,0.3260849076023603,4.405862331390381,12.9570951461792
944,T,chlTan_Cos7,0.03865371271967888,0.4220681429837035,1.2869248390197754,4.137179374694824
945,L,chlTan_Cos7,0.21951909363269806,0.31970329470726266,3.8170928955078125,12.976123809814453
946,R,chlTan_Cos7,0.05293682590126991,0.40901478639188293,1.2345407009124756,3.9151015281677246
947,C,chlTan_Cos7,0.11520708352327347,0.36714604063351824,4.743992328643799,8.804548263549805
948,K,chlTan_Cos7,0.5030702948570251,0.23907707945326578,2.2677905559539795,7.434565544128418
949,L,chlTan_Cos7,0.07468841969966888,0.3923144508135098,2.9010491371154785,9.82326889038086
950,Y,chlTan_Cos7,0.08381427824497223,0.3860967283467315,2.3076069355010986,5.591024875640869
951,F,chlTan_Cos7,0.05143173784017563,0.4102952054979659,3.0728254318237305,9.530101776123047
952,D,chlTan_Cos7,1.7134953737258911,0.09526624548159292,1.9406232833862305,3.961421012878418
953,N,chlTan_Cos7,0.22272183001041412,0.31848690030850035,1.5633751153945923,3.967582941055298
954,L,chlTan_Cos7,0.21951909363269806,0.31970329470726266,3.8170928955078125,12.976123809814453
955,L,chlTan_Cos7,0.06862717866897583,0.3966730965648983,2.8453221321105957,9.416969299316406
956,S,chlTan_Cos7,0.1567777842283249,0.34607031353593787,2.2383408546447754,8.187111854553223
957,Q,chlTan_Cos7,0.19822829961776733,0.32807736403069726,2.7884480953216553,6.380636692047119
958,R,chlTan_Cos7,0.06074368953704834,0.40266217333410537,1.5781288146972656,5.9440741539001465
959,A,chlTan_Cos7,0.361870676279068,0.27373457046791577,2.6192378997802734,6.650882244110107
960,Y,chlTan_Cos7,0.05201229080557823,0.4097990078738435,2.6962106227874756,5.997811794281006
961,C,chlTan_Cos7,0.030501628294587135,0.4306784473282091,1.9589157104492188,4.122984409332275
962,G,chlTan_Cos7,0.13820314407348633,0.3550369524352519,1.6086716651916504,4.0099358558654785
963,K,chlTan_Cos7,0.5030702948570251,0.23907707945326578,2.2677905559539795,7.434565544128418
964,M,chlTan_Cos7,0.01416857447475195,0.4526250726333885,1.0992592573165894,3.0598785877227783
965,N,chlTan_Cos7,0.14202351868152618,0.35313879528023817,1.4363871812820435,4.34074592590332
966,F,chlTan_Cos7,0.05143173784017563,0.4102952054979659,3.0728254318237305,9.530101776123047
967,D,chlTan_Cos7,0.5889347195625305,0.22141567597167267,1.2879852056503296,3.3666038513183594
968,H,chlTan_Cos7,0.2821449339389801,0.2976493925746011,1.9693456888198853,4.419992923736572
969,K,chlTan_Cos7,0.18094326555728912,0.3352819315727532,2.080937147140503,6.679849624633789
970,N,chlTan_Cos7,0.14202351868152618,0.35313879528023817,1.4363871812820435,4.34074592590332
971,E,chlTan_Cos7,0.13384424149990082,0.35723951406955384,4.08828592300415,11.673741340637207
972,T,chlTan_Cos7,0.018903417512774467,0.44532186695404574,1.079416036605835,3.4481589794158936
973,L,chlTan_Cos7,0.22917552292346954,0.3160679203879896,3.2040622234344482,10.412540435791016
974,S,chlTan_Cos7,0.303428053855896,0.290870638719797,1.3790392875671387,3.3870620727539062
975,I,chlTan_Cos7,0.6002556681632996,0.21924024686053134,1.737093448638916,5.578696250915527
976,S,chlTan_Cos7,0.07436069846153259,0.39254515337848894,1.8217101097106934,6.173629283905029
977,V,chlTan_Cos7,0.46003320813179016,0.24880422686113113,2.8155486583709717,9.103076934814453
978,Q,chlTan_Cos7,0.19822829961776733,0.32807736403069726,2.7884480953216553,6.380636692047119
979,P,chlTan_Cos7,0.21065275371074677,0.3231281313937867,2.05229115486145,5.812902450561523
980,G,chlTan_Cos7,0.13820314407348633,0.3550369524352519,1.6086716651916504,4.0099358558654785
981,E,chlTan_Cos7,0.13384424149990082,0.35723951406955384,4.08828592300415,11.673741340637207
982,G,chlTan_Cos7,0.13820314407348633,0.3550369524352519,1.6086716651916504,4.0099358558654785
983,N,chlTan_Cos7,0.09292054921388626,0.38024830281732297,0.9802524447441101,2.9576256275177
984,K,chlTan_Cos7,0.5030702948570251,0.23907707945326578,2.2677905559539795,7.434565544128418
985,A,chlTan_Cos7,0.30777689814567566,0.28952379206083,1.21930992603302,4.014989852905273
986,A,chlTan_Cos7,0.12677402794361115,0.36090028508436733,1.4016923904418945,4.820393085479736
987,F,chlTan_Cos7,0.05568138137459755,0.4067283524856818,2.5457327365875244,7.694180011749268
988,N,chlTan_Cos7,0.821723997592926,0.18233829560619497,0.7492254972457886,2.1380374431610107
989,D,chlTan_Cos7,0.4546188414096832,0.2500748311303921,1.0848695039749146,2.978433132171631
990,M,chlTan_Cos7,0.01416857447475195,0.4526250726333885,1.0992592573165894,3.0598785877227783
991,R,chlTan_Cos7,0.07093781977891922,0.3949880891077345,1.0832105875015259,3.60310697555542
992,A,chlTan_Cos7,0.6732079982757568,0.2059676918529525,2.8084840774536133,6.980598449707031
993,L,chlTan_Cos7,0.21184790134429932,0.3226614386947347,4.359960556030273,12.956788063049316
994,S,chlTan_Cos7,0.20830421149730682,0.324049902362364,2.252894163131714,7.299965858459473
995,G,chlTan_Cos7,0.13820314407348633,0.3550369524352519,1.6086716651916504,4.0099358558654785
996,G,chlTan_Cos7,0.19040676951408386,0.3312891411234839,1.8415803909301758,3.9757351875305176
997,E,chlTan_Cos7,0.13384424149990082,0.35723951406955384,4.08828592300415,11.673741340637207
998,R,chlTan_Cos7,0.08445585519075394,0.3856736980851091,1.2725226879119873,3.988952159881592
999,S,chlTan_Cos7,0.10474369674921036,0.3731048049271444,2.059405565261841,7.964783191680908
1000,F,chlTan_Cos7,0.05568138137459755,0.4067283524856818,2.5457327365875244,7.694180011749268
1001,S,chlTan_Cos7,0.372789204120636,0.270743912295773,2.8956081867218018,9.426423072814941
1002,T,chlTan_Cos7,0.050281863659620285,0.41128676696167144,1.2524532079696655,3.473992109298706
1003,V,chlTan_Cos7,0.12098043411970139,0.3639867764522272,2.042587995529175,5.207888603210449
1004,C,chlTan_Cos7,0.030501628294587135,0.4306784473282091,1.9589157104492188,4.122984409332275
1005,F,chlTan_Cos7,0.05143173784017563,0.4102952054979659,3.0728254318237305,9.530101776123047
1006,I,chlTan_Cos7,0.24416501820087433,0.31060698549265353,1.6159638166427612,4.288524627685547
1007,L,chlTan_Cos7,0.12460237741470337,0.36204773652709543,3.7168731689453125,10.80111026763916
1008,S,chlTan_Cos7,0.2838892340660095,0.29708166602523445,2.51412034034729,8.731164932250977
1009,L,chlTan_Cos7,0.053369905799627304,0.40864991355108926,2.5541622638702393,7.792856693267822
1010,W,chlTan_Cos7,0.1432698518037796,0.35252586768807737,1.775127649307251,4.0093793869018555
1011,S,chlTan_Cos7,0.372789204120636,0.270743912295773,2.8956081867218018,9.426423072814941
1012,I,chlTan_Cos7,0.2672094702720642,0.3026049278421346,1.5570818185806274,3.832516670227051
1013,A,chlTan_Cos7,0.05041684955358505,0.41116975281452556,0.885510265827179,2.6386938095092773
1014,E,chlTan_Cos7,0.13384424149990082,0.35723951406955384,4.08828592300415,11.673741340637207
1015,S,chlTan_Cos7,0.1479431688785553,0.35025436995746906,2.214517116546631,8.062015533447266
1016,P,chlTan_Cos7,0.21065275371074677,0.3231281313937867,2.05229115486145,5.812902450561523
1017,F,chlTan_Cos7,0.05568138137459755,0.4067283524856818,2.5457327365875244,7.694180011749268
1018,R,chlTan_Cos7,0.07093781977891922,0.3949880891077345,1.0832105875015259,3.60310697555542
1019,C,chlTan_Cos7,0.11520708352327347,0.36714604063351824,4.743992328643799,8.804548263549805
1020,L,chlTan_Cos7,0.12660053372383118,0.36099154683748935,3.5721781253814697,10.9111909866333
1021,D,chlTan_Cos7,0.1700807362794876,0.3400200323848001,1.3083466291427612,3.288975715637207
1022,E,chlTan_Cos7,0.12221846729516983,0.3633203640225654,3.268078565597534,8.40498161315918
1023,F,chlTan_Cos7,0.05143173784017563,0.4102952054979659,3.0728254318237305,9.530101776123047
1024,D,chlTan_Cos7,0.1700807362794876,0.3400200323848001,1.3083466291427612,3.288975715637207
1025,V,chlTan_Cos7,0.479362815618515,0.24435553839471702,2.091806173324585,5.786595344543457
1026,Y,chlTan_Cos7,0.08381427824497223,0.3860967283467315,2.3076069355010986,5.591024875640869
1027,M,chlTan_Cos7,0.01416857447475195,0.4526250726333885,1.0992592573165894,3.0598785877227783
1028,D,chlTan_Cos7,0.1700807362794876,0.3400200323848001,1.3083466291427612,3.288975715637207
1029,M,chlTan_Cos7,0.01416857447475195,0.4526250726333885,1.0992592573165894,3.0598785877227783
1030,V,chlTan_Cos7,0.46003320813179016,0.24880422686113113,2.8155486583709717,9.103076934814453
1031,N,chlTan_Cos7,0.08693953603506088,0.38405228248406,0.8697242736816406,2.6682040691375732
1032,R,chlTan_Cos7,0.039805877953767776,0.4209303056131808,1.7090154886245728,5.79440450668335
1033,R,chlTan_Cos7,0.07093781977891922,0.3949880891077345,1.0832105875015259,3.60310697555542
1034,I,chlTan_Cos7,0.14428755640983582,0.3520276328072305,1.1674045324325562,3.054597854614258
1035,A,chlTan_Cos7,0.6732079982757568,0.2059676918529525,2.8084840774536133,6.980598449707031
1036,M,chlTan_Cos7,0.01416857447475195,0.4526250726333885,1.0992592573165894,3.0598785877227783
1037,D,chlTan_Cos7,1.7134953737258911,0.09526624548159292,1.9406232833862305,3.961421012878418
1038,L,chlTan_Cos7,0.20317547023296356,0.3260849076023603,4.405862331390381,12.9570951461792
1039,I,chlTan_Cos7,0.33230429887771606,0.2821526867015356,1.1699473857879639,3.3885226249694824
1040,L,chlTan_Cos7,0.050528936088085175,0.4110727142343679,3.0265071392059326,8.833451271057129
1041,K,chlTan_Cos7,0.18094326555728912,0.3352819315727532,2.080937147140503,6.679849624633789
1042,M,chlTan_Cos7,0.01416857447475195,0.4526250726333885,1.0992592573165894,3.0598785877227783
1043,A,chlTan_Cos7,0.2832494378089905,0.2972896433163059,2.0277299880981445,4.543499946594238
1044,D,chlTan_Cos7,0.1700807362794876,0.3400200323848001,1.3083466291427612,3.288975715637207
1045,S,chlTan_Cos7,0.372789204120636,0.270743912295773,2.8956081867218018,9.426423072814941
1046,Q,chlTan_Cos7,0.19822829961776733,0.32807736403069726,2.7884480953216553,6.380636692047119
1047,R,chlTan_Cos7,0.08452685922384262,0.3856269880826948,1.2725907564163208,3.982346773147583
1048,F,chlTan_Cos7,0.05143173784017563,0.4102952054979659,3.0728254318237305,9.530101776123047
1049,R,chlTan_Cos7,0.07093781977891922,0.3949880891077345,1.0832105875015259,3.60310697555542
1050,Q,chlTan_Cos7,0.19822829961776733,0.32807736403069726,2.7884480953216553,6.380636692047119
1051,F,chlTan_Cos7,0.05143173784017563,0.4102952054979659,3.0728254318237305,9.530101776123047
1052,I,chlTan_Cos7,0.2672094702720642,0.3026049278421346,1.5570818185806274,3.832516670227051
1053,L,chlTan_Cos7,0.05326404795050621,0.40873895511892955,2.5842952728271484,9.04215145111084
1054,L,chlTan_Cos7,0.07777965813875198,0.39016460360429017,3.0773613452911377,9.360810279846191
1055,T,chlTan_Cos7,0.05196274816989899,0.4098412378363502,1.4422707557678223,4.267279624938965
1056,P,chlTan_Cos7,0.21065275371074677,0.3231281313937867,2.05229115486145,5.812902450561523
1057,Q,chlTan_Cos7,0.08984975516796112,0.3821841238717826,2.158743143081665,4.572961807250977
1058,S,chlTan_Cos7,0.5358632802963257,0.23207609586829336,1.1008036136627197,3.5181775093078613
1059,M,chlTan_Cos7,0.01416857447475195,0.4526250726333885,1.0992592573165894,3.0598785877227783
1060,S,chlTan_Cos7,0.303428053855896,0.290870638719797,1.3790392875671387,3.3870620727539062
1061,S,chlTan_Cos7,0.13927637040615082,0.3545007301465853,2.1671500205993652,6.250269412994385
1062,L,chlTan_Cos7,0.12460237741470337,0.36204773652709543,3.7168731689453125,10.80111026763916
1063,P,chlTan_Cos7,0.048659179359674454,0.41270652249412343,1.7833789587020874,5.51987361907959
1064,S,chlTan_Cos7,0.10741311311721802,0.3715543558715929,1.9805954694747925,7.085650444030762
1065,S,chlTan_Cos7,0.303428053855896,0.290870638719797,1.3790392875671387,3.3870620727539062
1066,K,chlTan_Cos7,0.5030702948570251,0.23907707945326578,2.2677905559539795,7.434565544128418
1067,L,chlTan_Cos7,0.22835789620876312,0.31637205291698384,3.9802849292755127,11.727384567260742
1068,I,chlTan_Cos7,0.6002556681632996,0.21924024686053134,1.737093448638916,5.578696250915527
1069,R,chlTan_Cos7,0.07093781977891922,0.3949880891077345,1.0832105875015259,3.60310697555542
1070,I,chlTan_Cos7,0.24416501820087433,0.31060698549265353,1.6159638166427612,4.288524627685547
1071,L,chlTan_Cos7,0.22054551541805267,0.3193122885078435,3.012129068374634,9.170615196228027
1072,R,chlTan_Cos7,0.05161421000957489,0.41013893091494547,1.6800824403762817,5.452073097229004
1073,M,chlTan_Cos7,0.01416857447475195,0.4526250726333885,1.0992592573165894,3.0598785877227783
1074,S,chlTan_Cos7,0.17326544225215912,0.33861293156907385,2.254631519317627,8.183904647827148
1075,D,chlTan_Cos7,0.1700807362794876,0.3400200323848001,1.3083466291427612,3.288975715637207
1076,P,chlTan_Cos7,0.15060573816299438,0.3489785820339734,1.5056283473968506,4.454131126403809
1077,E,chlTan_Cos7,0.13384424149990082,0.35723951406955384,4.08828592300415,11.673741340637207
1078,R,chlTan_Cos7,0.07093781977891922,0.3949880891077345,1.0832105875015259,3.60310697555542
1079,G,chlTan_Cos7,0.13820314407348633,0.3550369524352519,1.6086716651916504,4.0099358558654785
1080,Q,chlTan_Cos7,0.09966262429952621,0.37611743713515466,2.1897895336151123,4.7665114402771
1081,T,chlTan_Cos7,0.018888352438807487,0.4453435222707526,1.0790435075759888,3.4469492435455322
1082,T,chlTan_Cos7,0.05172676220536232,0.41004268268934274,1.3778295516967773,3.71140193939209
1083,L,chlTan_Cos7,0.20317547023296356,0.3260849076023603,4.405862331390381,12.9570951461792
1084,P,chlTan_Cos7,0.21065275371074677,0.3231281313937867,2.05229115486145,5.812902450561523
1085,F,chlTan_Cos7,0.05568138137459755,0.4067283524856818,2.5457327365875244,7.694180011749268
1086,R,chlTan_Cos7,0.07093781977891922,0.3949880891077345,1.0832105875015259,3.60310697555542
1087,P,chlTan_Cos7,0.21065275371074677,0.3231281313937867,2.05229115486145,5.812902450561523
1088,V,chlTan_Cos7,0.12098043411970139,0.3639867764522272,2.042587995529175,5.207888603210449
1089,T,chlTan_Cos7,0.03865371644496918,0.4220681392764607,1.2869248390197754,4.137179374694824
1090,Q,chlTan_Cos7,0.09966263920068741,0.37611742817753663,2.1897895336151123,4.7665114402771
1091,E,chlTan_Cos7,0.13384424149990082,0.35723951406955384,4.08828592300415,11.673741340637207
1092,E,chlTan_Cos7,0.14135374128818512,0.35346945104096095,4.087296962738037,11.206695556640625
1093,E,chlTan_Cos7,0.1179245114326477,0.365648258749127,0.8367951512336731,2.8420941829681396
1094,D,chlTan_Cos7,0.17008076608181,0.3400200191453475,1.3083466291427612,3.288975715637207
1095,D,chlTan_Cos7,1.7134953737258911,0.09526624548159292,1.9406232833862305,3.961421012878418
1096,Q,chlTan_Cos7,2.7210817337036133,0.049515440529710984,1.3182669878005981,4.249289035797119
1097,S,chlTan_Cos7,0.5904603600502014,0.22112057777125327,0.4520951807498932,1.698613166809082
